{
  "repository_origin_url": "https://github.com/dotnet/efcore",
  "commit_id": "df04ad836d69fb9332ad8b211420a8555fac2c32",
  "commit_date": "Sun, 8 Mar 2020 11:50:04 -0700",
  "commit_message": "Partial Fix for 6674. Allow inline configuration of Navigations as they are created (#20195)\nPartial Fix for 6674.\nUpdated methods for all HasOne-WithMany, HasMany-WithOne and HasOne-WithOne. Generic and non-generic.\n",
  "conflict_file_id": 100,
  "filename": "test/EFCore.Tests/ModelBuilding/ModelBuilderGenericTest.cs",
  "last_commit_on_a": "e318524378674c66bb60134d8746a9344bce3b53",
  "last_commit_on_b": "f98509f442d4b034b42d8130fff48ee0c73d20f0",
  "author_info_a": {
    "name": "lajones",
    "email": "lajones@users.noreply.github.com"
  },
  "author_info_b": {
    "name": "Smit Patel",
    "email": "smitpatel@users.noreply.github.com"
  },
  "num_conflict_regions": 10,
  "conflict_region_spans": [
    {
      "conflict_id": 1,
      "a": {
        "start": 226,
        "end": 249
      },
      "base": {
        "start": 226,
        "end": 230
      },
      "b": {
        "start": 226,
        "end": 243
      }
    },
    {
      "conflict_id": 2,
      "a": {
        "start": 303,
        "end": 345
      },
      "base": {
        "start": 284,
        "end": 284
      },
      "b": {
        "start": 297,
        "end": 336
      }
    },
    {
      "conflict_id": 3,
      "a": {
        "start": 436,
        "end": 459
      },
      "base": {
        "start": 375,
        "end": 380
      },
      "b": {
        "start": 427,
        "end": 436
      }
    },
    {
      "conflict_id": 4,
      "a": {
        "start": 473,
        "end": 489
      },
      "base": {
        "start": 394,
        "end": 396
      },
      "b": {
        "start": 450,
        "end": 459
      }
    },
    {
      "conflict_id": 5,
      "a": {
        "start": 652,
        "end": 668
      },
      "base": {
        "start": 559,
        "end": 560
      },
      "b": {
        "start": 622,
        "end": 623
      }
    },
    {
      "conflict_id": 6,
      "a": {
        "start": 669,
        "end": 689
      },
      "base": {
        "start": 561,
        "end": 563
      },
      "b": {
        "start": 624,
        "end": 659
      }
    },
    {
      "conflict_id": 7,
      "a": {
        "start": 691,
        "end": 695
      },
      "base": {
        "start": 565,
        "end": 566
      },
      "b": {
        "start": 661,
        "end": 662
      }
    },
    {
      "conflict_id": 8,
      "a": {
        "start": 696,
        "end": 699
      },
      "base": {
        "start": 567,
        "end": 569
      },
      "b": {
        "start": 663,
        "end": 665
      }
    },
    {
      "conflict_id": 9,
      "a": {
        "start": 700,
        "end": 702
      },
      "base": {
        "start": 570,
        "end": 572
      },
      "b": {
        "start": 666,
        "end": 669
      }
    },
    {
      "conflict_id": 10,
      "a": {
        "start": 703,
        "end": 706
      },
      "base": {
        "start": 573,
        "end": 576
      },
      "b": {
        "start": 670,
        "end": 676
      }
    }
  ]
}