{
  "repository_origin_url": "https://github.com/dotnet/efcore",
  "commit_id": "df04ad836d69fb9332ad8b211420a8555fac2c32",
  "commit_date": "Sun, 8 Mar 2020 11:50:04 -0700",
  "commit_message": "Partial Fix for 6674. Allow inline configuration of Navigations as they are created (#20195)\nPartial Fix for 6674.\nUpdated methods for all HasOne-WithMany, HasMany-WithOne and HasOne-WithOne. Generic and non-generic.\n",
  "conflict_file_id": 101,
  "filename": "test/EFCore.Tests/ApiConsistencyTest.cs",
  "last_commit_on_a": "e318524378674c66bb60134d8746a9344bce3b53",
  "last_commit_on_b": "db5ed37036e0356ba1e6d39d0b66dfa662f5a32f",
  "author_info_a": {
    "name": "lajones",
    "email": "lajones@users.noreply.github.com"
  },
  "author_info_b": {
    "name": "Rafael Almeida",
    "email": "ralms@ralms.net"
  },
  "num_conflict_regions": 1,
  "conflict_region_spans": [
    {
      "conflict_id": 1,
      "a": {
        "start": 44,
        "end": 51
      },
      "base": {
        "start": 44,
        "end": 44
      },
      "b": {
        "start": 44,
        "end": 50
      }
    }
  ]
}