{
  "repository_origin_url": "https://github.com/dotnet/efcore",
  "commit_id": "df04ad836d69fb9332ad8b211420a8555fac2c32",
  "commit_date": "Mon, 9 Mar 2020 10:27:15 -0700",
  "commit_message": "Ignore line ending differences in tests\nUse single build to run helix tests across different OS.\n\nResolves #19964\n\n",
  "conflict_file_id": 102,
  "filename": "test/EFCore.Sqlite.FunctionalTests/Query/FromSqlQuerySqliteTest.cs",
  "last_commit_on_a": "a676fae1f5844e240197228b2bddd1333b06058d",
  "last_commit_on_b": "17b1a120cd1d1550f867c706c4081185ad9e5fca",
  "author_info_a": {
    "name": "Smit Patel",
    "email": "smitpatel@users.noreply.github.com"
  },
  "author_info_b": {
    "name": "Arthur Vickers",
    "email": "ajcvickers@hotmail.com"
  },
  "num_conflict_regions": 1,
  "conflict_region_spans": [
    {
      "conflict_id": 1,
      "a": {
        "start": 17,
        "end": 49
      },
      "base": {
        "start": 17,
        "end": 17
      },
      "b": {
        "start": 17,
        "end": 49
      }
    }
  ]
}