{
  "repository_origin_url": "https://github.com/dotnet/efcore",
  "commit_id": "df04ad836d69fb9332ad8b211420a8555fac2c32",
  "commit_date": "Thu, 5 Mar 2020 17:51:09 -0800",
  "commit_message": "Add TableIndex and UniqueConstraint to the relational model.\nPart of #12846\n\n",
  "conflict_file_id": 103,
  "filename": "src/EFCore.Design/Migrations/Design/CSharpSnapshotGenerator.cs",
  "last_commit_on_a": "afe9774e569fcc50fae7a163227bc511260db708",
  "last_commit_on_b": "e2074e998754446a0eb2dc6ba9559ef4ee5148a0",
  "author_info_a": {
    "name": "AndriySvyryd",
    "email": "Andriy.Svyryd@microsoft.com"
  },
  "author_info_b": {
    "name": "AndriySvyryd",
    "email": "Andriy.Svyryd@microsoft.com"
  },
  "num_conflict_regions": 6,
  "conflict_region_spans": [
    {
      "conflict_id": 1,
      "a": {
        "start": 646,
        "end": 653
      },
      "base": {
        "start": 646,
        "end": 656
      },
      "b": {
        "start": 646,
        "end": 653
      }
    },
    {
      "conflict_id": 2,
      "a": {
        "start": 685,
        "end": 687
      },
      "base": {
        "start": 688,
        "end": 689
      },
      "b": {
        "start": 685,
        "end": 687
      }
    },
    {
      "conflict_id": 3,
      "a": {
        "start": 704,
        "end": 705
      },
      "base": {
        "start": 706,
        "end": 707
      },
      "b": {
        "start": 704,
        "end": 705
      }
    },
    {
      "conflict_id": 4,
      "a": {
        "start": 762,
        "end": 764
      },
      "base": {
        "start": 764,
        "end": 766
      },
      "b": {
        "start": 762,
        "end": 766
      }
    },
    {
      "conflict_id": 5,
      "a": {
        "start": 775,
        "end": 785
      },
      "base": {
        "start": 777,
        "end": 778
      },
      "b": {
        "start": 777,
        "end": 778
      }
    },
    {
      "conflict_id": 6,
      "a": {
        "start": 835,
        "end": 838
      },
      "base": {
        "start": 828,
        "end": 830
      },
      "b": {
        "start": 828,
        "end": 830
      }
    }
  ]
}