{
  "repository_origin_url": "https://github.com/dotnet/efcore",
  "commit_id": "8f2f0f2ad858aa1e9bdb9d7102163946d8085ef5",
  "commit_date": "Mon, 1 Jun 2020 23:27:36 +0200",
  "commit_message": "Rename savepoint APIs for better clarity/consistency\nRather than aligning with the less-than-ideal ADO.NET names\n(Save/Rollback/Release), switch to CreateSavepoint/RollbackToSavepoint/\nReleaseSavepoint.\n\n",
  "conflict_file_id": 62,
  "filename": "src/EFCore.Relational/Storage/RelationalTransaction.cs",
  "last_commit_on_a": "14f13ef6dfb0aae7e2faedfb0de604070fc5d101",
  "last_commit_on_b": "81f9ddbb6cd84bd0c519b31c08ae88f9ff5e0cf0",
  "author_info_a": {
    "name": "Shay Rojansky",
    "email": "roji@roji.org"
  },
  "author_info_b": {
    "name": "Shay Rojansky",
    "email": "roji@roji.org"
  },
  "num_conflict_regions": 2,
  "conflict_region_spans": [
    {
      "conflict_id": 1,
      "a": {
        "start": 255,
        "end": 496
      },
      "base": {
        "start": 255,
        "end": 256
      },
      "b": {
        "start": 255,
        "end": 257
      }
    },
    {
      "conflict_id": 2,
      "a": {
        "start": 543,
        "end": 545
      },
      "base": {
        "start": 303,
        "end": 304
      },
      "b": {
        "start": 304,
        "end": 305
      }
    }
  ]
}