{
  "repository_origin_url": "https://github.com/dotnet/efcore",
  "commit_id": "8f2f0f2ad858aa1e9bdb9d7102163946d8085ef5",
  "commit_date": "Sat, 6 Jun 2020 11:21:06 +0200",
  "commit_message": "Return ValueTask in loggers and interceptors (#21152)\nCloses #21109\n",
  "conflict_file_id": 63,
  "filename": "src/EFCore.Relational/Diagnostics/Internal/DbTransactionInterceptorAggregator.cs",
  "last_commit_on_a": "9f316e5b6150b4abdbd75697823eec27cef64523",
  "last_commit_on_b": "81f9ddbb6cd84bd0c519b31c08ae88f9ff5e0cf0",
  "author_info_a": {
    "name": "Shay Rojansky",
    "email": "roji@roji.org"
  },
  "author_info_b": {
    "name": "Shay Rojansky",
    "email": "roji@roji.org"
  },
  "num_conflict_regions": 1,
  "conflict_region_spans": [
    {
      "conflict_id": 1,
      "a": {
        "start": 218,
        "end": 370
      },
      "base": {
        "start": 218,
        "end": 219
      },
      "b": {
        "start": 218,
        "end": 220
      }
    }
  ]
}