{
  "repository_origin_url": "https://github.com/dotnet/efcore",
  "commit_id": "fa74390d6f1a0e16350d89c3c87a4954bbbb1ecd",
  "commit_date": "Fri, 22 May 2020 12:26:16 -0700",
  "commit_message": "Use scoped query logger from QueryContext (#21024)\nResolves #21016\n\nAll scoped services used while executing the query comes from QueryContext.\nAll scoped services on QueryCompilationContext should only be used while compiling the query and should not be made part of QueryExecutorLambda.\nSingleton services comes from QueryCompilationContext and added to the QueryExecutorLambda directly during compilation.\n",
  "conflict_file_id": 67,
  "filename": "src/EFCore.InMemory/Query/Internal/InMemoryShapedQueryCompilingExpressionVisitor.QueryingEnumerable.cs",
  "last_commit_on_a": "9b8a7d0c0e144733a5a648486d4c782085098bb0",
  "last_commit_on_b": "7b8f6fe227be37ca54fe6be3fd58cb75dea42552",
  "author_info_a": {
    "name": "Smit Patel",
    "email": "smitpatel@users.noreply.github.com"
  },
  "author_info_b": {
    "name": "Smit Patel",
    "email": "smitpatel@users.noreply.github.com"
  },
  "num_conflict_regions": 1,
  "conflict_region_spans": [
    {
      "conflict_id": 1,
      "a": {
        "start": 45,
        "end": 47
      },
      "base": {
        "start": 45,
        "end": 46
      },
      "b": {
        "start": 45,
        "end": 46
      }
    }
  ]
}