{
  "repository_origin_url": "https://github.com/dotnet/efcore",
  "commit_id": "fa74390d6f1a0e16350d89c3c87a4954bbbb1ecd",
  "commit_date": "Wed, 3 Jun 2020 00:56:33 +0200",
  "commit_message": "Add ConfigureAwait(false) (#21110)\nSet up Microsoft.CodeAnalysis.FxCopAnalyzers with only the\nConfigureAwait rule enabled.\n\nCloses #10164\n",
  "conflict_file_id": 69,
  "filename": "src/EFCore.Relational/Query/Internal/QueryingEnumerable.cs",
  "last_commit_on_a": "e1c9a3a16a1450c87904e35010ea2d1a445fcd67",
  "last_commit_on_b": "7b8f6fe227be37ca54fe6be3fd58cb75dea42552",
  "author_info_a": {
    "name": "Shay Rojansky",
    "email": "roji@roji.org"
  },
  "author_info_b": {
    "name": "Smit Patel",
    "email": "smitpatel@users.noreply.github.com"
  },
  "num_conflict_regions": 1,
  "conflict_region_spans": [
    {
      "conflict_id": 1,
      "a": {
        "start": 55,
        "end": 57
      },
      "base": {
        "start": 55,
        "end": 56
      },
      "b": {
        "start": 55,
        "end": 56
      }
    }
  ]
}