{
  "repository_origin_url": "https://github.com/dotnet/efcore",
  "commit_id": "666cbeda36fb0520cd2914e620fc4d486b7ad655",
  "commit_date": "Thu, 2 Apr 2020 14:29:21 -0700",
  "commit_message": "Query: Check if parameter.Name is not null before comparing it with query parameter\nResolves #20485\n- Parameters which are used inside lambda should get replaced with appropriate shaper/selector.\n- All other parameters should be query parameters otherwise it is an error.\n\nResolves #18502\n- Non query parameters should not get translated. Query parameters which are translated will always have value in QueryContext.\n\n",
  "conflict_file_id": 70,
  "filename": "src/EFCore.InMemory/Query/Internal/InMemoryExpressionTranslatingExpressionVisitor.cs",
  "last_commit_on_a": "24b71e1507e00714606eb1c4365ba397a4edbd47",
  "last_commit_on_b": "fc5757c7a2338946160b3844477e47ec6388d201",
  "author_info_a": {
    "name": "Smit Patel",
    "email": "smitpatel@users.noreply.github.com"
  },
  "author_info_b": {
    "name": "Smit Patel",
    "email": "smitpatel@users.noreply.github.com"
  },
  "num_conflict_regions": 1,
  "conflict_region_spans": [
    {
      "conflict_id": 1,
      "a": {
        "start": 648,
        "end": 650
      },
      "base": {
        "start": 648,
        "end": 656
      },
      "b": {
        "start": 648,
        "end": 669
      }
    }
  ]
}