{
  "repository_origin_url": "https://github.com/dotnet/efcore",
  "commit_id": "cc1b732a79afaa9a360c34ee98521492b46862e6",
  "commit_date": "Thu, 2 Apr 2020 09:34:00 -0700",
  "commit_message": "Query: Avoid potential null to bool cast\nResolves #20498\n\nManually tested in debugger. Cannot write a test since LINQ Where requires bool and does not accept bool?\n\n",
  "conflict_file_id": 71,
  "filename": "src/EFCore.Relational/Query/SqlExpressions/SelectExpression.cs",
  "last_commit_on_a": "cdc732f3ae7c60cdad78bcd6f0d22947ade90690",
  "last_commit_on_b": "094e427b46e3fa8f6393a5e380d8bd8eff0a575c",
  "author_info_a": {
    "name": "Smit Patel",
    "email": "smitpatel@users.noreply.github.com"
  },
  "author_info_b": {
    "name": "Maurycy Markowski",
    "email": "maumar@microsoft.com"
  },
  "num_conflict_regions": 3,
  "conflict_region_spans": [
    {
      "conflict_id": 1,
      "a": {
        "start": 1240,
        "end": 1241
      },
      "base": {
        "start": 1240,
        "end": 1241
      },
      "b": {
        "start": 1240,
        "end": 1243
      }
    },
    {
      "conflict_id": 2,
      "a": {
        "start": 1242,
        "end": 1243
      },
      "base": {
        "start": 1242,
        "end": 1243
      },
      "b": {
        "start": 1244,
        "end": 1246
      }
    },
    {
      "conflict_id": 3,
      "a": {
        "start": 1261,
        "end": 1263
      },
      "base": {
        "start": 1261,
        "end": 1263
      },
      "b": {
        "start": 1264,
        "end": 1265
      }
    }
  ]
}