{
  "repository_origin_url": "https://github.com/dotnet/efcore",
  "commit_id": "cc1b732a79afaa9a360c34ee98521492b46862e6",
  "commit_date": "Tue, 7 Jan 2020 18:13:06 -0800",
  "commit_message": "Additional refactoring of Null Semantics:\n- moving NullSemantics visitor after 2nd level cache - we need to know the parameter values to properly handle IN expressions wrt null semantics,\n- NullSemantics visitor needs to go before SqlExpressionOptimizer and SearchCondition, so those two are also moved after 2nd level cache,\n- combining NullSemantics with SqlExpressionOptimizer (kept SqlExpressionOptimizer name) - SearchCondition now applies some relevant optimization itself, so that we don't need to run full optimizer afterwards,\n- merging InExpressionValuesExpandingExpressionVisitor into SqlExpressionOptimizer as well, so that we don't apply the rewrite for UseRelationalNulls,\n- preventing NulSemantics from performing double visitation when computing non-nullable columns.\n\nResolves #11464\nResolves #15722\nResolves #18338\nResolves #18597\nResolves #18689\nResolves #19019\n\n",
  "conflict_file_id": 72,
  "filename": "src/EFCore.Relational/Query/RelationalQueryTranslationPostprocessor.cs",
  "last_commit_on_a": "a5f3e26d3bac6ddf16bf87d1010fb27ed681d071",
  "last_commit_on_b": "caf5f07db8f0b296f86db36268166707d08ab6fb",
  "author_info_a": {
    "name": "Maurycy Markowski",
    "email": "maumar@microsoft.com"
  },
  "author_info_b": {
    "name": "maumar",
    "email": "maumar@microsoft.com"
  },
  "num_conflict_regions": 1,
  "conflict_region_spans": [
    {
      "conflict_id": 1,
      "a": {
        "start": 41,
        "end": 43
      },
      "base": {
        "start": 41,
        "end": 47
      },
      "b": {
        "start": 41,
        "end": 52
      }
    }
  ]
}