{
  "repository_origin_url": "https://github.com/dotnet/efcore",
  "commit_id": "cc1b732a79afaa9a360c34ee98521492b46862e6",
  "commit_date": "Wed, 4 Mar 2020 21:42:52 -0800",
  "commit_message": "Fix to #1833 - Support filtered Include\nAllows for additional operations to be specified inside Include/ThenInclude expression when the navigation is a collection:\n- Where,\n- OrderBy(Descending)/ThenBy(Descending),\n- Skip,\n- Take.\n\nThose additional operations are treated like any other within the query, so translation restrictions apply.\n\nCollections included using new filter operations are considered to be loaded.\n\nOnly one filter is allowed per navigation. In cases where same navigation is included multiple times (e.g. Include(A).ThenInclude(A_B).Include(A).ThenInclude(A_C)) filter should only be applied once.\nAlternatively the same exact filter should be applied to all.\n\n",
  "conflict_file_id": 75,
  "filename": "test/EFCore.Specification.Tests/Query/ComplexNavigationsQueryTestBase.cs",
  "last_commit_on_a": "21b9a35db594f7a383e855f922babbe54b3d38c5",
  "last_commit_on_b": "094e427b46e3fa8f6393a5e380d8bd8eff0a575c",
  "author_info_a": {
    "name": "maumar",
    "email": "maumar@microsoft.com"
  },
  "author_info_b": {
    "name": "Maurycy Markowski",
    "email": "maumar@microsoft.com"
  },
  "num_conflict_regions": 1,
  "conflict_region_spans": [
    {
      "conflict_id": 1,
      "a": {
        "start": 4790,
        "end": 5439
      },
      "base": {
        "start": 4790,
        "end": 4790
      },
      "b": {
        "start": 4790,
        "end": 4804
      }
    }
  ]
}