{
  "repository_origin_url": "https://github.com/dotnet/efcore",
  "commit_id": "cc1b732a79afaa9a360c34ee98521492b46862e6",
  "commit_date": "Tue, 31 Mar 2020 15:14:05 -0700",
  "commit_message": "Query: Merge query optimizing expression visitors\nPart of #18923\n\nResolves #20155\nResolves #20369\nWe convert Queryable.Contains to Queryable.Any after navigation expansion has run so only true queraybles would have Queryable.Contains. Array properties would have Enumerable.Contains hence does not get rewritten.\n\nResolves #19433\n\n",
  "conflict_file_id": 76,
  "filename": "test/EFCore.SqlServer.FunctionalTests/Query/ComplexNavigationsQuerySqlServerTest.cs",
  "last_commit_on_a": "0f28f7168a1a6b1f34ccc4546eb6d5d667fee011",
  "last_commit_on_b": "caf5f07db8f0b296f86db36268166707d08ab6fb",
  "author_info_a": {
    "name": "Smit Patel",
    "email": "smitpatel@users.noreply.github.com"
  },
  "author_info_b": {
    "name": "maumar",
    "email": "maumar@microsoft.com"
  },
  "num_conflict_regions": 1,
  "conflict_region_spans": [
    {
      "conflict_id": 1,
      "a": {
        "start": 4289,
        "end": 4912
      },
      "base": {
        "start": 4289,
        "end": 4289
      },
      "b": {
        "start": 4289,
        "end": 4306
      }
    }
  ]
}