{
  "repository_origin_url": "https://github.com/dotnet/efcore",
  "commit_id": "cc1b732a79afaa9a360c34ee98521492b46862e6",
  "commit_date": "Fri, 27 Mar 2020 11:24:44 -0700",
  "commit_message": "Query: Rewrite Entity Equality during translation phase\nResolves #15080\nImplemented behavior:\n- If any part of composite key is null then key is null.\n- If comparing entity with null then check if \"any\" key value is null.\n- If comparing entity with non-null then check if \"all\" key values are non null.\n\nResolves #20344\nResolves #19431\nResolves #13568\nResolves #13655\nSince we already convert property access to nullable, if entity from client is null, make key value as null.\n\nResolves #19676\nClr type mismatch between proxy type and entity type is ignored.\n\nResolves #20164\nRewrites entity equality during translation\n\nPart of #18923\n\n",
  "conflict_file_id": 77,
  "filename": "test/EFCore.Specification.Tests/Query/GearsOfWarQueryTestBase.cs",
  "last_commit_on_a": "bb88898f5b88db612862d9195fce72de873f8684",
  "last_commit_on_b": "9bd5e737c66adfcc5614d7432ff2dc7af9670bb5",
  "author_info_a": {
    "name": "Smit Patel",
    "email": "smitpatel@users.noreply.github.com"
  },
  "author_info_b": {
    "name": "maumar",
    "email": "maumar@microsoft.com"
  },
  "num_conflict_regions": 1,
  "conflict_region_spans": [
    {
      "conflict_id": 1,
      "a": {
        "start": 7140,
        "end": 7472
      },
      "base": {
        "start": 7140,
        "end": 7140
      },
      "b": {
        "start": 7140,
        "end": 7188
      }
    }
  ]
}