{
  "repository_origin_url": "https://github.com/dotnet/efcore",
  "commit_id": "cc1b732a79afaa9a360c34ee98521492b46862e6",
  "commit_date": "Mon, 27 Jan 2020 12:50:23 -0800",
  "commit_message": "Fix to #19499 - Query: null semantics not applied on subquery.Contains(null)\nWe used to translate this into `NULL IN subquery` pattern, but this doesn't work because it doesn't match if the subquery also contains null.\nFix is to convert this into subquery.Any(e => e == NULL), which translates to EXISTS with predicate and we can correctly apply null semantics.\nAlso it allows us to translate contains on entities with composite keys.\n\nAlso made several small fixes:\n- marked EXISTS as never nullable for purpose of null semantics,\n- marked IN as never nullable for purpose of null semantics when both the subquery projection element and the item expression are not nullable,\n- optimized EXISITS (subquery) and IN (subquery) with predicate that resolves to false, directly into false, since empty subquery never exisits and doesn't contain any results,\n- improves expression printer output for IN expression in the subquery scenario.\n\n",
  "conflict_file_id": 79,
  "filename": "test/EFCore.InMemory.FunctionalTests/Query/ComplexNavigationsWeakQueryInMemoryTest.cs",
  "last_commit_on_a": "b84eec11504af27bc715cd0f0350caee2b0e4987",
  "last_commit_on_b": "094e427b46e3fa8f6393a5e380d8bd8eff0a575c",
  "author_info_a": {
    "name": "Maurycy Markowski",
    "email": "maumar@microsoft.com"
  },
  "author_info_b": {
    "name": "Maurycy Markowski",
    "email": "maumar@microsoft.com"
  },
  "num_conflict_regions": 1,
  "conflict_region_spans": [
    {
      "conflict_id": 1,
      "a": {
        "start": 62,
        "end": 98
      },
      "base": {
        "start": 62,
        "end": 62
      },
      "b": {
        "start": 62,
        "end": 68
      }
    }
  ]
}