{
  "repository_origin_url": "https://github.com/dotnet/efcore",
  "commit_id": "cc1b732a79afaa9a360c34ee98521492b46862e6",
  "commit_date": "Mon, 30 Mar 2020 22:59:04 -0700",
  "commit_message": "Fix for 11614 - Adding HasPrecision() APIs (#20468)\nFixes #11614  - HasPrecision(). Updates to scaffolding and migrations.\nNow process all facets for all TypeMappings in Scaffolding.\nUpdate format of datetime parameters to include the fractional seconds and update tests to match\n",
  "conflict_file_id": 80,
  "filename": "src/EFCore.Relational/Storage/RelationalTypeMapping.cs",
  "last_commit_on_a": "7b489522bb5061018d8e07162ec3acc8c13e3887",
  "last_commit_on_b": "9bd5e737c66adfcc5614d7432ff2dc7af9670bb5",
  "author_info_a": {
    "name": "lajones",
    "email": "lajones@users.noreply.github.com"
  },
  "author_info_b": {
    "name": "maumar",
    "email": "maumar@microsoft.com"
  },
  "num_conflict_regions": 1,
  "conflict_region_spans": [
    {
      "conflict_id": 1,
      "a": {
        "start": 457,
        "end": 459
      },
      "base": {
        "start": 457,
        "end": 457
      },
      "b": {
        "start": 457,
        "end": 462
      }
    }
  ]
}