{
  "repository_origin_url": "https://github.com/dotnet/efcore",
  "commit_id": "ca510c596f6b65b71e5e010cbb3044f60fea7c52",
  "commit_date": "Mon, 23 Mar 2020 16:00:46 -0700",
  "commit_message": "Cleanup some of the internal API usage in Relational\n- Make EnumerableExtensions shared internal\n- Make ExpressionEqualityComparer public\n- Suppress Internal usage in EntityFrameworkRelationalServicesBuilder\n- Make ConfigurationSourceExtensions public\n- Suppress convention-less modelBuilder creation in Migration/Snapshot\n\n",
  "conflict_file_id": 81,
  "filename": "src/EFCore.Relational/Query/SqlExpressions/SelectExpression.cs",
  "last_commit_on_a": "c9f9c33044a65a91ae47b13fcf3334b488e28891",
  "last_commit_on_b": "edaa4c56858c79d42c000353ded90a793313af9d",
  "author_info_a": {
    "name": "Smit Patel",
    "email": "smitpatel@users.noreply.github.com"
  },
  "author_info_b": {
    "name": "Smit Patel",
    "email": "smitpatel@users.noreply.github.com"
  },
  "num_conflict_regions": 7,
  "conflict_region_spans": [
    {
      "conflict_id": 1,
      "a": {
        "start": 972,
        "end": 975
      },
      "base": {
        "start": 972,
        "end": 974
      },
      "b": {
        "start": 972,
        "end": 976
      }
    },
    {
      "conflict_id": 2,
      "a": {
        "start": 986,
        "end": 989
      },
      "base": {
        "start": 985,
        "end": 986
      },
      "b": {
        "start": 987,
        "end": 991
      }
    },
    {
      "conflict_id": 3,
      "a": {
        "start": 1025,
        "end": 1036
      },
      "base": {
        "start": 1022,
        "end": 1023
      },
      "b": {
        "start": 1027,
        "end": 1029
      }
    },
    {
      "conflict_id": 4,
      "a": {
        "start": 1037,
        "end": 1039
      },
      "base": {
        "start": 1024,
        "end": 1025
      },
      "b": {
        "start": 1030,
        "end": 1032
      }
    },
    {
      "conflict_id": 5,
      "a": {
        "start": 1059,
        "end": 1062
      },
      "base": {
        "start": 1045,
        "end": 1046
      },
      "b": {
        "start": 1052,
        "end": 1054
      }
    },
    {
      "conflict_id": 6,
      "a": {
        "start": 1063,
        "end": 1071
      },
      "base": {
        "start": 1047,
        "end": 1049
      },
      "b": {
        "start": 1055,
        "end": 1057
      }
    },
    {
      "conflict_id": 7,
      "a": {
        "start": 1072,
        "end": 1076
      },
      "base": {
        "start": 1050,
        "end": 1059
      },
      "b": {
        "start": 1058,
        "end": 1068
      }
    }
  ]
}