{
  "repository_origin_url": "https://github.com/dotnet/efcore",
  "commit_id": "c0e2ec2163bfd935dc6a6b8926da77b566d9951b",
  "commit_date": "Fri, 20 Mar 2020 14:54:03 -0700",
  "commit_message": "Query: Improve detection of non-composed FromSql\nResolves #16079\n\n",
  "conflict_file_id": 82,
  "filename": "src/EFCore.Relational/Query/SqlExpressions/SelectExpression.cs",
  "last_commit_on_a": "9dfadbc8a2d4f5eb6ea08b1a151e9d803bf1c6e4",
  "last_commit_on_b": "c9ca4f4c4b737b11acba38208d357bac3cf373f9",
  "author_info_a": {
    "name": "Smit Patel",
    "email": "smitpatel@users.noreply.github.com"
  },
  "author_info_b": {
    "name": "Smit Patel",
    "email": "smitpatel@users.noreply.github.com"
  },
  "num_conflict_regions": 7,
  "conflict_region_spans": [
    {
      "conflict_id": 1,
      "a": {
        "start": 973,
        "end": 976
      },
      "base": {
        "start": 973,
        "end": 975
      },
      "b": {
        "start": 973,
        "end": 977
      }
    },
    {
      "conflict_id": 2,
      "a": {
        "start": 987,
        "end": 990
      },
      "base": {
        "start": 986,
        "end": 987
      },
      "b": {
        "start": 988,
        "end": 992
      }
    },
    {
      "conflict_id": 3,
      "a": {
        "start": 1026,
        "end": 1028
      },
      "base": {
        "start": 1023,
        "end": 1024
      },
      "b": {
        "start": 1028,
        "end": 1030
      }
    },
    {
      "conflict_id": 4,
      "a": {
        "start": 1029,
        "end": 1031
      },
      "base": {
        "start": 1025,
        "end": 1026
      },
      "b": {
        "start": 1031,
        "end": 1033
      }
    },
    {
      "conflict_id": 5,
      "a": {
        "start": 1052,
        "end": 1055
      },
      "base": {
        "start": 1047,
        "end": 1048
      },
      "b": {
        "start": 1054,
        "end": 1056
      }
    },
    {
      "conflict_id": 6,
      "a": {
        "start": 1056,
        "end": 1064
      },
      "base": {
        "start": 1049,
        "end": 1051
      },
      "b": {
        "start": 1057,
        "end": 1059
      }
    },
    {
      "conflict_id": 7,
      "a": {
        "start": 1065,
        "end": 1069
      },
      "base": {
        "start": 1052,
        "end": 1061
      },
      "b": {
        "start": 1060,
        "end": 1070
      }
    }
  ]
}