{
  "repository_origin_url": "https://github.com/dotnet/efcore",
  "commit_id": "df04ad836d69fb9332ad8b211420a8555fac2c32",
  "commit_date": "Sun, 8 Mar 2020 11:50:04 -0700",
  "commit_message": "Partial Fix for 6674. Allow inline configuration of Navigations as they are created (#20195)\nPartial Fix for 6674.\nUpdated methods for all HasOne-WithMany, HasMany-WithOne and HasOne-WithOne. Generic and non-generic.\n",
  "conflict_file_id": 83,
  "filename": "src/EFCore/Metadata/Internal/InternalNavigationBuilder.cs",
  "last_commit_on_a": "e318524378674c66bb60134d8746a9344bce3b53",
  "last_commit_on_b": "e337283acd5e709b31730fd9eb7ff9857dcb7366",
  "author_info_a": {
    "name": "lajones",
    "email": "lajones@users.noreply.github.com"
  },
  "author_info_b": {
    "name": "AndriySvyryd",
    "email": "Andriy.Svyryd@microsoft.com"
  },
  "num_conflict_regions": 1,
  "conflict_region_spans": [
    {
      "conflict_id": 1,
      "a": {
        "start": 16,
        "end": 17
      },
      "base": {
        "start": 16,
        "end": 17
      },
      "b": {
        "start": 16,
        "end": 17
      }
    }
  ]
}