{
  "repository_origin_url": "https://github.com/dotnet/efcore",
  "commit_id": "df04ad836d69fb9332ad8b211420a8555fac2c32",
  "commit_date": "Sun, 8 Mar 2020 11:50:04 -0700",
  "commit_message": "Partial Fix for 6674. Allow inline configuration of Navigations as they are created (#20195)\nPartial Fix for 6674.\nUpdated methods for all HasOne-WithMany, HasMany-WithOne and HasOne-WithOne. Generic and non-generic.\n",
  "conflict_file_id": 84,
  "filename": "test/EFCore.Tests/ModelBuilding/ModelBuilderGenericRelationshipStringTest.cs",
  "last_commit_on_a": "e318524378674c66bb60134d8746a9344bce3b53",
  "last_commit_on_b": "a152828051573cb4029d7bc4396a6ff430b641a6",
  "author_info_a": {
    "name": "lajones",
    "email": "lajones@users.noreply.github.com"
  },
  "author_info_b": {
    "name": "AndriySvyryd",
    "email": "Andriy.Svyryd@microsoft.com"
  },
  "num_conflict_regions": 5,
  "conflict_region_spans": [
    {
      "conflict_id": 1,
      "a": {
        "start": 112,
        "end": 115
      },
      "base": {
        "start": 112,
        "end": 113
      },
      "b": {
        "start": 112,
        "end": 113
      }
    },
    {
      "conflict_id": 2,
      "a": {
        "start": 117,
        "end": 123
      },
      "base": {
        "start": 115,
        "end": 117
      },
      "b": {
        "start": 115,
        "end": 118
      }
    },
    {
      "conflict_id": 3,
      "a": {
        "start": 140,
        "end": 143
      },
      "base": {
        "start": 134,
        "end": 135
      },
      "b": {
        "start": 135,
        "end": 136
      }
    },
    {
      "conflict_id": 4,
      "a": {
        "start": 148,
        "end": 151
      },
      "base": {
        "start": 140,
        "end": 141
      },
      "b": {
        "start": 141,
        "end": 142
      }
    },
    {
      "conflict_id": 5,
      "a": {
        "start": 168,
        "end": 171
      },
      "base": {
        "start": 158,
        "end": 159
      },
      "b": {
        "start": 159,
        "end": 160
      }
    }
  ]
}