{
  "repository_origin_url": "https://github.com/dotnet/efcore",
  "commit_id": "df04ad836d69fb9332ad8b211420a8555fac2c32",
  "commit_date": "Tue, 3 Mar 2020 15:49:15 +0100",
  "commit_message": "Minor cleanup for queryable function support\n\n",
  "conflict_file_id": 86,
  "filename": "src/EFCore.Relational/Metadata/Internal/DbFunction.cs",
  "last_commit_on_a": "ec65dec54a3ce3aaca9baa9949dfb7333fd60528",
  "last_commit_on_b": "24888306d88ee13d37265fbf76619c6531df344a",
  "author_info_a": {
    "name": "Shay Rojansky",
    "email": "roji@roji.org"
  },
  "author_info_b": {
    "name": "Smit Patel",
    "email": "smitpatel@users.noreply.github.com"
  },
  "num_conflict_regions": 8,
  "conflict_region_spans": [
    {
      "conflict_id": 1,
      "a": {
        "start": 91,
        "end": 117
      },
      "base": {
        "start": 91,
        "end": 91
      },
      "b": {
        "start": 91,
        "end": 99
      }
    },
    {
      "conflict_id": 2,
      "a": {
        "start": 118,
        "end": 178
      },
      "base": {
        "start": 92,
        "end": 93
      },
      "b": {
        "start": 100,
        "end": 248
      }
    },
    {
      "conflict_id": 3,
      "a": {
        "start": 186,
        "end": 190
      },
      "base": {
        "start": 101,
        "end": 102
      },
      "b": {
        "start": 256,
        "end": 259
      }
    },
    {
      "conflict_id": 4,
      "a": {
        "start": 191,
        "end": 192
      },
      "base": {
        "start": 103,
        "end": 105
      },
      "b": {
        "start": 260,
        "end": 269
      }
    },
    {
      "conflict_id": 5,
      "a": {
        "start": 193,
        "end": 195
      },
      "base": {
        "start": 106,
        "end": 110
      },
      "b": {
        "start": 270,
        "end": 271
      }
    },
    {
      "conflict_id": 6,
      "a": {
        "start": 197,
        "end": 200
      },
      "base": {
        "start": 112,
        "end": 114
      },
      "b": {
        "start": 273,
        "end": 297
      }
    },
    {
      "conflict_id": 7,
      "a": {
        "start": 207,
        "end": 245
      },
      "base": {
        "start": 121,
        "end": 122
      },
      "b": {
        "start": 304,
        "end": 306
      }
    },
    {
      "conflict_id": 8,
      "a": {
        "start": 247,
        "end": 285
      },
      "base": {
        "start": 124,
        "end": 126
      },
      "b": {
        "start": 308,
        "end": 312
      }
    }
  ]
}