{
  "repository_origin_url": "https://github.com/dotnet/efcore",
  "commit_id": "df04ad836d69fb9332ad8b211420a8555fac2c32",
  "commit_date": "Sun, 8 Mar 2020 11:50:04 -0700",
  "commit_message": "Partial Fix for 6674. Allow inline configuration of Navigations as they are created (#20195)\nPartial Fix for 6674.\nUpdated methods for all HasOne-WithMany, HasMany-WithOne and HasOne-WithOne. Generic and non-generic.\n",
  "conflict_file_id": 87,
  "filename": "test/EFCore.Tests/ModelBuilding/ModelBuilderNonGenericUnqualifiedStringTest.cs",
  "last_commit_on_a": "e318524378674c66bb60134d8746a9344bce3b53",
  "last_commit_on_b": "24b9aa1d2e14fe2e737255ede9b2a7a623fcf2af",
  "author_info_a": {
    "name": "lajones",
    "email": "lajones@users.noreply.github.com"
  },
  "author_info_b": {
    "name": "AndriySvyryd",
    "email": "Andriy.Svyryd@microsoft.com"
  },
  "num_conflict_regions": 4,
  "conflict_region_spans": [
    {
      "conflict_id": 1,
      "a": {
        "start": 73,
        "end": 98
      },
      "base": {
        "start": 73,
        "end": 76
      },
      "b": {
        "start": 73,
        "end": 92
      }
    },
    {
      "conflict_id": 2,
      "a": {
        "start": 99,
        "end": 104
      },
      "base": {
        "start": 77,
        "end": 79
      },
      "b": {
        "start": 93,
        "end": 97
      }
    },
    {
      "conflict_id": 3,
      "a": {
        "start": 105,
        "end": 116
      },
      "base": {
        "start": 80,
        "end": 82
      },
      "b": {
        "start": 98,
        "end": 114
      }
    },
    {
      "conflict_id": 4,
      "a": {
        "start": 132,
        "end": 135
      },
      "base": {
        "start": 98,
        "end": 99
      },
      "b": {
        "start": 130,
        "end": 131
      }
    }
  ]
}