{
  "repository_origin_url": "https://github.com/dotnet/efcore",
  "commit_id": "df04ad836d69fb9332ad8b211420a8555fac2c32",
  "commit_date": "Wed, 4 Mar 2020 18:05:46 -0800",
  "commit_message": "Validate more SqlServer-specific configuration on shared database objects Refactor RelationalModelValidator\nPart of #15660\n\n",
  "conflict_file_id": 88,
  "filename": "src/EFCore.SqlServer/Internal/SqlServerModelValidator.cs",
  "last_commit_on_a": "9655da85f819303f61905037c3456fc6283515f0",
  "last_commit_on_b": "f780a3aef9839131aef118cd73dda625e22fb980",
  "author_info_a": {
    "name": "AndriySvyryd",
    "email": "Andriy.Svyryd@microsoft.com"
  },
  "author_info_b": {
    "name": "AndriySvyryd",
    "email": "Andriy.Svyryd@microsoft.com"
  },
  "num_conflict_regions": 4,
  "conflict_region_spans": [
    {
      "conflict_id": 1,
      "a": {
        "start": 222,
        "end": 223
      },
      "base": {
        "start": 222,
        "end": 225
      },
      "b": {
        "start": 222,
        "end": 224
      }
    },
    {
      "conflict_id": 2,
      "a": {
        "start": 224,
        "end": 261
      },
      "base": {
        "start": 226,
        "end": 231
      },
      "b": {
        "start": 225,
        "end": 230
      }
    },
    {
      "conflict_id": 3,
      "a": {
        "start": 271,
        "end": 275
      },
      "base": {
        "start": 241,
        "end": 246
      },
      "b": {
        "start": 240,
        "end": 245
      }
    },
    {
      "conflict_id": 4,
      "a": {
        "start": 323,
        "end": 331
      },
      "base": {
        "start": 294,
        "end": 294
      },
      "b": {
        "start": 293,
        "end": 331
      }
    }
  ]
}