{
  "repository_origin_url": "https://github.com/dotnet/efcore",
  "commit_id": "df04ad836d69fb9332ad8b211420a8555fac2c32",
  "commit_date": "Wed, 4 Mar 2020 18:05:46 -0800",
  "commit_message": "Validate more SqlServer-specific configuration on shared database objects Refactor RelationalModelValidator\nPart of #15660\n\n",
  "conflict_file_id": 89,
  "filename": "src/EFCore.SqlServer/Properties/SqlServerStrings.Designer.cs",
  "last_commit_on_a": "9655da85f819303f61905037c3456fc6283515f0",
  "last_commit_on_b": "725adf77d3a08d99ce59787354d391176c3844b7",
  "author_info_a": {
    "name": "AndriySvyryd",
    "email": "Andriy.Svyryd@microsoft.com"
  },
  "author_info_b": {
    "name": "Neil Bostrom",
    "email": "github@silvergames.net"
  },
  "num_conflict_regions": 1,
  "conflict_region_spans": [
    {
      "conflict_id": 1,
      "a": {
        "start": 105,
        "end": 309
      },
      "base": {
        "start": 105,
        "end": 105
      },
      "b": {
        "start": 105,
        "end": 261
      }
    }
  ]
}