{
  "repository_origin_url": "https://github.com/dotnet/efcore",
  "commit_id": "df04ad836d69fb9332ad8b211420a8555fac2c32",
  "commit_date": "Thu, 5 Mar 2020 17:51:09 -0800",
  "commit_message": "Add TableIndex and UniqueConstraint to the relational model.\nPart of #12846\n\n",
  "conflict_file_id": 90,
  "filename": "test/EFCore.Design.Tests/Migrations/Design/SnapshotModelProcessorTest.cs",
  "last_commit_on_a": "afe9774e569fcc50fae7a163227bc511260db708",
  "last_commit_on_b": "e2074e998754446a0eb2dc6ba9559ef4ee5148a0",
  "author_info_a": {
    "name": "AndriySvyryd",
    "email": "Andriy.Svyryd@microsoft.com"
  },
  "author_info_b": {
    "name": "AndriySvyryd",
    "email": "Andriy.Svyryd@microsoft.com"
  },
  "num_conflict_regions": 1,
  "conflict_region_spans": [
    {
      "conflict_id": 1,
      "a": {
        "start": 226,
        "end": 240
      },
      "base": {
        "start": 226,
        "end": 227
      },
      "b": {
        "start": 226,
        "end": 238
      }
    }
  ]
}