{
  "repository_origin_url": "https://github.com/dotnet/efcore",
  "commit_id": "df04ad836d69fb9332ad8b211420a8555fac2c32",
  "commit_date": "Thu, 5 Mar 2020 12:52:41 -0800",
  "commit_message": "Introduce complete discriminator mapping\n- Add fluent API IsComplete over DiscriminatorBuilder\n- In query if mapping is complete\n  - Don't generate predicate when creating Select for an entityType\n  - Don't apply predicate when doing OfType of derived type when the discriminator is not needed\n\nCurrent default: Mapping is incomplete unless user uses fluent API to mark it as complete.\n\nResolves #18106\n\n",
  "conflict_file_id": 91,
  "filename": "src/EFCore/Extensions/EntityTypeExtensions.cs",
  "last_commit_on_a": "d3a240188d27736132a6ca263c2ab974cce452ba",
  "last_commit_on_b": "44983749527a0b10f3c8f5569ce20a7d20673fe3",
  "author_info_a": {
    "name": "Smit Patel",
    "email": "smitpatel@users.noreply.github.com"
  },
  "author_info_b": {
    "name": "AndriySvyryd",
    "email": "Andriy.Svyryd@microsoft.com"
  },
  "num_conflict_regions": 1,
  "conflict_region_spans": [
    {
      "conflict_id": 1,
      "a": {
        "start": 592,
        "end": 671
      },
      "base": {
        "start": 592,
        "end": 595
      },
      "b": {
        "start": 592,
        "end": 657
      }
    }
  ]
}