{
  "repository_origin_url": "https://github.com/dotnet/efcore",
  "commit_id": "df04ad836d69fb9332ad8b211420a8555fac2c32",
  "commit_date": "Tue, 3 Mar 2020 15:49:15 +0100",
  "commit_message": "Minor cleanup for queryable function support\n\n",
  "conflict_file_id": 93,
  "filename": "test/EFCore.Relational.Tests/Metadata/DbFunctionMetadataTests.cs",
  "last_commit_on_a": "ec65dec54a3ce3aaca9baa9949dfb7333fd60528",
  "last_commit_on_b": "19173504df0286f874266d6ab15740aeb2380f39",
  "author_info_a": {
    "name": "Shay Rojansky",
    "email": "roji@roji.org"
  },
  "author_info_b": {
    "name": "AndriySvyryd",
    "email": "Andriy.Svyryd@microsoft.com"
  },
  "num_conflict_regions": 6,
  "conflict_region_spans": [
    {
      "conflict_id": 1,
      "a": {
        "start": 198,
        "end": 200
      },
      "base": {
        "start": 198,
        "end": 198
      },
      "b": {
        "start": 198,
        "end": 200
      }
    },
    {
      "conflict_id": 2,
      "a": {
        "start": 582,
        "end": 584
      },
      "base": {
        "start": 580,
        "end": 581
      },
      "b": {
        "start": 582,
        "end": 609
      }
    },
    {
      "conflict_id": 3,
      "a": {
        "start": 586,
        "end": 588
      },
      "base": {
        "start": 583,
        "end": 584
      },
      "b": {
        "start": 611,
        "end": 613
      }
    },
    {
      "conflict_id": 4,
      "a": {
        "start": 591,
        "end": 595
      },
      "base": {
        "start": 587,
        "end": 588
      },
      "b": {
        "start": 616,
        "end": 625
      }
    },
    {
      "conflict_id": 5,
      "a": {
        "start": 596,
        "end": 597
      },
      "base": {
        "start": 589,
        "end": 590
      },
      "b": {
        "start": 626,
        "end": 628
      }
    },
    {
      "conflict_id": 6,
      "a": {
        "start": 598,
        "end": 734
      },
      "base": {
        "start": 591,
        "end": 591
      },
      "b": {
        "start": 629,
        "end": 734
      }
    }
  ]
}