{
  "repository_origin_url": "https://github.com/dotnet/efcore",
  "commit_id": "df04ad836d69fb9332ad8b211420a8555fac2c32",
  "commit_date": "Sun, 8 Mar 2020 11:50:04 -0700",
  "commit_message": "Partial Fix for 6674. Allow inline configuration of Navigations as they are created (#20195)\nPartial Fix for 6674.\nUpdated methods for all HasOne-WithMany, HasMany-WithOne and HasOne-WithOne. Generic and non-generic.\n",
  "conflict_file_id": 94,
  "filename": "test/EFCore.Tests/ModelBuilding/ManyToOneTestBase.cs",
  "last_commit_on_a": "e318524378674c66bb60134d8746a9344bce3b53",
  "last_commit_on_b": "a152828051573cb4029d7bc4396a6ff430b641a6",
  "author_info_a": {
    "name": "lajones",
    "email": "lajones@users.noreply.github.com"
  },
  "author_info_b": {
    "name": "AndriySvyryd",
    "email": "Andriy.Svyryd@microsoft.com"
  },
  "num_conflict_regions": 2,
  "conflict_region_spans": [
    {
      "conflict_id": 1,
      "a": {
        "start": 2056,
        "end": 2131
      },
      "base": {
        "start": 2056,
        "end": 2057
      },
      "b": {
        "start": 2056,
        "end": 2057
      }
    },
    {
      "conflict_id": 2,
      "a": {
        "start": 2132,
        "end": 2134
      },
      "base": {
        "start": 2058,
        "end": 2059
      },
      "b": {
        "start": 2058,
        "end": 2062
      }
    }
  ]
}