{
  "repository_origin_url": "https://github.com/dotnet/efcore",
  "commit_id": "df04ad836d69fb9332ad8b211420a8555fac2c32",
  "commit_date": "Sun, 8 Mar 2020 11:50:04 -0700",
  "commit_message": "Partial Fix for 6674. Allow inline configuration of Navigations as they are created (#20195)\nPartial Fix for 6674.\nUpdated methods for all HasOne-WithMany, HasMany-WithOne and HasOne-WithOne. Generic and non-generic.\n",
  "conflict_file_id": 95,
  "filename": "test/EFCore.Tests/ModelBuilding/OneToOneTestBase.cs",
  "last_commit_on_a": "e318524378674c66bb60134d8746a9344bce3b53",
  "last_commit_on_b": "a152828051573cb4029d7bc4396a6ff430b641a6",
  "author_info_a": {
    "name": "lajones",
    "email": "lajones@users.noreply.github.com"
  },
  "author_info_b": {
    "name": "AndriySvyryd",
    "email": "Andriy.Svyryd@microsoft.com"
  },
  "num_conflict_regions": 9,
  "conflict_region_spans": [
    {
      "conflict_id": 1,
      "a": {
        "start": 2755,
        "end": 2756
      },
      "base": {
        "start": 2755,
        "end": 2757
      },
      "b": {
        "start": 2755,
        "end": 2777
      }
    },
    {
      "conflict_id": 2,
      "a": {
        "start": 2758,
        "end": 2847
      },
      "base": {
        "start": 2759,
        "end": 2760
      },
      "b": {
        "start": 2779,
        "end": 2847
      }
    },
    {
      "conflict_id": 3,
      "a": {
        "start": 2891,
        "end": 2893
      },
      "base": {
        "start": 2804,
        "end": 2805
      },
      "b": {
        "start": 2891,
        "end": 2911
      }
    },
    {
      "conflict_id": 4,
      "a": {
        "start": 2894,
        "end": 2895
      },
      "base": {
        "start": 2806,
        "end": 2807
      },
      "b": {
        "start": 2912,
        "end": 2915
      }
    },
    {
      "conflict_id": 5,
      "a": {
        "start": 2896,
        "end": 2900
      },
      "base": {
        "start": 2808,
        "end": 2810
      },
      "b": {
        "start": 2916,
        "end": 2943
      }
    },
    {
      "conflict_id": 6,
      "a": {
        "start": 2902,
        "end": 2946
      },
      "base": {
        "start": 2812,
        "end": 2813
      },
      "b": {
        "start": 2945,
        "end": 2946
      }
    },
    {
      "conflict_id": 7,
      "a": {
        "start": 3422,
        "end": 3432
      },
      "base": {
        "start": 3289,
        "end": 3292
      },
      "b": {
        "start": 3422,
        "end": 3424
      }
    },
    {
      "conflict_id": 8,
      "a": {
        "start": 3433,
        "end": 3434
      },
      "base": {
        "start": 3293,
        "end": 3297
      },
      "b": {
        "start": 3425,
        "end": 3432
      }
    },
    {
      "conflict_id": 9,
      "a": {
        "start": 3435,
        "end": 3442
      },
      "base": {
        "start": 3298,
        "end": 3306
      },
      "b": {
        "start": 3433,
        "end": 3442
      }
    }
  ]
}