{
  "repository_origin_url": "https://github.com/dotnet/efcore",
  "commit_id": "df04ad836d69fb9332ad8b211420a8555fac2c32",
  "commit_date": "Wed, 4 Mar 2020 18:05:46 -0800",
  "commit_message": "Validate more SqlServer-specific configuration on shared database objects Refactor RelationalModelValidator\nPart of #15660\n\n",
  "conflict_file_id": 97,
  "filename": "src/EFCore.SqlServer/Extensions/SqlServerIndexBuilderExtensions.cs",
  "last_commit_on_a": "9655da85f819303f61905037c3456fc6283515f0",
  "last_commit_on_b": "7aa0e2c6552a6c4e38753cf6d7c1f2d91076a650",
  "author_info_a": {
    "name": "AndriySvyryd",
    "email": "Andriy.Svyryd@microsoft.com"
  },
  "author_info_b": {
    "name": "Arthur Vickers",
    "email": "ajcvickers@hotmail.com"
  },
  "num_conflict_regions": 1,
  "conflict_region_spans": [
    {
      "conflict_id": 1,
      "a": {
        "start": 39,
        "end": 249
      },
      "base": {
        "start": 39,
        "end": 39
      },
      "b": {
        "start": 39,
        "end": 250
      }
    }
  ]
}