{
  "repository_origin_url": "https://github.com/dotnet/efcore",
  "commit_id": "df04ad836d69fb9332ad8b211420a8555fac2c32",
  "commit_date": "Sun, 8 Mar 2020 11:50:04 -0700",
  "commit_message": "Partial Fix for 6674. Allow inline configuration of Navigations as they are created (#20195)\nPartial Fix for 6674.\nUpdated methods for all HasOne-WithMany, HasMany-WithOne and HasOne-WithOne. Generic and non-generic.\n",
  "conflict_file_id": 99,
  "filename": "test/EFCore.Tests/ModelBuilding/ModelBuilderTestBase.cs",
  "last_commit_on_a": "e318524378674c66bb60134d8746a9344bce3b53",
  "last_commit_on_b": "f98509f442d4b034b42d8130fff48ee0c73d20f0",
  "author_info_a": {
    "name": "lajones",
    "email": "lajones@users.noreply.github.com"
  },
  "author_info_b": {
    "name": "Smit Patel",
    "email": "smitpatel@users.noreply.github.com"
  },
  "num_conflict_regions": 14,
  "conflict_region_spans": [
    {
      "conflict_id": 1,
      "a": {
        "start": 42,
        "end": 43
      },
      "base": {
        "start": 42,
        "end": 43
      },
      "b": {
        "start": 42,
        "end": 43
      }
    },
    {
      "conflict_id": 2,
      "a": {
        "start": 54,
        "end": 55
      },
      "base": {
        "start": 54,
        "end": 55
      },
      "b": {
        "start": 54,
        "end": 55
      }
    },
    {
      "conflict_id": 3,
      "a": {
        "start": 66,
        "end": 67
      },
      "base": {
        "start": 66,
        "end": 67
      },
      "b": {
        "start": 66,
        "end": 67
      }
    },
    {
      "conflict_id": 4,
      "a": {
        "start": 78,
        "end": 79
      },
      "base": {
        "start": 78,
        "end": 79
      },
      "b": {
        "start": 78,
        "end": 79
      }
    },
    {
      "conflict_id": 5,
      "a": {
        "start": 90,
        "end": 91
      },
      "base": {
        "start": 90,
        "end": 91
      },
      "b": {
        "start": 90,
        "end": 91
      }
    },
    {
      "conflict_id": 6,
      "a": {
        "start": 250,
        "end": 281
      },
      "base": {
        "start": 250,
        "end": 250
      },
      "b": {
        "start": 250,
        "end": 263
      }
    },
    {
      "conflict_id": 7,
      "a": {
        "start": 283,
        "end": 284
      },
      "base": {
        "start": 252,
        "end": 253
      },
      "b": {
        "start": 265,
        "end": 282
      }
    },
    {
      "conflict_id": 8,
      "a": {
        "start": 358,
        "end": 367
      },
      "base": {
        "start": 327,
        "end": 328
      },
      "b": {
        "start": 356,
        "end": 360
      }
    },
    {
      "conflict_id": 9,
      "a": {
        "start": 486,
        "end": 494
      },
      "base": {
        "start": 447,
        "end": 447
      },
      "b": {
        "start": 479,
        "end": 480
      }
    },
    {
      "conflict_id": 10,
      "a": {
        "start": 495,
        "end": 497
      },
      "base": {
        "start": 448,
        "end": 449
      },
      "b": {
        "start": 481,
        "end": 490
      }
    },
    {
      "conflict_id": 11,
      "a": {
        "start": 502,
        "end": 506
      },
      "base": {
        "start": 454,
        "end": 455
      },
      "b": {
        "start": 495,
        "end": 496
      }
    },
    {
      "conflict_id": 12,
      "a": {
        "start": 507,
        "end": 508
      },
      "base": {
        "start": 456,
        "end": 457
      },
      "b": {
        "start": 497,
        "end": 501
      }
    },
    {
      "conflict_id": 13,
      "a": {
        "start": 527,
        "end": 539
      },
      "base": {
        "start": 476,
        "end": 479
      },
      "b": {
        "start": 520,
        "end": 523
      }
    },
    {
      "conflict_id": 14,
      "a": {
        "start": 540,
        "end": 541
      },
      "base": {
        "start": 480,
        "end": 481
      },
      "b": {
        "start": 524,
        "end": 534
      }
    }
  ]
}