{
  "repository_origin_url": "https://github.com/microsoft/pxt.git",
  "commit_id": "1a0abac6a44f91ba6cd799d4f994bb3b2d1001ce",
  "commit_date": "Thu, 5 Nov 2020 19:33:48 -0800",
  "commit_message": "merge in master\n\n",
  "conflict_file_id": 0,
  "filename": "webapp/src/workspace.ts",
  "last_commit_on_a": "ac5dc326d4054e80e7df9eadc68505aab44ef81b",
  "last_commit_on_b": "96fbf76320609d90db4615e1446eaa6af564c995",
  "author_info_a": {
    "name": "Joey Wunderlich",
    "email": "joey.wunderlich@gmail.com"
  },
  "author_info_b": {
    "name": "Daryl Zuniga",
    "email": "Daryl.Zuniga@gmail.com"
  },
  "num_conflict_regions": 1,
  "conflict_region_spans": [
    {
      "conflict_id": 1,
      "a": {
        "start": 125,
        "end": 127
      },
      "base": {
        "start": 125,
        "end": 127
      },
      "b": {
        "start": 125,
        "end": 131
      }
    }
  ]
}