{
  "repository_origin_url": "https://github.com/microsoft/pxt.git",
  "commit_id": "ac5dc326d4054e80e7df9eadc68505aab44ef81b",
  "commit_date": "Wed, 14 Oct 2020 20:03:07 -0700",
  "commit_message": "es2017 for most things - no more await polyfill\n\n",
  "conflict_file_id": 10,
  "filename": "pxtsim/embed.ts",
  "last_commit_on_a": "d35ad4ccfe0e255461bd6c3f2ed7017d6489690e",
  "last_commit_on_b": "70c8a663c90fc5a14fc5cb3a05343fee785644c7",
  "author_info_a": {
    "name": "Joey Wunderlich",
    "email": "joey.wunderlich@gmail.com"
  },
  "author_info_b": {
    "name": "Joey Wunderlich",
    "email": "jwunderl@users.noreply.github.com"
  },
  "num_conflict_regions": 1,
  "conflict_region_spans": [
    {
      "conflict_id": 1,
      "a": {
        "start": 312,
        "end": 319
      },
      "base": {
        "start": 312,
        "end": 319
      },
      "b": {
        "start": 312,
        "end": 324
      }
    }
  ]
}