{
  "repository_origin_url": "https://github.com/microsoft/pxt.git",
  "commit_id": "ac5dc326d4054e80e7df9eadc68505aab44ef81b",
  "commit_date": "Wed, 14 Oct 2020 21:53:41 -0700",
  "commit_message": "another bump for Promise.finally; more replacements for bluebird features\n\n",
  "conflict_file_id": 11,
  "filename": "webapp/src/cmds.ts",
  "last_commit_on_a": "d250baa09d3c3542dd4f72a8fe5e45b64559e9ad",
  "last_commit_on_b": "df10a8c79a03fd3edc10dcec9701d856af374dae",
  "author_info_a": {
    "name": "Joey Wunderlich",
    "email": "joey.wunderlich@gmail.com"
  },
  "author_info_b": {
    "name": "Peli de Halleux",
    "email": "pelikhan@users.noreply.github.com"
  },
  "num_conflict_regions": 1,
  "conflict_region_spans": [
    {
      "conflict_id": 1,
      "a": {
        "start": 182,
        "end": 191
      },
      "base": {
        "start": 182,
        "end": 190
      },
      "b": {
        "start": 182,
        "end": 189
      }
    }
  ]
}