{
  "repository_origin_url": "https://github.com/microsoft/pxt.git",
  "commit_id": "d5bd797eb47357e993622eca0291875066f32b39",
  "commit_date": "Sun, 18 Oct 2020 18:53:03 -0700",
  "commit_message": "updating thru pxtblocks\n\n",
  "conflict_file_id": 12,
  "filename": "pxtblocks/fields/field_animation.ts",
  "last_commit_on_a": "afac92a9d92fd915f2f77ee3d8d24a5b38475b51",
  "last_commit_on_b": "9ecd7475a5cd2106b609f16cbd2c28971edfa62d",
  "author_info_a": {
    "name": "Joey Wunderlich",
    "email": "joey.wunderlich@gmail.com"
  },
  "author_info_b": {
    "name": "Richard Knoll",
    "email": "riknoll@users.noreply.github.com"
  },
  "num_conflict_regions": 1,
  "conflict_region_spans": [
    {
      "conflict_id": 1,
      "a": {
        "start": 36,
        "end": 47
      },
      "base": {
        "start": 36,
        "end": 47
      },
      "b": {
        "start": 36,
        "end": 39
      }
    }
  ]
}