{
  "repository_origin_url": "https://github.com/microsoft/pxt.git",
  "commit_id": "4b51ebee0c657adcfef62f28d7140c2686ca1204",
  "commit_date": "Thu, 8 Oct 2020 14:46:56 -0700",
  "commit_message": "auth and sync refactor (wip)\n\n",
  "conflict_file_id": 13,
  "filename": "webapp/src/cloudsync.ts",
  "last_commit_on_a": "f3c4d114ecae25270c4a92d03f72953935cf60c0",
  "last_commit_on_b": "c6531e3fb05a6521cddd0607c1dfa6eafa4fa1cd",
  "author_info_a": {
    "name": "Eric Anderson",
    "email": "eanders@microsoft.com"
  },
  "author_info_b": {
    "name": "Peli de Halleux",
    "email": "pelikhan@users.noreply.github.com"
  },
  "num_conflict_regions": 1,
  "conflict_region_spans": [
    {
      "conflict_id": 1,
      "a": {
        "start": 220,
        "end": 221
      },
      "base": {
        "start": 220,
        "end": 245
      },
      "b": {
        "start": 220,
        "end": 246
      }
    }
  ]
}