{
  "repository_origin_url": "https://github.com/microsoft/pxt.git",
  "commit_id": "4b51ebee0c657adcfef62f28d7140c2686ca1204",
  "commit_date": "Thu, 8 Oct 2020 14:46:56 -0700",
  "commit_message": "auth and sync refactor (wip)\n\n",
  "conflict_file_id": 14,
  "filename": "pxtlib/emitter/cloud.ts",
  "last_commit_on_a": "f3c4d114ecae25270c4a92d03f72953935cf60c0",
  "last_commit_on_b": "69cbae1e4ab74f1fc0807db2e813879af0921211",
  "author_info_a": {
    "name": "Eric Anderson",
    "email": "eanders@microsoft.com"
  },
  "author_info_b": {
    "name": "darzu",
    "email": "daryl.zuniga@gmail.com"
  },
  "num_conflict_regions": 1,
  "conflict_region_spans": [
    {
      "conflict_id": 1,
      "a": {
        "start": 5,
        "end": 11
      },
      "base": {
        "start": 5,
        "end": 7
      },
      "b": {
        "start": 5,
        "end": 7
      }
    }
  ]
}