{
  "repository_origin_url": "https://github.com/microsoft/pxt.git",
  "commit_id": "5793a61c7ba6ede4b2fbfc2e9cbbbb5084e01f08",
  "commit_date": "Wed, 22 Jul 2020 09:41:43 -0700",
  "commit_message": "logs\n\n",
  "conflict_file_id": 15,
  "filename": "cli/cli.ts",
  "last_commit_on_a": "178537d9da6c14881b25155972e2fdccf73f0801",
  "last_commit_on_b": "05122ca828d72659493dbb40a2b14d195bc82ef4",
  "author_info_a": {
    "name": "darzu",
    "email": "daryl.zuniga@gmail.com"
  },
  "author_info_b": {
    "name": "shakao",
    "email": "34112083+shakao@users.noreply.github.com"
  },
  "num_conflict_regions": 1,
  "conflict_region_spans": [
    {
      "conflict_id": 1,
      "a": {
        "start": 2089,
        "end": 2094
      },
      "base": {
        "start": 2089,
        "end": 2093
      },
      "b": {
        "start": 2089,
        "end": 2089
      }
    }
  ]
}