{
  "repository_origin_url": "https://github.com/microsoft/pxt.git",
  "commit_id": "7d117492af0e9326dead67f31c5a440c7a11f03a",
  "commit_date": "Sat, 18 Jul 2020 09:28:56 -0700",
  "commit_message": "handle null file\n\n",
  "conflict_file_id": 17,
  "filename": "docs/static/streamer/streamer.ts",
  "last_commit_on_a": "092b69c0cd7b888dbac42615a7e6e95d5a4f982e",
  "last_commit_on_b": "094d7d84fdf01e66124a764cd2c76362cb75035c",
  "author_info_a": {
    "name": "peli",
    "email": "pelikhan@users.noreply.github.com"
  },
  "author_info_b": {
    "name": "Peli de Halleux",
    "email": "pelikhan@users.noreply.github.com"
  },
  "num_conflict_regions": 1,
  "conflict_region_spans": [
    {
      "conflict_id": 1,
      "a": {
        "start": 2636,
        "end": 2639
      },
      "base": {
        "start": 2636,
        "end": 2638
      },
      "b": {
        "start": 2636,
        "end": 2638
      }
    }
  ]
}