{
  "repository_origin_url": "https://github.com/microsoft/pxt.git",
  "commit_id": "90600aa04e5bc5f851c096c52c1eba97b6504ae8",
  "commit_date": "Thu, 2 Apr 2020 15:33:27 -0700",
  "commit_message": "removed duplicate api\n\n",
  "conflict_file_id": 18,
  "filename": "pxteditor/editor.ts",
  "last_commit_on_a": "222a881a7556ebe3878942a8f6c60587024b729d",
  "last_commit_on_b": "fa8c3a1d25dcd715b3c24bd6ad560f647d6839c7",
  "author_info_a": {
    "name": "Peli",
    "email": "jhalleux@microsoft.com"
  },
  "author_info_b": {
    "name": "shakao",
    "email": "34112083+shakao@users.noreply.github.com"
  },
  "num_conflict_regions": 1,
  "conflict_region_spans": [
    {
      "conflict_id": 1,
      "a": {
        "start": 285,
        "end": 285
      },
      "base": {
        "start": 285,
        "end": 286
      },
      "b": {
        "start": 285,
        "end": 287
      }
    }
  ]
}