{
  "repository_origin_url": "https://github.com/microsoft/pxt.git",
  "commit_id": "39430cb234a2280069719250d80445d503a47199",
  "commit_date": "Fri, 22 Nov 2019 12:48:31 -0800",
  "commit_message": "updated makecode build script\n\n",
  "conflict_file_id": 19,
  "filename": "pxtlib/initprj.ts",
  "last_commit_on_a": "4d904b24536a0a15cb40637a7d59443bc814daf0",
  "last_commit_on_b": "526fc3a00a085185236119f3412de60e576cb210",
  "author_info_a": {
    "name": "Peli de Halleux",
    "email": "pelikhan@users.noreply.github.com"
  },
  "author_info_b": {
    "name": "Peli de Halleux",
    "email": "pelikhan@users.noreply.github.com"
  },
  "num_conflict_regions": 1,
  "conflict_region_spans": [
    {
      "conflict_id": 1,
      "a": {
        "start": 31,
        "end": 32
      },
      "base": {
        "start": 31,
        "end": 32
      },
      "b": {
        "start": 31,
        "end": 32
      }
    }
  ]
}