{
  "repository_origin_url": "https://github.com/microsoft/pxt.git",
  "commit_id": "1a0abac6a44f91ba6cd799d4f994bb3b2d1001ce",
  "commit_date": "Sun, 18 Oct 2020 18:53:03 -0700",
  "commit_message": "updating thru pxtblocks\n\n",
  "conflict_file_id": 1,
  "filename": "pxtblocks/blocklylayout.ts",
  "last_commit_on_a": "afac92a9d92fd915f2f77ee3d8d24a5b38475b51",
  "last_commit_on_b": "4e2ce58efc7612b0980351114bf7ee300fd969b0",
  "author_info_a": {
    "name": "Joey Wunderlich",
    "email": "joey.wunderlich@gmail.com"
  },
  "author_info_b": {
    "name": "Peli de Halleux",
    "email": "pelikhan@users.noreply.github.com"
  },
  "num_conflict_regions": 1,
  "conflict_region_spans": [
    {
      "conflict_id": 1,
      "a": {
        "start": 202,
        "end": 244
      },
      "base": {
        "start": 202,
        "end": 244
      },
      "b": {
        "start": 202,
        "end": 202
      }
    }
  ]
}