{
  "repository_origin_url": "https://github.com/microsoft/pxt.git",
  "commit_id": "18f324d89b487c013145ac6703a7ddfe402cfcf1",
  "commit_date": "Wed, 13 Nov 2019 12:48:54 -0800",
  "commit_message": "Implementing tile palette with pages\n\n",
  "conflict_file_id": 20,
  "filename": "webapp/src/components/ImageEditor/actions/dispatch.ts",
  "last_commit_on_a": "988ec51f5c5e4a0a80585f40672ac68f33ed0409",
  "last_commit_on_b": "de078338420d106cc06fedd70cfda32545c7f1f2",
  "author_info_a": {
    "name": "Richard Knoll",
    "email": "riknoll@microsoft.com"
  },
  "author_info_b": {
    "name": "Richard Knoll",
    "email": "riknoll@users.noreply.github.com"
  },
  "num_conflict_regions": 1,
  "conflict_region_spans": [
    {
      "conflict_id": 1,
      "a": {
        "start": 2,
        "end": 3
      },
      "base": {
        "start": 2,
        "end": 4
      },
      "b": {
        "start": 2,
        "end": 3
      }
    }
  ]
}