{
  "repository_origin_url": "https://github.com/microsoft/pxt.git",
  "commit_id": "18f324d89b487c013145ac6703a7ddfe402cfcf1",
  "commit_date": "Sun, 3 Nov 2019 16:55:09 -0800",
  "commit_message": "Hooking things up\n\n",
  "conflict_file_id": 23,
  "filename": "webapp/src/components/ImageEditor/toolDefinitions.ts",
  "last_commit_on_a": "bc42e556c930629e12d7cc74647778bd3f800371",
  "last_commit_on_b": "de078338420d106cc06fedd70cfda32545c7f1f2",
  "author_info_a": {
    "name": "Richard Knoll",
    "email": "riknoll@microsoft.com"
  },
  "author_info_b": {
    "name": "Richard Knoll",
    "email": "riknoll@users.noreply.github.com"
  },
  "num_conflict_regions": 2,
  "conflict_region_spans": [
    {
      "conflict_id": 1,
      "a": {
        "start": 108,
        "end": 110
      },
      "base": {
        "start": 108,
        "end": 110
      },
      "b": {
        "start": 108,
        "end": 110
      }
    },
    {
      "conflict_id": 2,
      "a": {
        "start": 113,
        "end": 114
      },
      "base": {
        "start": 113,
        "end": 114
      },
      "b": {
        "start": 113,
        "end": 114
      }
    }
  ]
}