{
  "repository_origin_url": "https://github.com/microsoft/pxt.git",
  "commit_id": "fbfd63341a0a1fa728bc1d5602f5fb214595c635",
  "commit_date": "Fri, 25 Oct 2019 15:49:59 -0700",
  "commit_message": "fix some null-strictness checks\n\n",
  "conflict_file_id": 24,
  "filename": "pxtpy/converter.ts",
  "last_commit_on_a": "a510cd09083b0607f9b542d9656aafcb599cce23",
  "last_commit_on_b": "f6582e311033e4a53a5392b09cb9af2a17218458",
  "author_info_a": {
    "name": "darzu",
    "email": "daryl.zuniga@gmail.com"
  },
  "author_info_b": {
    "name": "Daryl Zuniga",
    "email": "Daryl.Zuniga@gmail.com"
  },
  "num_conflict_regions": 1,
  "conflict_region_spans": [
    {
      "conflict_id": 1,
      "a": {
        "start": 1845,
        "end": 1848
      },
      "base": {
        "start": 1845,
        "end": 1848
      },
      "b": {
        "start": 1845,
        "end": 1848
      }
    }
  ]
}