{
  "repository_origin_url": "https://github.com/microsoft/pxt.git",
  "commit_id": "98673249c184fc6acdd84269181e48ecda7954ab",
  "commit_date": "Sun, 3 Nov 2019 08:33:40 -0800",
  "commit_message": "Refactor to support tilemaps\n\n",
  "conflict_file_id": 25,
  "filename": "webapp/src/components/ImageEditor/store/imageReducer.ts",
  "last_commit_on_a": "8bf80658c9e78aa574fdc6ff7ca3ca8bd0a13899",
  "last_commit_on_b": "dba7412ac6580deb7f808eae710bd9e89a0450d4",
  "author_info_a": {
    "name": "Richard Knoll",
    "email": "riknoll@microsoft.com"
  },
  "author_info_b": {
    "name": "Richard Knoll",
    "email": "riknoll@microsoft.com"
  },
  "num_conflict_regions": 2,
  "conflict_region_spans": [
    {
      "conflict_id": 1,
      "a": {
        "start": 2,
        "end": 4
      },
      "base": {
        "start": 2,
        "end": 3
      },
      "b": {
        "start": 2,
        "end": 2
      }
    },
    {
      "conflict_id": 2,
      "a": {
        "start": 346,
        "end": 351
      },
      "base": {
        "start": 345,
        "end": 346
      },
      "b": {
        "start": 344,
        "end": 345
      }
    }
  ]
}