{
  "repository_origin_url": "https://github.com/microsoft/pxt.git",
  "commit_id": "3f9fe5b0b9ca3a92c58247073f262c37c1c4e523",
  "commit_date": "Mon, 7 Oct 2019 16:00:47 -0700",
  "commit_message": "Fix undo persistence, move done button, use getValue not getText\n\n",
  "conflict_file_id": 26,
  "filename": "pxtblocks/fields/field_sprite.ts",
  "last_commit_on_a": "9546fee924cb148d5ac762c196a79d7c34ca0b2a",
  "last_commit_on_b": "2afe66d68d8cc540bcbea1fd5185feba0927153d",
  "author_info_a": {
    "name": "Richard Knoll",
    "email": "riknoll@microsoft.com"
  },
  "author_info_b": {
    "name": "Richard Knoll",
    "email": "riknoll@users.noreply.github.com"
  },
  "num_conflict_regions": 2,
  "conflict_region_spans": [
    {
      "conflict_id": 1,
      "a": {
        "start": 83,
        "end": 85
      },
      "base": {
        "start": 83,
        "end": 87
      },
      "b": {
        "start": 83,
        "end": 85
      }
    },
    {
      "conflict_id": 2,
      "a": {
        "start": 99,
        "end": 105
      },
      "base": {
        "start": 101,
        "end": 125
      },
      "b": {
        "start": 99,
        "end": 105
      }
    }
  ]
}