{
  "repository_origin_url": "https://github.com/microsoft/pxt.git",
  "commit_id": "b0589ab4bf0f48f5be47defbc9200017fc59300f",
  "commit_date": "Tue, 25 Jun 2019 18:14:08 -0400",
  "commit_message": "Merge branch 'master' into dazuniga/auto-complete\n\n",
  "conflict_file_id": 27,
  "filename": "pxtcompiler/emitter/service.ts",
  "last_commit_on_a": "30ac4db9eb92d1735d41fe08e2b5a27fc78d2a35",
  "last_commit_on_b": "0cf9692c037a426de2b661f92cdaea85fd5cfb1d",
  "author_info_a": {
    "name": "darzu",
    "email": "daryl.zuniga@gmail.com"
  },
  "author_info_b": {
    "name": "Micha\u0142 Moskal",
    "email": "michal@moskal.me"
  },
  "num_conflict_regions": 1,
  "conflict_region_spans": [
    {
      "conflict_id": 1,
      "a": {
        "start": 19,
        "end": 33
      },
      "base": {
        "start": 19,
        "end": 33
      },
      "b": {
        "start": 19,
        "end": 37
      }
    }
  ]
}