{
  "repository_origin_url": "https://github.com/microsoft/pxt.git",
  "commit_id": "b0589ab4bf0f48f5be47defbc9200017fc59300f",
  "commit_date": "Tue, 25 Jun 2019 18:14:08 -0400",
  "commit_message": "Merge branch 'master' into dazuniga/auto-complete\n\n",
  "conflict_file_id": 28,
  "filename": "pxtpy/converter.ts",
  "last_commit_on_a": "30ac4db9eb92d1735d41fe08e2b5a27fc78d2a35",
  "last_commit_on_b": "5cdf9484dbae670df5b772ac317dc1e6b954fdeb",
  "author_info_a": {
    "name": "darzu",
    "email": "daryl.zuniga@gmail.com"
  },
  "author_info_b": {
    "name": "shakao",
    "email": "34112083+shakao@users.noreply.github.com"
  },
  "num_conflict_regions": 1,
  "conflict_region_spans": [
    {
      "conflict_id": 1,
      "a": {
        "start": 1439,
        "end": 1442
      },
      "base": {
        "start": 1439,
        "end": 1440
      },
      "b": {
        "start": 1439,
        "end": 1440
      }
    }
  ]
}