{
  "repository_origin_url": "https://github.com/microsoft/pxt.git",
  "commit_id": "345516053d49cf08cc90412f25554bded9e1a1ee",
  "commit_date": "Fri, 27 Sep 2019 10:43:14 -0700",
  "commit_message": "Minor fix and cleanup\n\n",
  "conflict_file_id": 29,
  "filename": "pxtblocks/fields/field_sprite.ts",
  "last_commit_on_a": "e9fc19003b7ef22427f53473b61ae1a52ff645b2",
  "last_commit_on_b": "1e30f763767f8fca0f7cf4714369d6d3766bb412",
  "author_info_a": {
    "name": "Richard Knoll",
    "email": "riknoll@microsoft.com"
  },
  "author_info_b": {
    "name": "shakao",
    "email": "34112083+shakao@users.noreply.github.com"
  },
  "num_conflict_regions": 1,
  "conflict_region_spans": [
    {
      "conflict_id": 1,
      "a": {
        "start": 99,
        "end": 103
      },
      "base": {
        "start": 99,
        "end": 113
      },
      "b": {
        "start": 99,
        "end": 113
      }
    }
  ]
}