{
  "repository_origin_url": "https://github.com/microsoft/pxt.git",
  "commit_id": "de58573286d3db32175fdcb71d452fc1dc42d9d4",
  "commit_date": "Mon, 24 Jun 2019 10:15:11 -0500",
  "commit_message": "Remove changes from docsrender.ts\n\n",
  "conflict_file_id": 30,
  "filename": "pxtlib/docsrender.ts",
  "last_commit_on_a": "4f61a5420c6fc1ac507feeba8755df6966f696a8",
  "last_commit_on_b": "3619370e4852a94fafc82e0e66fcca773f798c47",
  "author_info_a": {
    "name": "Alejandro Toledo",
    "email": "alex@Arturo-MacBook-Music.local"
  },
  "author_info_b": {
    "name": "shakao",
    "email": "34112083+shakao@users.noreply.github.com"
  },
  "num_conflict_regions": 1,
  "conflict_region_spans": [
    {
      "conflict_id": 1,
      "a": {
        "start": 283,
        "end": 283
      },
      "base": {
        "start": 283,
        "end": 291
      },
      "b": {
        "start": 283,
        "end": 292
      }
    }
  ]
}