{
  "repository_origin_url": "https://github.com/microsoft/pxt.git",
  "commit_id": "7b762807e175e8d53395592ec08919d3743cd52e",
  "commit_date": "Tue, 18 Jun 2019 09:26:47 -0700",
  "commit_message": "Make sprite wizard experimental\n\n",
  "conflict_file_id": 31,
  "filename": "pxteditor/experiments.ts",
  "last_commit_on_a": "36413c3af02b4f621442e0d6d7a44820ed180a8d",
  "last_commit_on_b": "9bf32d0b1b581177b750554de361695318d179e5",
  "author_info_a": {
    "name": "Jacob Bovee",
    "email": "boveejacob@gmail.com"
  },
  "author_info_b": {
    "name": "Peli de Halleux",
    "email": "pelikhan@users.noreply.github.com"
  },
  "num_conflict_regions": 1,
  "conflict_region_spans": [
    {
      "conflict_id": 1,
      "a": {
        "start": 114,
        "end": 119
      },
      "base": {
        "start": 114,
        "end": 114
      },
      "b": {
        "start": 114,
        "end": 125
      }
    }
  ]
}