{
  "repository_origin_url": "https://github.com/microsoft/pxt.git",
  "commit_id": "7b762807e175e8d53395592ec08919d3743cd52e",
  "commit_date": "Mon, 17 Jun 2019 20:50:54 -0700",
  "commit_message": "Move hard coded sprite wizard to pxt-arcade\n\n",
  "conflict_file_id": 32,
  "filename": "localtypings/pxtpackage.d.ts",
  "last_commit_on_a": "725b4eb7ac322d4ff54b00b58f69f58bd3e0a0d6",
  "last_commit_on_b": "9bf32d0b1b581177b750554de361695318d179e5",
  "author_info_a": {
    "name": "Jacob Bovee",
    "email": "boveejacob@gmail.com"
  },
  "author_info_b": {
    "name": "Peli de Halleux",
    "email": "pelikhan@users.noreply.github.com"
  },
  "num_conflict_regions": 1,
  "conflict_region_spans": [
    {
      "conflict_id": 1,
      "a": {
        "start": 71,
        "end": 72
      },
      "base": {
        "start": 71,
        "end": 71
      },
      "b": {
        "start": 71,
        "end": 72
      }
    }
  ]
}