{
  "repository_origin_url": "https://github.com/microsoft/pxt.git",
  "commit_id": "909a2d0df32cd0d1a26d3c0b8dade6991f6f11fb",
  "commit_date": "Thu, 11 Apr 2019 18:18:24 +0200",
  "commit_message": "friendlier auto-generated function names\n\n",
  "conflict_file_id": 34,
  "filename": "pxtpy/pydecompiler.ts",
  "last_commit_on_a": "dba7b3614a625bbd5c5be225679dd3bc0141c29f",
  "last_commit_on_b": "1922aac721add225f64543b3a74ab0fa1a7cd7e6",
  "author_info_a": {
    "name": "darzu",
    "email": "daryl.zuniga@gmail.com"
  },
  "author_info_b": {
    "name": "Daryl Zuniga",
    "email": "Daryl.Zuniga@gmail.com"
  },
  "num_conflict_regions": 1,
  "conflict_region_spans": [
    {
      "conflict_id": 1,
      "a": {
        "start": 81,
        "end": 82
      },
      "base": {
        "start": 81,
        "end": 82
      },
      "b": {
        "start": 81,
        "end": 82
      }
    }
  ]
}