{
  "repository_origin_url": "https://github.com/microsoft/pxt.git",
  "commit_id": "243d17fffffcbd979ec88065641e88e16127e773",
  "commit_date": "Fri, 29 Mar 2019 17:59:15 -0700",
  "commit_message": "Implement basic hover provider\n\n",
  "conflict_file_id": 35,
  "filename": "pxtlib/service.ts",
  "last_commit_on_a": "343d31d212562a073ef45e7e92edcfb79905bde6",
  "last_commit_on_b": "5089e7af4be4886dd6f9782af727f319ceb475a1",
  "author_info_a": {
    "name": "Michal Moskal",
    "email": "michal@moskal.me"
  },
  "author_info_b": {
    "name": "Richard Knoll",
    "email": "riknoll@users.noreply.github.com"
  },
  "num_conflict_regions": 1,
  "conflict_region_spans": [
    {
      "conflict_id": 1,
      "a": {
        "start": 55,
        "end": 55
      },
      "base": {
        "start": 55,
        "end": 204
      },
      "b": {
        "start": 55,
        "end": 205
      }
    }
  ]
}