{
  "repository_origin_url": "https://github.com/microsoft/pxt.git",
  "commit_id": "690095885f55b67b58131dcbd92b1447c37ee434",
  "commit_date": "Fri, 29 Mar 2019 16:19:22 -0700",
  "commit_message": "Hook up locals conversion\n\n",
  "conflict_file_id": 36,
  "filename": "pxtcompiler/emitter/service.ts",
  "last_commit_on_a": "164758f1eaf8c9135c050a3a9c69bbd8cafc861e",
  "last_commit_on_b": "19a8578a90215aa49a49ec0fcef50040c266f55c",
  "author_info_a": {
    "name": "Michal Moskal",
    "email": "michal@moskal.me"
  },
  "author_info_b": {
    "name": "Peli de Halleux",
    "email": "pelikhan@users.noreply.github.com"
  },
  "num_conflict_regions": 2,
  "conflict_region_spans": [
    {
      "conflict_id": 1,
      "a": {
        "start": 802,
        "end": 805
      },
      "base": {
        "start": 802,
        "end": 806
      },
      "b": {
        "start": 802,
        "end": 805
      }
    },
    {
      "conflict_id": 2,
      "a": {
        "start": 809,
        "end": 811
      },
      "base": {
        "start": 810,
        "end": 812
      },
      "b": {
        "start": 809,
        "end": 811
      }
    }
  ]
}