{
  "repository_origin_url": "https://github.com/microsoft/pxt.git",
  "commit_id": "7200dd76dbc02ae4eb9a85116779a2ec605b615f",
  "commit_date": "Wed, 27 Mar 2019 14:57:35 -0700",
  "commit_message": "Add snakeifyied names in SymbolInfo\n\n",
  "conflict_file_id": 37,
  "filename": "pxtcompiler/emitter/service.ts",
  "last_commit_on_a": "ecb6411d842fa6dbd33d5b92cb4cc9176b5fd749",
  "last_commit_on_b": "2597c1557a31db58ee9bd3e1a2413f6e7e5f3eb0",
  "author_info_a": {
    "name": "Michal Moskal",
    "email": "michal@moskal.me"
  },
  "author_info_b": {
    "name": "Peli de Halleux",
    "email": "pelikhan@users.noreply.github.com"
  },
  "num_conflict_regions": 1,
  "conflict_region_spans": [
    {
      "conflict_id": 1,
      "a": {
        "start": 298,
        "end": 321
      },
      "base": {
        "start": 298,
        "end": 301
      },
      "b": {
        "start": 298,
        "end": 298
      }
    }
  ]
}