{
  "repository_origin_url": "https://github.com/microsoft/pxt.git",
  "commit_id": "d91c9cd7f40996315a6c712df7cbf2edc084ca90",
  "commit_date": "Sat, 23 Mar 2019 16:24:35 +0100",
  "commit_message": "handle tagged templates; compiles falling duck!\n\n",
  "conflict_file_id": 38,
  "filename": "pxtcompiler/emitter/pydecompiler.ts",
  "last_commit_on_a": "6f07d895b0520841e73a09964ef08d482cdb3382",
  "last_commit_on_b": "318312125de5f99599f05a86368e0fd8fe3c8beb",
  "author_info_a": {
    "name": "darzu",
    "email": "daryl.zuniga@gmail.com"
  },
  "author_info_b": {
    "name": "Peli de Halleux",
    "email": "pelikhan@users.noreply.github.com"
  },
  "num_conflict_regions": 1,
  "conflict_region_spans": [
    {
      "conflict_id": 1,
      "a": {
        "start": 23,
        "end": 34
      },
      "base": {
        "start": 23,
        "end": 30
      },
      "b": {
        "start": 23,
        "end": 36
      }
    }
  ]
}