{
  "repository_origin_url": "https://github.com/microsoft/pxt.git",
  "commit_id": "fa196f0f44a807feb4a9b2f7b667c49cb3709ab0",
  "commit_date": "Tue, 26 Feb 2019 07:29:39 -0800",
  "commit_message": "add support for python in experiments\n\n",
  "conflict_file_id": 39,
  "filename": "pxteditor/experiments.ts",
  "last_commit_on_a": "dcc32c4125b90f5ddd773b3bbaf6d76b7bc20be4",
  "last_commit_on_b": "8c7cb45063688954a32bd613c89c8f3e2f59fb83",
  "author_info_a": {
    "name": "Peli de Halleux",
    "email": "pelikhan@users.noreply.github.com"
  },
  "author_info_b": {
    "name": "Peli de Halleux",
    "email": "pelikhan@users.noreply.github.com"
  },
  "num_conflict_regions": 1,
  "conflict_region_spans": [
    {
      "conflict_id": 1,
      "a": {
        "start": 80,
        "end": 85
      },
      "base": {
        "start": 80,
        "end": 80
      },
      "b": {
        "start": 80,
        "end": 86
      }
    }
  ]
}