{
  "repository_origin_url": "https://github.com/microsoft/pxt.git",
  "commit_id": "1a0abac6a44f91ba6cd799d4f994bb3b2d1001ce",
  "commit_date": "Wed, 14 Oct 2020 20:03:07 -0700",
  "commit_message": "es2017 for most things - no more await polyfill\n\n",
  "conflict_file_id": 3,
  "filename": "webapp/src/extensionManager.ts",
  "last_commit_on_a": "d35ad4ccfe0e255461bd6c3f2ed7017d6489690e",
  "last_commit_on_b": "bffac41e13f66ec398fdc17b35d00f4d860a696e",
  "author_info_a": {
    "name": "Joey Wunderlich",
    "email": "joey.wunderlich@gmail.com"
  },
  "author_info_b": {
    "name": "Daryl Zuniga",
    "email": "Daryl.Zuniga@gmail.com"
  },
  "num_conflict_regions": 2,
  "conflict_region_spans": [
    {
      "conflict_id": 1,
      "a": {
        "start": 72,
        "end": 74
      },
      "base": {
        "start": 72,
        "end": 74
      },
      "b": {
        "start": 72,
        "end": 79
      }
    },
    {
      "conflict_id": 2,
      "a": {
        "start": 93,
        "end": 182
      },
      "base": {
        "start": 93,
        "end": 182
      },
      "b": {
        "start": 98,
        "end": 100
      }
    }
  ]
}