{
  "repository_origin_url": "https://github.com/microsoft/pxt.git",
  "commit_id": "fa196f0f44a807feb4a9b2f7b667c49cb3709ab0",
  "commit_date": "Thu, 21 Feb 2019 18:52:47 -0800",
  "commit_message": "Do a triple toggle for now\n\n",
  "conflict_file_id": 40,
  "filename": "webapp/src/compiler.ts",
  "last_commit_on_a": "ded0ddad1e06b40bf73331d82b47d093acc090e9",
  "last_commit_on_b": "43aed2f5a0085d7d51b13fcb5633574fff6e8857",
  "author_info_a": {
    "name": "Michal Moskal",
    "email": "michal@moskal.me"
  },
  "author_info_b": {
    "name": "Peli de Halleux",
    "email": "pelikhan@users.noreply.github.com"
  },
  "num_conflict_regions": 1,
  "conflict_region_spans": [
    {
      "conflict_id": 1,
      "a": {
        "start": 328,
        "end": 333
      },
      "base": {
        "start": 328,
        "end": 345
      },
      "b": {
        "start": 328,
        "end": 333
      }
    }
  ]
}