{
  "repository_origin_url": "https://github.com/microsoft/pxt.git",
  "commit_id": "bedcc0473750ca3815c219fa0dfd3a9e5d9550c1",
  "commit_date": "Wed, 6 Feb 2019 13:11:05 -0800",
  "commit_message": "Debugger - Adding features to variable explorer.\n- Coloring of variables according to value\n- Add useful object descriptions.\n- Expand objects.\n- Expand arrays.\n\n",
  "conflict_file_id": 41,
  "filename": "pxtsim/debugger.ts",
  "last_commit_on_a": "7cbbf07578b9e8bf8f0ad9c6b0c7c402b3abf8a3",
  "last_commit_on_b": "7dd47803a5545f97f1560a1bf160a69d3046e325",
  "author_info_a": {
    "name": "Gus Hurovich",
    "email": "t-guhur@microsoft.com"
  },
  "author_info_b": {
    "name": "Gus Hurovich",
    "email": "gushurovich@gmail.com"
  },
  "num_conflict_regions": 1,
  "conflict_region_spans": [
    {
      "conflict_id": 1,
      "a": {
        "start": 108,
        "end": 112
      },
      "base": {
        "start": 108,
        "end": 108
      },
      "b": {
        "start": 108,
        "end": 111
      }
    }
  ]
}