{
  "repository_origin_url": "https://github.com/microsoft/pxt.git",
  "commit_id": "bedcc0473750ca3815c219fa0dfd3a9e5d9550c1",
  "commit_date": "Wed, 6 Feb 2019 16:45:51 -0800",
  "commit_message": "More changes\n\n",
  "conflict_file_id": 42,
  "filename": "pxtsim/langsupport.ts",
  "last_commit_on_a": "6b13b33ee1feeef8253ba865013be4ae630cf983",
  "last_commit_on_b": "7dd47803a5545f97f1560a1bf160a69d3046e325",
  "author_info_a": {
    "name": "Gus Hurovich",
    "email": "t-guhur@microsoft.com"
  },
  "author_info_b": {
    "name": "Gus Hurovich",
    "email": "gushurovich@gmail.com"
  },
  "num_conflict_regions": 1,
  "conflict_region_spans": [
    {
      "conflict_id": 1,
      "a": {
        "start": 93,
        "end": 111
      },
      "base": {
        "start": 93,
        "end": 93
      },
      "b": {
        "start": 93,
        "end": 94
      }
    }
  ]
}