{
  "repository_origin_url": "https://github.com/microsoft/pxt.git",
  "commit_id": "048ea34764930e2cf7d9b2336e430ef6d9541a63",
  "commit_date": "Fri, 12 Oct 2018 18:08:05 -0700",
  "commit_message": "cancellable download\n\n",
  "conflict_file_id": 43,
  "filename": "pxtlib/webble.ts",
  "last_commit_on_a": "898262664a3cea6afe22c5ec8258741cd19e01f7",
  "last_commit_on_b": "945c7d41e6de8118347ca4086092639aa216aa76",
  "author_info_a": {
    "name": "Peli de Halleux",
    "email": "pelikhan@users.noreply.github.com"
  },
  "author_info_b": {
    "name": "Peli de Halleux",
    "email": "pelikhan@users.noreply.github.com"
  },
  "num_conflict_regions": 2,
  "conflict_region_spans": [
    {
      "conflict_id": 1,
      "a": {
        "start": 387,
        "end": 391
      },
      "base": {
        "start": 387,
        "end": 393
      },
      "b": {
        "start": 387,
        "end": 393
      }
    },
    {
      "conflict_id": 2,
      "a": {
        "start": 397,
        "end": 399
      },
      "base": {
        "start": 399,
        "end": 400
      },
      "b": {
        "start": 399,
        "end": 400
      }
    }
  ]
}