{
  "repository_origin_url": "https://github.com/microsoft/pxt.git",
  "commit_id": "5433f70b4ba6071b885c2e45b57b3f39f219c68b",
  "commit_date": "Tue, 15 Aug 2017 15:25:17 -0700",
  "commit_message": "[Accessibility] Tutorial (keyboard navigation + screen reader) (#2682)\n* Made the tutorial accessible with the keyboard and screen reader. Also fixed an issue where the Next button was clickable even when it was not visible at the screen when the step of the tutorial is explained into a modal.\n\n* Refactored initializeFocusTabIndex to make it not use Jquery\n\n* Made the tutorial name not focusable with the keyboard and made the dimmer closing on Escape key.\n\n",
  "conflict_file_id": 44,
  "filename": "webapp/src/core.ts",
  "last_commit_on_a": "988cb36c549bd4521fdd98454c8d1a1497d83653",
  "last_commit_on_b": "a33a58e7b5cb1784c4ed3a613f39a133286d546f",
  "author_info_a": {
    "name": "Etienne BAUDOUX",
    "email": "ebaudoux@velersoftware.com"
  },
  "author_info_b": {
    "name": "Sam El-Husseini",
    "email": "microsoftsam@users.noreply.github.com"
  },
  "num_conflict_regions": 1,
  "conflict_region_spans": [
    {
      "conflict_id": 1,
      "a": {
        "start": 42,
        "end": 43
      },
      "base": {
        "start": 42,
        "end": 43
      },
      "b": {
        "start": 42,
        "end": 43
      }
    }
  ]
}