{
  "repository_origin_url": "https://github.com/microsoft/pxt.git",
  "commit_id": "ab6bde2c320806fb2977d5e3dd2bbef7da50850a",
  "commit_date": "Mon, 24 Jul 2017 11:27:12 -0700",
  "commit_message": "Merge branch 'master' into freshcoat\n\n",
  "conflict_file_id": 45,
  "filename": "pxtblocks/blocklyloader.ts",
  "last_commit_on_a": "c889d855fbb65244270bc98045cd989f10f4817c",
  "last_commit_on_b": "3a3fe7504d4a24499037a1d918e938d9f03606fe",
  "author_info_a": {
    "name": "Sam El-Husseini",
    "email": "samelh@microsoft.com"
  },
  "author_info_b": {
    "name": "Sam El-Husseini",
    "email": "microsoftsam@users.noreply.github.com"
  },
  "num_conflict_regions": 2,
  "conflict_region_spans": [
    {
      "conflict_id": 1,
      "a": {
        "start": 1683,
        "end": 1685
      },
      "base": {
        "start": 1683,
        "end": 1685
      },
      "b": {
        "start": 1683,
        "end": 1686
      }
    },
    {
      "conflict_id": 2,
      "a": {
        "start": 1712,
        "end": 1715
      },
      "base": {
        "start": 1712,
        "end": 1714
      },
      "b": {
        "start": 1713,
        "end": 1717
      }
    }
  ]
}