{
  "repository_origin_url": "https://github.com/microsoft/pxt.git",
  "commit_id": "f8fe05cf8a97a363f07b9c5967d091bd20b85591",
  "commit_date": "Fri, 23 Jun 2017 16:39:41 -0700",
  "commit_message": "Merge branch 'master' into freshcoat\n# Conflicts:\n#\tpxtblocks/blocklyloader.ts\n#\tpxtlib/blocks.ts\n\n",
  "conflict_file_id": 46,
  "filename": "localtypings/pxtarget.d.ts",
  "last_commit_on_a": "a925182e08a96d7c4087222d7310a6ab8e7499b2",
  "last_commit_on_b": "e7743980b87cfce35b815e1f2366cc9107767c14",
  "author_info_a": {
    "name": "Sam El-Husseini",
    "email": "samelh@microsoft.com"
  },
  "author_info_b": {
    "name": "Sam El-Husseini",
    "email": "microsoftsam@users.noreply.github.com"
  },
  "num_conflict_regions": 1,
  "conflict_region_spans": [
    {
      "conflict_id": 1,
      "a": {
        "start": 200,
        "end": 201
      },
      "base": {
        "start": 200,
        "end": 200
      },
      "b": {
        "start": 200,
        "end": 208
      }
    }
  ]
}