{
  "repository_origin_url": "https://github.com/microsoft/pxt.git",
  "commit_id": "24f8ab9295b9aadacd46b240418ba67e480951b9",
  "commit_date": "Sun, 25 Jun 2017 21:27:37 -0700",
  "commit_message": "Merge branch 'master' into freshcoat\n# Conflicts:\n#\twebapp/public/blockly/blockly_compressed.js\n\n",
  "conflict_file_id": 47,
  "filename": "pxtblocks/blocklyloader.ts",
  "last_commit_on_a": "7700069c66b5eae4be9535686b0ff1664517b950",
  "last_commit_on_b": "57199322b8ee6281e0e0a9ae99f78c6398f82af7",
  "author_info_a": {
    "name": "Sam El-Husseini",
    "email": "samelh@microsoft.com"
  },
  "author_info_b": {
    "name": "Richard Knoll",
    "email": "riknoll@users.noreply.github.com"
  },
  "num_conflict_regions": 1,
  "conflict_region_spans": [
    {
      "conflict_id": 1,
      "a": {
        "start": 554,
        "end": 558
      },
      "base": {
        "start": 554,
        "end": 558
      },
      "b": {
        "start": 554,
        "end": 565
      }
    }
  ]
}