{
  "repository_origin_url": "https://github.com/microsoft/pxt.git",
  "commit_id": "0f166622ae4dec2ffae24fc5b1a724edca498c9e",
  "commit_date": "Wed, 21 Jun 2017 16:38:19 -0700",
  "commit_message": "Merge branch 'master' into freshcoat\n\n",
  "conflict_file_id": 48,
  "filename": "pxtlib/blocks.ts",
  "last_commit_on_a": "f5f53ff0a0d453790aea638786ddb95d91920cd4",
  "last_commit_on_b": "a925182e08a96d7c4087222d7310a6ab8e7499b2",
  "author_info_a": {
    "name": "Sam El-Husseini",
    "email": "samelh@microsoft.com"
  },
  "author_info_b": {
    "name": "Sam El-Husseini",
    "email": "samelh@microsoft.com"
  },
  "num_conflict_regions": 1,
  "conflict_region_spans": [
    {
      "conflict_id": 1,
      "a": {
        "start": 149,
        "end": 161
      },
      "base": {
        "start": 149,
        "end": 159
      },
      "b": {
        "start": 149,
        "end": 151
      }
    }
  ]
}