{
  "repository_origin_url": "https://github.com/microsoft/pxt.git",
  "commit_id": "0f166622ae4dec2ffae24fc5b1a724edca498c9e",
  "commit_date": "Wed, 21 Jun 2017 16:38:19 -0700",
  "commit_message": "Merge branch 'master' into freshcoat\n\n",
  "conflict_file_id": 49,
  "filename": "pxtblocks/blocklyloader.ts",
  "last_commit_on_a": "f5f53ff0a0d453790aea638786ddb95d91920cd4",
  "last_commit_on_b": "7700069c66b5eae4be9535686b0ff1664517b950",
  "author_info_a": {
    "name": "Sam El-Husseini",
    "email": "samelh@microsoft.com"
  },
  "author_info_b": {
    "name": "Sam El-Husseini",
    "email": "samelh@microsoft.com"
  },
  "num_conflict_regions": 1,
  "conflict_region_spans": [
    {
      "conflict_id": 1,
      "a": {
        "start": 2227,
        "end": 2251
      },
      "base": {
        "start": 2227,
        "end": 2250
      },
      "b": {
        "start": 2227,
        "end": 2227
      }
    }
  ]
}