{
  "repository_origin_url": "https://github.com/microsoft/pxt.git",
  "commit_id": "1a0abac6a44f91ba6cd799d4f994bb3b2d1001ce",
  "commit_date": "Thu, 5 Nov 2020 19:33:48 -0800",
  "commit_message": "merge in master\n\n",
  "conflict_file_id": 4,
  "filename": "pxtlib/cpp.ts",
  "last_commit_on_a": "ac5dc326d4054e80e7df9eadc68505aab44ef81b",
  "last_commit_on_b": "c63e4b2ba31abd9c86bd5ae832465e741deebb03",
  "author_info_a": {
    "name": "Joey Wunderlich",
    "email": "joey.wunderlich@gmail.com"
  },
  "author_info_b": {
    "name": "Peli de Halleux",
    "email": "pelikhan@users.noreply.github.com"
  },
  "num_conflict_regions": 1,
  "conflict_region_spans": [
    {
      "conflict_id": 1,
      "a": {
        "start": 1468,
        "end": 1469
      },
      "base": {
        "start": 1468,
        "end": 1469
      },
      "b": {
        "start": 1468,
        "end": 1469
      }
    }
  ]
}