{
  "repository_origin_url": "https://github.com/microsoft/pxt.git",
  "commit_id": "a925182e08a96d7c4087222d7310a6ab8e7499b2",
  "commit_date": "Wed, 21 Jun 2017 16:38:19 -0700",
  "commit_message": "Merge branch 'master' into freshcoat\n\n",
  "conflict_file_id": 50,
  "filename": "pxtlib/blocks.ts",
  "last_commit_on_a": "f5f53ff0a0d453790aea638786ddb95d91920cd4",
  "last_commit_on_b": "dcf40e00e6c18caea88c99a2730fdadb4f537c6e",
  "author_info_a": {
    "name": "Sam El-Husseini",
    "email": "samelh@microsoft.com"
  },
  "author_info_b": {
    "name": "Peli de Halleux",
    "email": "pelikhan@users.noreply.github.com"
  },
  "num_conflict_regions": 1,
  "conflict_region_spans": [
    {
      "conflict_id": 1,
      "a": {
        "start": 152,
        "end": 162
      },
      "base": {
        "start": 152,
        "end": 161
      },
      "b": {
        "start": 152,
        "end": 152
      }
    }
  ]
}