{
  "repository_origin_url": "https://github.com/microsoft/pxt.git",
  "commit_id": "a925182e08a96d7c4087222d7310a6ab8e7499b2",
  "commit_date": "Wed, 21 Jun 2017 16:38:19 -0700",
  "commit_message": "Merge branch 'master' into freshcoat\n\n",
  "conflict_file_id": 51,
  "filename": "pxtblocks/blocklyloader.ts",
  "last_commit_on_a": "f5f53ff0a0d453790aea638786ddb95d91920cd4",
  "last_commit_on_b": "96c6a43d6ba30c360e4a48e8e60ce01e0630d532",
  "author_info_a": {
    "name": "Sam El-Husseini",
    "email": "samelh@microsoft.com"
  },
  "author_info_b": {
    "name": "Sam El-Husseini",
    "email": "microsoftsam@users.noreply.github.com"
  },
  "num_conflict_regions": 1,
  "conflict_region_spans": [
    {
      "conflict_id": 1,
      "a": {
        "start": 2178,
        "end": 2202
      },
      "base": {
        "start": 2178,
        "end": 2201
      },
      "b": {
        "start": 2178,
        "end": 2178
      }
    }
  ]
}