{
  "repository_origin_url": "https://github.com/microsoft/pxt.git",
  "commit_id": "64a57a014795f00e190c23e466e6f0b5bcd8e38b",
  "commit_date": "Wed, 14 Jun 2017 15:08:21 -0700",
  "commit_message": "Adding support for extending Blockly.Colours\n\n",
  "conflict_file_id": 52,
  "filename": "localtypings/blockly.d.ts",
  "last_commit_on_a": "2b10beb4a0f515d8d7ca2cc8c9fdabc68600a908",
  "last_commit_on_b": "a5ed2ce8d746ca29a9993779cac35226a38b54cc",
  "author_info_a": {
    "name": "Sam El-Husseini",
    "email": "samelh@microsoft.com"
  },
  "author_info_b": {
    "name": "Sam El-Husseini",
    "email": "microsoftsam@users.noreply.github.com"
  },
  "num_conflict_regions": 3,
  "conflict_region_spans": [
    {
      "conflict_id": 1,
      "a": {
        "start": 345,
        "end": 350
      },
      "base": {
        "start": 345,
        "end": 346
      },
      "b": {
        "start": 345,
        "end": 346
      }
    },
    {
      "conflict_id": 2,
      "a": {
        "start": 448,
        "end": 453
      },
      "base": {
        "start": 444,
        "end": 445
      },
      "b": {
        "start": 444,
        "end": 445
      }
    },
    {
      "conflict_id": 3,
      "a": {
        "start": 797,
        "end": 804
      },
      "base": {
        "start": 789,
        "end": 789
      },
      "b": {
        "start": 789,
        "end": 796
      }
    }
  ]
}