{
  "repository_origin_url": "https://github.com/microsoft/pxt.git",
  "commit_id": "b6d5b9ae186547ff168bc874d155f0a872b2e5d3",
  "commit_date": "Mon, 24 Apr 2017 14:37:47 -0700",
  "commit_message": "More array blocks work\n\n",
  "conflict_file_id": 53,
  "filename": "libs/pxt-common/pxt-helpers.ts",
  "last_commit_on_a": "16d30ad0168aad8f1cfed0713831a6a9d53b6add",
  "last_commit_on_b": "2506425c61e7ee1c56cae2e719566d09c179dc4d",
  "author_info_a": {
    "name": "Richard Knoll",
    "email": "riknoll@microsoft.com"
  },
  "author_info_b": {
    "name": "Tom Ball",
    "email": "tball@microsoft.com"
  },
  "num_conflict_regions": 1,
  "conflict_region_spans": [
    {
      "conflict_id": 1,
      "a": {
        "start": 47,
        "end": 50
      },
      "base": {
        "start": 47,
        "end": 50
      },
      "b": {
        "start": 47,
        "end": 50
      }
    }
  ]
}