{
  "repository_origin_url": "https://github.com/microsoft/pxt.git",
  "commit_id": "ca3d6c1d460d5d9cfae7c7c55dc1a182524c5561",
  "commit_date": "Thu, 2 Feb 2017 14:50:57 -0800",
  "commit_message": "Unweighted subcategories can be sorted alphabetically\n\n",
  "conflict_file_id": 54,
  "filename": "pxtblocks/blocklyloader.ts",
  "last_commit_on_a": "0f62315db3ec3ba1a254c9c24600c6c413eded34",
  "last_commit_on_b": "ff88c2efd4c390af1270602d8e7198618b42d4b1",
  "author_info_a": {
    "name": "Richard Knoll",
    "email": "riknoll@microsoft.com"
  },
  "author_info_b": {
    "name": "Sam El-Husseini",
    "email": "microsoftsam@users.noreply.github.com"
  },
  "num_conflict_regions": 2,
  "conflict_region_spans": [
    {
      "conflict_id": 1,
      "a": {
        "start": 202,
        "end": 203
      },
      "base": {
        "start": 202,
        "end": 203
      },
      "b": {
        "start": 202,
        "end": 203
      }
    },
    {
      "conflict_id": 2,
      "a": {
        "start": 758,
        "end": 760
      },
      "base": {
        "start": 758,
        "end": 760
      },
      "b": {
        "start": 758,
        "end": 760
      }
    }
  ]
}