{
  "repository_origin_url": "https://github.com/microsoft/pxt.git",
  "commit_id": "a19aed75a6f2fedb12e5a794492fb5e8a02616a3",
  "commit_date": "Mon, 5 Dec 2016 16:12:43 -0800",
  "commit_message": "debug work\n\n",
  "conflict_file_id": 55,
  "filename": "cli/cli.ts",
  "last_commit_on_a": "4c1487a4e3f96f96885203f593bdaf2748c170dc",
  "last_commit_on_b": "226295a1f6a5fb524cd688652df472c91160ffb1",
  "author_info_a": {
    "name": "Richard Knoll",
    "email": "riknoll@microsoft.com"
  },
  "author_info_b": {
    "name": "Peli de Halleux",
    "email": "jhalleux@microsoft.com"
  },
  "num_conflict_regions": 3,
  "conflict_region_spans": [
    {
      "conflict_id": 1,
      "a": {
        "start": 1565,
        "end": 1569
      },
      "base": {
        "start": 1565,
        "end": 1568
      },
      "b": {
        "start": 1565,
        "end": 1570
      }
    },
    {
      "conflict_id": 2,
      "a": {
        "start": 3191,
        "end": 3207
      },
      "base": {
        "start": 3190,
        "end": 3194
      },
      "b": {
        "start": 3192,
        "end": 3194
      }
    },
    {
      "conflict_id": 3,
      "a": {
        "start": 3565,
        "end": 3648
      },
      "base": {
        "start": 3552,
        "end": 3635
      },
      "b": {
        "start": 3552,
        "end": 3601
      }
    }
  ]
}