{
  "repository_origin_url": "https://github.com/microsoft/pxt.git",
  "commit_id": "c49ebdc33c6eded63bf818f72ab100ceb55d3215",
  "commit_date": "Mon, 28 Nov 2016 17:15:08 -0800",
  "commit_message": "store passwords using keytar\n\n",
  "conflict_file_id": 56,
  "filename": "cli/cli.ts",
  "last_commit_on_a": "69615336ea3522b7d9f0750ed775c8625618ead4",
  "last_commit_on_b": "11aa2ae434cb9a21f673f111563fd9755b3f533c",
  "author_info_a": {
    "name": "Peli de Halleux",
    "email": "jhalleux@microsoft.com"
  },
  "author_info_b": {
    "name": "Richard Knoll",
    "email": "riknoll@microsoft.com"
  },
  "num_conflict_regions": 1,
  "conflict_region_spans": [
    {
      "conflict_id": 1,
      "a": {
        "start": 126,
        "end": 159
      },
      "base": {
        "start": 126,
        "end": 128
      },
      "b": {
        "start": 126,
        "end": 128
      }
    }
  ]
}