{
  "repository_origin_url": "https://github.com/microsoft/pxt.git",
  "commit_id": "11aa2ae434cb9a21f673f111563fd9755b3f533c",
  "commit_date": "Mon, 28 Nov 2016 14:40:00 -0800",
  "commit_message": "filtering out advanced commands from help\n\n",
  "conflict_file_id": 57,
  "filename": "cli/cli.ts",
  "last_commit_on_a": "c6a5cb55665d38d7d5dcd5a8d6c9b628b099778c",
  "last_commit_on_b": "75c1538858004888846d6591856a503a537cabc5",
  "author_info_a": {
    "name": "Richard Knoll",
    "email": "riknoll@microsoft.com"
  },
  "author_info_b": {
    "name": "Peli de Halleux",
    "email": "pelikhan@users.noreply.github.com"
  },
  "num_conflict_regions": 4,
  "conflict_region_spans": [
    {
      "conflict_id": 1,
      "a": {
        "start": 127,
        "end": 132
      },
      "base": {
        "start": 127,
        "end": 131
      },
      "b": {
        "start": 127,
        "end": 132
      }
    },
    {
      "conflict_id": 2,
      "a": {
        "start": 1535,
        "end": 1536
      },
      "base": {
        "start": 1534,
        "end": 1535
      },
      "b": {
        "start": 1535,
        "end": 1537
      }
    },
    {
      "conflict_id": 3,
      "a": {
        "start": 3456,
        "end": 3458
      },
      "base": {
        "start": 3455,
        "end": 3457
      },
      "b": {
        "start": 3457,
        "end": 3466
      }
    },
    {
      "conflict_id": 4,
      "a": {
        "start": 3497,
        "end": 3537
      },
      "base": {
        "start": 3496,
        "end": 3580
      },
      "b": {
        "start": 3505,
        "end": 3589
      }
    }
  ]
}