{
  "repository_origin_url": "https://github.com/microsoft/pxt.git",
  "commit_id": "2d466581c41d77c86cc9945d85196392b65e3b37",
  "commit_date": "Tue, 8 Nov 2016 15:39:37 -0800",
  "commit_message": "Proper command line parsing\n\n",
  "conflict_file_id": 58,
  "filename": "cli/cli.ts",
  "last_commit_on_a": "7946da6445e38776929b8a62a78fcc083231dbc9",
  "last_commit_on_b": "77c5c2102580824f7f1195d3c75163ed1612f9d0",
  "author_info_a": {
    "name": "Richard Knoll",
    "email": "riknoll@microsoft.com"
  },
  "author_info_b": {
    "name": "Sam El-Husseini",
    "email": "microsoftsam@users.noreply.github.com"
  },
  "num_conflict_regions": 6,
  "conflict_region_spans": [
    {
      "conflict_id": 1,
      "a": {
        "start": 1482,
        "end": 1483
      },
      "base": {
        "start": 1482,
        "end": 1483
      },
      "b": {
        "start": 1482,
        "end": 1484
      }
    },
    {
      "conflict_id": 2,
      "a": {
        "start": 1490,
        "end": 1491
      },
      "base": {
        "start": 1490,
        "end": 1491
      },
      "b": {
        "start": 1491,
        "end": 1493
      }
    },
    {
      "conflict_id": 3,
      "a": {
        "start": 1520,
        "end": 1522
      },
      "base": {
        "start": 1520,
        "end": 1522
      },
      "b": {
        "start": 1522,
        "end": 1525
      }
    },
    {
      "conflict_id": 4,
      "a": {
        "start": 1525,
        "end": 1547
      },
      "base": {
        "start": 1525,
        "end": 1546
      },
      "b": {
        "start": 1528,
        "end": 1528
      }
    },
    {
      "conflict_id": 5,
      "a": {
        "start": 3141,
        "end": 3143
      },
      "base": {
        "start": 3140,
        "end": 3144
      },
      "b": {
        "start": 3122,
        "end": 3136
      }
    },
    {
      "conflict_id": 6,
      "a": {
        "start": 3464,
        "end": 3497
      },
      "base": {
        "start": 3465,
        "end": 3549
      },
      "b": {
        "start": 3457,
        "end": 3554
      }
    }
  ]
}