{
  "repository_origin_url": "https://github.com/microsoft/pxt.git",
  "commit_id": "b70c52cbdff2004d484c9c21652d573b552f8956",
  "commit_date": "Tue, 15 Nov 2016 10:46:16 -0800",
  "commit_message": "work\n\n",
  "conflict_file_id": 59,
  "filename": "cli/cli.ts",
  "last_commit_on_a": "e0bdf48ffc74099cbfafbc719471926393a68d99",
  "last_commit_on_b": "f470e6066cef5e74c27d48de76bfafab485da941",
  "author_info_a": {
    "name": "Richard Knoll",
    "email": "riknoll@microsoft.com"
  },
  "author_info_b": {
    "name": "Peli de Halleux",
    "email": "jhalleux@microsoft.com"
  },
  "num_conflict_regions": 1,
  "conflict_region_spans": [
    {
      "conflict_id": 1,
      "a": {
        "start": 3162,
        "end": 3177
      },
      "base": {
        "start": 3162,
        "end": 3165
      },
      "b": {
        "start": 3162,
        "end": 3175
      }
    }
  ]
}