{
  "repository_origin_url": "https://github.com/microsoft/pxt.git",
  "commit_id": "1a0abac6a44f91ba6cd799d4f994bb3b2d1001ce",
  "commit_date": "Thu, 5 Nov 2020 19:33:48 -0800",
  "commit_message": "merge in master\n\n",
  "conflict_file_id": 5,
  "filename": "webapp/src/cmds.ts",
  "last_commit_on_a": "ac5dc326d4054e80e7df9eadc68505aab44ef81b",
  "last_commit_on_b": "55b6e93b01ed98ff24f172aa7f145d6d75b747ca",
  "author_info_a": {
    "name": "Joey Wunderlich",
    "email": "joey.wunderlich@gmail.com"
  },
  "author_info_b": {
    "name": "Peli de Halleux",
    "email": "pelikhan@users.noreply.github.com"
  },
  "num_conflict_regions": 1,
  "conflict_region_spans": [
    {
      "conflict_id": 1,
      "a": {
        "start": 227,
        "end": 228
      },
      "base": {
        "start": 227,
        "end": 229
      },
      "b": {
        "start": 227,
        "end": 229
      }
    }
  ]
}