{
  "repository_origin_url": "https://github.com/microsoft/pxt.git",
  "commit_id": "a3cd5e1840c4273f20fab183ab0afdc52636279a",
  "commit_date": "Thu, 29 Sep 2016 21:11:12 +0100",
  "commit_message": "Unused symbol pruning\n\n",
  "conflict_file_id": 60,
  "filename": "cli/cli.ts",
  "last_commit_on_a": "b1b708d64210703c5f8759e7b12a1c2f0bd98195",
  "last_commit_on_b": "ad03b18adb9d0e972c5247ef6ff5a89ecc6befaa",
  "author_info_a": {
    "name": "Michal Moskal",
    "email": "michal@moskal.me"
  },
  "author_info_b": {
    "name": "Peli de Halleux",
    "email": "jhalleux@microsoft.com"
  },
  "num_conflict_regions": 4,
  "conflict_region_spans": [
    {
      "conflict_id": 1,
      "a": {
        "start": 13,
        "end": 14
      },
      "base": {
        "start": 13,
        "end": 13
      },
      "b": {
        "start": 13,
        "end": 14
      }
    },
    {
      "conflict_id": 2,
      "a": {
        "start": 1029,
        "end": 1061
      },
      "base": {
        "start": 1028,
        "end": 1061
      },
      "b": {
        "start": 1029,
        "end": 1061
      }
    },
    {
      "conflict_id": 3,
      "a": {
        "start": 1075,
        "end": 1082
      },
      "base": {
        "start": 1075,
        "end": 1083
      },
      "b": {
        "start": 1075,
        "end": 1097
      }
    },
    {
      "conflict_id": 4,
      "a": {
        "start": 3485,
        "end": 3582
      },
      "base": {
        "start": 3486,
        "end": 3488
      },
      "b": {
        "start": 3500,
        "end": 3507
      }
    }
  ]
}