{
  "repository_origin_url": "https://github.com/microsoft/pxt.git",
  "commit_id": "ae74051cd9926198033d65d7840db576e0cb7aef",
  "commit_date": "Thu, 20 Oct 2016 18:12:07 +0100",
  "commit_message": "Add 'pxt pokerepo'\n\n",
  "conflict_file_id": 61,
  "filename": "cli/cli.ts",
  "last_commit_on_a": "50f99a395f8f5fda67529bc552cde1a8fa5c8b5c",
  "last_commit_on_b": "e4f47bc74c6dc19a931e69f2850dbffcb3931576",
  "author_info_a": {
    "name": "Michal Moskal",
    "email": "michal@moskal.me"
  },
  "author_info_b": {
    "name": "Peli de Halleux",
    "email": "jhalleux@microsoft.com"
  },
  "num_conflict_regions": 1,
  "conflict_region_spans": [
    {
      "conflict_id": 1,
      "a": {
        "start": 187,
        "end": 200
      },
      "base": {
        "start": 187,
        "end": 187
      },
      "b": {
        "start": 187,
        "end": 234
      }
    }
  ]
}