{
  "repository_origin_url": "https://github.com/microsoft/pxt.git",
  "commit_id": "be94ca60d54851a9499bbfd2ef36b94f2ff30212",
  "commit_date": "Fri, 7 Oct 2016 09:55:19 -0700",
  "commit_message": "timing analytics\n\n",
  "conflict_file_id": 62,
  "filename": "pxtlib/main.ts",
  "last_commit_on_a": "0a05e6292bacb521f352b754d9f1e6841bb1816d",
  "last_commit_on_b": "00a316029fdae1376a3204cf196d047f3b49bc4c",
  "author_info_a": {
    "name": "Peli de Halleux",
    "email": "jhalleux@microsoft.com"
  },
  "author_info_b": {
    "name": "Peli de Halleux",
    "email": "pelikhan@users.noreply.github.com"
  },
  "num_conflict_regions": 1,
  "conflict_region_spans": [
    {
      "conflict_id": 1,
      "a": {
        "start": 53,
        "end": 62
      },
      "base": {
        "start": 53,
        "end": 55
      },
      "b": {
        "start": 53,
        "end": 62
      }
    }
  ]
}