{
  "repository_origin_url": "https://github.com/microsoft/pxt.git",
  "commit_id": "3ffb35001a6bf108e2ec7bc609eda02b99adbde9",
  "commit_date": "Wed, 28 Sep 2016 11:26:20 -0700",
  "commit_message": "raster screenshot to .png\n\n",
  "conflict_file_id": 63,
  "filename": "pxtblocks/blocklylayout.ts",
  "last_commit_on_a": "9f6ba13213c3add583ebfab6c4b85e2c63b21e29",
  "last_commit_on_b": "f733a45265b722bf3ef9f678569674736556797d",
  "author_info_a": {
    "name": "Peli de Halleux",
    "email": "jhalleux@microsoft.com"
  },
  "author_info_b": {
    "name": "Sam El-Husseini",
    "email": "samelh@microsoft.com"
  },
  "num_conflict_regions": 1,
  "conflict_region_spans": [
    {
      "conflict_id": 1,
      "a": {
        "start": 25,
        "end": 33
      },
      "base": {
        "start": 25,
        "end": 29
      },
      "b": {
        "start": 25,
        "end": 29
      }
    }
  ]
}