{
  "repository_origin_url": "https://github.com/microsoft/pxt.git",
  "commit_id": "5ea2aae93f4161c2a2899d8f609ba86370554762",
  "commit_date": "Thu, 22 Sep 2016 15:23:29 -0700",
  "commit_message": "Call expressions can be output blocks as well\n\n",
  "conflict_file_id": 64,
  "filename": "pxtlib/emitter/decompiler.ts",
  "last_commit_on_a": "fe19babba834110595e128a71113b37e94fcafca",
  "last_commit_on_b": "77464adff50edd8d2db2f36ecd35fbd2e4687173",
  "author_info_a": {
    "name": "Richard Knoll",
    "email": "riknoll@microsoft.com"
  },
  "author_info_b": {
    "name": "Richard Knoll",
    "email": "riknoll@microsoft.com"
  },
  "num_conflict_regions": 1,
  "conflict_region_spans": [
    {
      "conflict_id": 1,
      "a": {
        "start": 567,
        "end": 574
      },
      "base": {
        "start": 567,
        "end": 589
      },
      "b": {
        "start": 567,
        "end": 596
      }
    }
  ]
}