{
  "repository_origin_url": "https://github.com/microsoft/pxt.git",
  "commit_id": "d488d7f6a112a3715e2dc55f598a730d66de522d",
  "commit_date": "Wed, 7 Sep 2016 01:45:02 +0900",
  "commit_message": "Do not use strange strings for lf().\nThis is because we cannot provide an \"English\" translation file at this\npoint. We have to leave the problem of words with multiple meanings\nunsolved. This should be solved separately later.\n\nPlease note the logical equalness test is now marked up as `lf(\"==\")`\ninstead of `=`.\n\n",
  "conflict_file_id": 65,
  "filename": "pxtblocks/blocklyloader.ts",
  "last_commit_on_a": "59e74a5269f2254aa391b954cd015b42113fd5e4",
  "last_commit_on_b": "7088e29a297de67d8a501bc62e3faf25036710ad",
  "author_info_a": {
    "name": "Shigeru KANEMOTO",
    "email": "sgk@switch-science.com"
  },
  "author_info_b": {
    "name": "Peli de Halleux",
    "email": "jhalleux@microsoft.com"
  },
  "num_conflict_regions": 1,
  "conflict_region_spans": [
    {
      "conflict_id": 1,
      "a": {
        "start": 573,
        "end": 581
      },
      "base": {
        "start": 573,
        "end": 577
      },
      "b": {
        "start": 573,
        "end": 577
      }
    }
  ]
}