{
  "repository_origin_url": "https://github.com/microsoft/pxt.git",
  "commit_id": "7d5dd7ba990a211e285330073c43f669f00b0b1e",
  "commit_date": "Tue, 23 Aug 2016 21:01:31 +0300",
  "commit_message": "Towards getters and setters\n\n",
  "conflict_file_id": 66,
  "filename": "pxtlib/emitter/emitter.ts",
  "last_commit_on_a": "777973f5f4f557a5b92b48ea429f5572cca50124",
  "last_commit_on_b": "2efa4d1cf79fd0abb4d528cceee47e39bb256813",
  "author_info_a": {
    "name": "Michal Moskal",
    "email": "michal@moskal.me"
  },
  "author_info_b": {
    "name": "Michal Moskal",
    "email": "michal@moskal.me"
  },
  "num_conflict_regions": 1,
  "conflict_region_spans": [
    {
      "conflict_id": 1,
      "a": {
        "start": 1388,
        "end": 1389
      },
      "base": {
        "start": 1388,
        "end": 1389
      },
      "b": {
        "start": 1388,
        "end": 1389
      }
    }
  ]
}