{
  "repository_origin_url": "https://github.com/microsoft/pxt.git",
  "commit_id": "ab8461350a58df563a3fb9766ccfe9ce92f654bc",
  "commit_date": "Fri, 5 Aug 2016 08:33:24 +0200",
  "commit_message": "add test (before branching off avr)\n\n",
  "conflict_file_id": 67,
  "filename": "pxtlib/emitter/avr.ts",
  "last_commit_on_a": "b8e2f49e88d22e18d8151ed9fd0d60713c1fdc88",
  "last_commit_on_b": "08f8b920bd93c5728f96b471b6bfdb5155973d0b",
  "author_info_a": {
    "name": "Tom Ball",
    "email": "tball@microsoft.com"
  },
  "author_info_b": {
    "name": "Peli de Halleux",
    "email": "jhalleux@microsoft.com"
  },
  "num_conflict_regions": 2,
  "conflict_region_spans": [
    {
      "conflict_id": 1,
      "a": {
        "start": 203,
        "end": 203
      },
      "base": {
        "start": 203,
        "end": 216
      },
      "b": {
        "start": 203,
        "end": 216
      }
    },
    {
      "conflict_id": 2,
      "a": {
        "start": 204,
        "end": 277
      },
      "base": {
        "start": 217,
        "end": 297
      },
      "b": {
        "start": 217,
        "end": 297
      }
    }
  ]
}