{
  "repository_origin_url": "https://github.com/microsoft/pxt.git",
  "commit_id": "dd526ab781bc690a04d2d14fd870d1835f788386",
  "commit_date": "Wed, 27 Jul 2016 13:25:39 +0100",
  "commit_message": "refSuff -> refStuff -> refSuffix correction\n\n",
  "conflict_file_id": 68,
  "filename": "pxtlib/emitter/emitter.ts",
  "last_commit_on_a": "d519e99835916be935247935d800dd8490c1560c",
  "last_commit_on_b": "fa245eeeffcda4409cf6c9ada6574c52d3d4f0f9",
  "author_info_a": {
    "name": "Thomas Denney",
    "email": "a-thdenn@microsoft.com"
  },
  "author_info_b": {
    "name": "Michal Moskal",
    "email": "michal@moskal.me"
  },
  "num_conflict_regions": 1,
  "conflict_region_spans": [
    {
      "conflict_id": 1,
      "a": {
        "start": 1288,
        "end": 1297
      },
      "base": {
        "start": 1288,
        "end": 1297
      },
      "b": {
        "start": 1288,
        "end": 1297
      }
    }
  ]
}