{
  "repository_origin_url": "https://github.com/microsoft/pxt.git",
  "commit_id": "89866e9620291a0047ba54fe0aa0aeb18a327005",
  "commit_date": "Mon, 25 Jul 2016 16:26:29 +0100",
  "commit_message": "Linting fixes\n\n",
  "conflict_file_id": 69,
  "filename": "pxtblocks/blocklycompiler.ts",
  "last_commit_on_a": "dfcc9a25032ac534639b2c93e9600dd834624034",
  "last_commit_on_b": "6f966bcc00a34ff032f3e6080091013a23dc1441",
  "author_info_a": {
    "name": "Thomas Denney",
    "email": "me@thomasdenney.co.uk"
  },
  "author_info_b": {
    "name": "Peli de Halleux",
    "email": "jhalleux@microsoft.com"
  },
  "num_conflict_regions": 1,
  "conflict_region_spans": [
    {
      "conflict_id": 1,
      "a": {
        "start": 1327,
        "end": 1329
      },
      "base": {
        "start": 1327,
        "end": 1329
      },
      "b": {
        "start": 1327,
        "end": 1328
      }
    }
  ]
}