{
  "repository_origin_url": "https://github.com/microsoft/pxt.git",
  "commit_id": "1a0abac6a44f91ba6cd799d4f994bb3b2d1001ce",
  "commit_date": "Thu, 5 Nov 2020 19:33:48 -0800",
  "commit_message": "merge in master\n\n",
  "conflict_file_id": 6,
  "filename": "webapp/src/package.ts",
  "last_commit_on_a": "ac5dc326d4054e80e7df9eadc68505aab44ef81b",
  "last_commit_on_b": "bb80d6ded360e22d96bc7608d77afc1dfbf4024b",
  "author_info_a": {
    "name": "Joey Wunderlich",
    "email": "joey.wunderlich@gmail.com"
  },
  "author_info_b": {
    "name": "Daryl Zuniga",
    "email": "Daryl.Zuniga@gmail.com"
  },
  "num_conflict_regions": 1,
  "conflict_region_spans": [
    {
      "conflict_id": 1,
      "a": {
        "start": 424,
        "end": 450
      },
      "base": {
        "start": 424,
        "end": 450
      },
      "b": {
        "start": 424,
        "end": 424
      }
    }
  ]
}