{
  "repository_origin_url": "https://github.com/microsoft/pxt.git",
  "commit_id": "603d6d9ead9f97e5e1b3f48cb2c03e2c701709ac",
  "commit_date": "Mon, 25 Jul 2016 16:18:58 +0100",
  "commit_message": "Fixed linting issues\n\n",
  "conflict_file_id": 70,
  "filename": "pxtblocks/blocklycompiler.ts",
  "last_commit_on_a": "6170033f2bc8a45c92774d24433fe7f38b67d2b4",
  "last_commit_on_b": "6f966bcc00a34ff032f3e6080091013a23dc1441",
  "author_info_a": {
    "name": "Thomas Denney",
    "email": "me@thomasdenney.co.uk"
  },
  "author_info_b": {
    "name": "Peli de Halleux",
    "email": "jhalleux@microsoft.com"
  },
  "num_conflict_regions": 1,
  "conflict_region_spans": [
    {
      "conflict_id": 1,
      "a": {
        "start": 1327,
        "end": 1329
      },
      "base": {
        "start": 1327,
        "end": 1329
      },
      "b": {
        "start": 1327,
        "end": 1328
      }
    }
  ]
}