{
  "repository_origin_url": "https://github.com/microsoft/pxt.git",
  "commit_id": "264a75220dfe59639a70d9a33703f22efcddfedb",
  "commit_date": "Fri, 22 Jul 2016 19:50:38 +0100",
  "commit_message": "Really hacky work for testing compilation to blocks server-side\n\n",
  "conflict_file_id": 71,
  "filename": "cli/cli.ts",
  "last_commit_on_a": "8d6e4300a22bc1be466499dfdf473b59cb26a35d",
  "last_commit_on_b": "8185e2316355e30bff4c3309184ac6eb64c417f6",
  "author_info_a": {
    "name": "Thomas Denney",
    "email": "me@thomasdenney.co.uk"
  },
  "author_info_b": {
    "name": "Michal Moskal",
    "email": "michal@moskal.me"
  },
  "num_conflict_regions": 2,
  "conflict_region_spans": [
    {
      "conflict_id": 1,
      "a": {
        "start": 1878,
        "end": 2956
      },
      "base": {
        "start": 1878,
        "end": 1879
      },
      "b": {
        "start": 1878,
        "end": 1879
      }
    },
    {
      "conflict_id": 2,
      "a": {
        "start": 3336,
        "end": 3339
      },
      "base": {
        "start": 2259,
        "end": 2261
      },
      "b": {
        "start": 2259,
        "end": 2261
      }
    }
  ]
}