{
  "repository_origin_url": "https://github.com/microsoft/pxt.git",
  "commit_id": "7462a6c76a6730fa435ce89b92297261acdc4d2d",
  "commit_date": "Fri, 6 May 2016 12:50:14 +0100",
  "commit_message": "Simshim works for sample\n\n",
  "conflict_file_id": 72,
  "filename": "pxtlib/simshim.ts",
  "last_commit_on_a": "d29ddf90b3ac09c7928fdf9ed9bedf11fd42795f",
  "last_commit_on_b": "474b0b93711e780f393fd2f216e68a8a80ba1227",
  "author_info_a": {
    "name": "Michal Moskal",
    "email": "michal.moskal@microsoft.com"
  },
  "author_info_b": {
    "name": "Peli de Halleux",
    "email": "jhalleux@microsoft.com"
  },
  "num_conflict_regions": 3,
  "conflict_region_spans": [
    {
      "conflict_id": 1,
      "a": {
        "start": 18,
        "end": 21
      },
      "base": {
        "start": 18,
        "end": 21
      },
      "b": {
        "start": 18,
        "end": 21
      }
    },
    {
      "conflict_id": 2,
      "a": {
        "start": 47,
        "end": 91
      },
      "base": {
        "start": 47,
        "end": 48
      },
      "b": {
        "start": 47,
        "end": 48
      }
    },
    {
      "conflict_id": 3,
      "a": {
        "start": 97,
        "end": 99
      },
      "base": {
        "start": 54,
        "end": 55
      },
      "b": {
        "start": 54,
        "end": 55
      }
    }
  ]
}