{
  "repository_origin_url": "https://github.com/microsoft/pxt.git",
  "commit_id": "7462a6c76a6730fa435ce89b92297261acdc4d2d",
  "commit_date": "Fri, 6 May 2016 12:49:59 +0100",
  "commit_message": "Add Promise support in simulator/runtime\n\n",
  "conflict_file_id": 73,
  "filename": "pxtsim/runtime.ts",
  "last_commit_on_a": "47d86bff873d85ff507b7c0289170ab603b50cdf",
  "last_commit_on_b": "c2a54a6c2b0bc2fecd2391deda310d11560a1090",
  "author_info_a": {
    "name": "Michal Moskal",
    "email": "michal.moskal@microsoft.com"
  },
  "author_info_b": {
    "name": "Peli de Halleux",
    "email": "jhalleux@microsoft.com"
  },
  "num_conflict_regions": 1,
  "conflict_region_spans": [
    {
      "conflict_id": 1,
      "a": {
        "start": 4,
        "end": 6
      },
      "base": {
        "start": 4,
        "end": 6
      },
      "b": {
        "start": 4,
        "end": 6
      }
    }
  ]
}