{
  "repository_origin_url": "https://github.com/microsoft/pxt.git",
  "commit_id": "0d5988087586a26b35f34eda94701b3d1ec9a34a",
  "commit_date": "Wed, 23 Mar 2016 17:12:13 +0100",
  "commit_message": "Adjust to new diagnostics\n\n",
  "conflict_file_id": 74,
  "filename": "kindblocks/decompiler.ts",
  "last_commit_on_a": "cd1f26e7b4b13fd7b1ae8333ded1854a9886dfe9",
  "last_commit_on_b": "f18965b1c847728f07a680cdf590048b002a87b2",
  "author_info_a": {
    "name": "Michal Moskal",
    "email": "michal.moskal@microsoft.com"
  },
  "author_info_b": {
    "name": "Peli de Halleux",
    "email": "jhalleux@microsoft.com"
  },
  "num_conflict_regions": 1,
  "conflict_region_spans": [
    {
      "conflict_id": 1,
      "a": {
        "start": 108,
        "end": 110
      },
      "base": {
        "start": 108,
        "end": 109
      },
      "b": {
        "start": 108,
        "end": 110
      }
    }
  ]
}