{
  "repository_origin_url": "https://github.com/microsoft/pxt.git",
  "commit_id": "d83bae87cd7aca8ca4e35e57350a6f5affe4a01c",
  "commit_date": "Thu, 17 Mar 2016 10:22:37 -0700",
  "commit_message": "pass blocksinfo to decompiler\n\n",
  "conflict_file_id": 75,
  "filename": "kindblocks/decompiler.ts",
  "last_commit_on_a": "909104343bf9af22df82a0fa46fd1917fd57181b",
  "last_commit_on_b": "0bd209463a9b6fc9b797ea06e1dd5453e41e679b",
  "author_info_a": {
    "name": "Peli de Halleux",
    "email": "jhalleux@microsoft.com"
  },
  "author_info_b": {
    "name": "Michal Moskal",
    "email": "michal.moskal@microsoft.com"
  },
  "num_conflict_regions": 1,
  "conflict_region_spans": [
    {
      "conflict_id": 1,
      "a": {
        "start": 121,
        "end": 128
      },
      "base": {
        "start": 121,
        "end": 121
      },
      "b": {
        "start": 121,
        "end": 122
      }
    }
  ]
}