{
  "repository_origin_url": "https://github.com/microsoft/pxt.git",
  "commit_id": "aa71c750b629f9e91c90a80c562e939a145fe859",
  "commit_date": "Mon, 7 Mar 2016 13:14:52 -0800",
  "commit_message": "handle enum values as integers\n\n",
  "conflict_file_id": 76,
  "filename": "yelmlib/emitter/emitter.ts",
  "last_commit_on_a": "bfc0f1f1d7a6b7a896f2c3b57a46068868b99418",
  "last_commit_on_b": "d9f601481040463a5ac09214e4715280ec66282d",
  "author_info_a": {
    "name": "Peli de Halleux",
    "email": "jhalleux@microsoft.com"
  },
  "author_info_b": {
    "name": "Michal Moskal",
    "email": "michal.moskal@microsoft.com"
  },
  "num_conflict_regions": 1,
  "conflict_region_spans": [
    {
      "conflict_id": 1,
      "a": {
        "start": 620,
        "end": 633
      },
      "base": {
        "start": 620,
        "end": 629
      },
      "b": {
        "start": 620,
        "end": 629
      }
    }
  ]
}