{
  "repository_origin_url": "https://github.com/microsoft/pxt.git",
  "commit_id": "c6518bfdff69a5f9d67220e8acaa940ade3bb594",
  "commit_date": "Wed, 2 Mar 2016 16:16:03 -0800",
  "commit_message": "Crash 'yelm run' when simulator crashes\n\n",
  "conflict_file_id": 77,
  "filename": "cli/cli.ts",
  "last_commit_on_a": "775d83748f277b4f27d29ad6b5faf38c0f78b78e",
  "last_commit_on_b": "567fe306af91949a93626d0115642ffac988d4c5",
  "author_info_a": {
    "name": "Michal Moskal",
    "email": "michal.moskal@microsoft.com"
  },
  "author_info_b": {
    "name": "Peli de Halleux",
    "email": "jhalleux@microsoft.com"
  },
  "num_conflict_regions": 1,
  "conflict_region_spans": [
    {
      "conflict_id": 1,
      "a": {
        "start": 541,
        "end": 546
      },
      "base": {
        "start": 541,
        "end": 543
      },
      "b": {
        "start": 541,
        "end": 542
      }
    }
  ]
}