{
  "repository_origin_url": "https://github.com/microsoft/pxt.git",
  "commit_id": "ee0d7d1a2e40633701c89266d525c48a48d24522",
  "commit_date": "Sat, 27 Feb 2016 08:48:53 -0800",
  "commit_message": "removed hard-coded music support\n\n",
  "conflict_file_id": 78,
  "filename": "webapp/src/blocklyloader.ts",
  "last_commit_on_a": "5861a42944a33788b3ae6bb2894d9fca0ab9e0a7",
  "last_commit_on_b": "d2a50a5e9fabc5c9108cc5b3c48b97ac8ba78f16",
  "author_info_a": {
    "name": "Peli de Halleux",
    "email": "jhalleux@microsoft.com"
  },
  "author_info_b": {
    "name": "Michal Moskal",
    "email": "michal.moskal@microsoft.com"
  },
  "num_conflict_regions": 1,
  "conflict_region_spans": [
    {
      "conflict_id": 1,
      "a": {
        "start": 27,
        "end": 28
      },
      "base": {
        "start": 27,
        "end": 28
      },
      "b": {
        "start": 27,
        "end": 30
      }
    }
  ]
}