{
  "repository_origin_url": "https://github.com/microsoft/pxt.git",
  "commit_id": "2dd887b9ee4f0e8321acd7251b5b4af60058b681",
  "commit_date": "Wed, 24 Feb 2016 10:21:31 -0800",
  "commit_message": "towards support for instance method in blocks\n\n",
  "conflict_file_id": 79,
  "filename": "webapp/src/blocklyloader.ts",
  "last_commit_on_a": "9ff558f99f9a51ea590c4e6931bad33f83959817",
  "last_commit_on_b": "2eacdf314fbb281c59a238e38586f7ad542f15ca",
  "author_info_a": {
    "name": "Peli de Halleux",
    "email": "jhalleux@microsoft.com"
  },
  "author_info_b": {
    "name": "Michal Moskal",
    "email": "michal.moskal@microsoft.com"
  },
  "num_conflict_regions": 1,
  "conflict_region_spans": [
    {
      "conflict_id": 1,
      "a": {
        "start": 149,
        "end": 151
      },
      "base": {
        "start": 149,
        "end": 151
      },
      "b": {
        "start": 149,
        "end": 151
      }
    }
  ]
}