{
  "repository_origin_url": "https://github.com/microsoft/pxt.git",
  "commit_id": "f37b468000d0998cab7c8513c7cf96f294bae895",
  "commit_date": "Fri, 12 Feb 2016 15:18:45 -0800",
  "commit_message": "support for shadow values\n\n",
  "conflict_file_id": 80,
  "filename": "libs/mbit/basic.ts",
  "last_commit_on_a": "f7f39cb3356800e4e453cb4b7a3a23dd28dd6c66",
  "last_commit_on_b": "f9948c8e6a45d71524fc74ee667ff2cbe7df5900",
  "author_info_a": {
    "name": "Peli de Halleux",
    "email": "jhalleux@microsoft.com"
  },
  "author_info_b": {
    "name": "Michal Moskal",
    "email": "michal.moskal@microsoft.com"
  },
  "num_conflict_regions": 1,
  "conflict_region_spans": [
    {
      "conflict_id": 1,
      "a": {
        "start": 59,
        "end": 69
      },
      "base": {
        "start": 59,
        "end": 61
      },
      "b": {
        "start": 59,
        "end": 61
      }
    }
  ]
}