{
  "repository_origin_url": "https://github.com/microsoft/pxt.git",
  "commit_id": "ecf5e0c6ad7cb735d4b5ecfa4f49732c0a2af5a3",
  "commit_date": "Wed, 11 Nov 2020 14:16:23 -0800",
  "commit_message": "Merge remote-tracking branch 'origin/master' into skills-map\n\n",
  "conflict_file_id": 8,
  "filename": "localtypings/pxtarget.d.ts",
  "last_commit_on_a": "252e7f61b4ea745d45be3e50ebcf96d2532e522e",
  "last_commit_on_b": "728ec69c72fa4f26ea5bcdd34bf9ae3176ec95aa",
  "author_info_a": {
    "name": "Richard Knoll",
    "email": "riknoll@microsoft.com"
  },
  "author_info_b": {
    "name": "Joey Wunderlich",
    "email": "jwunderl@users.noreply.github.com"
  },
  "num_conflict_regions": 1,
  "conflict_region_spans": [
    {
      "conflict_id": 1,
      "a": {
        "start": 408,
        "end": 409
      },
      "base": {
        "start": 408,
        "end": 408
      },
      "b": {
        "start": 408,
        "end": 409
      }
    }
  ]
}