{
  "repository_origin_url": "https://github.com/microsoft/pxt.git",
  "commit_id": "ac5dc326d4054e80e7df9eadc68505aab44ef81b",
  "commit_date": "Wed, 14 Oct 2020 20:52:57 -0700",
  "commit_message": "get micro:bit sim running\n\n",
  "conflict_file_id": 9,
  "filename": "webapp/src/db.ts",
  "last_commit_on_a": "56a317a05a06ed2039faf2ba96cd9d6ae3716df6",
  "last_commit_on_b": "ff78f1c0a50a75db4fd9a44d8f69efadf6d63bb3",
  "author_info_a": {
    "name": "Joey Wunderlich",
    "email": "joey.wunderlich@gmail.com"
  },
  "author_info_b": {
    "name": "Joey Wunderlich",
    "email": "jwunderl@users.noreply.github.com"
  },
  "num_conflict_regions": 1,
  "conflict_region_spans": [
    {
      "conflict_id": 1,
      "a": {
        "start": 6,
        "end": 18
      },
      "base": {
        "start": 6,
        "end": 25
      },
      "b": {
        "start": 6,
        "end": 14
      }
    }
  ]
}