{
  "repository_origin_url": "https://github.com/microsoft/vscode.git",
  "commit_id": "48bdbd874535902532c37aafcf5d898d9cfd1ab6",
  "commit_date": "Sat, 10 Apr 2021 14:25:27 +0200",
  "commit_message": "- show settings requiring trusted targets as readonly with action to manage trust - command to filter settings require trusted workspace - Show the number of settings requiring trusted workspace in workspace trust editor\n\n",
  "conflict_file_id": 0,
  "filename": "src/vs/workbench/contrib/workspace/browser/workspaceTrustEditor.ts",
  "last_commit_on_a": "2331507e97a45b753020309239170aa68f33390f",
  "last_commit_on_b": "c41460cba5b7029d4729226bb97d1d08895590d4",
  "author_info_a": {
    "name": "Sandeep Somavarapu",
    "email": "sasomava@microsoft.com"
  },
  "author_info_b": {
    "name": "Ladislau Szomoru",
    "email": "3372902+lszomoru@users.noreply.github.com"
  },
  "num_conflict_regions": 3,
  "conflict_region_spans": [
    {
      "conflict_id": 1,
      "a": {
        "start": 121,
        "end": 134
      },
      "base": {
        "start": 121,
        "end": 129
      },
      "b": {
        "start": 121,
        "end": 124
      }
    },
    {
      "conflict_id": 2,
      "a": {
        "start": 222,
        "end": 223
      },
      "base": {
        "start": 217,
        "end": 218
      },
      "b": {
        "start": 212,
        "end": 213
      }
    },
    {
      "conflict_id": 3,
      "a": {
        "start": 279,
        "end": 280
      },
      "base": {
        "start": 274,
        "end": 275
      },
      "b": {
        "start": 269,
        "end": 270
      }
    }
  ]
}