{
  "repository_origin_url": "https://github.com/microsoft/vscode.git",
  "commit_id": "1e44ae5da86b24bc6f74ac135a5c4fa7bc16a626",
  "commit_date": "Tue, 29 Dec 2020 10:06:54 -0800",
  "commit_message": "avoid duplicated text model.\n\n",
  "conflict_file_id": 100,
  "filename": "src/vs/workbench/contrib/notebook/browser/diff/notebookTextDiffEditor.ts",
  "last_commit_on_a": "7c11754ad4fd8f313e78581eb32c9bbeb34056b2",
  "last_commit_on_b": "95cfa9ede4e3ec4992744478d3b8337f369594de",
  "author_info_a": {
    "name": "rebornix",
    "email": "penn.lv@gmail.com"
  },
  "author_info_b": {
    "name": "Alexandru Dima",
    "email": "alexdima@microsoft.com"
  },
  "num_conflict_regions": 1,
  "conflict_region_spans": [
    {
      "conflict_id": 1,
      "a": {
        "start": 25,
        "end": 28
      },
      "base": {
        "start": 25,
        "end": 28
      },
      "b": {
        "start": 25,
        "end": 28
      }
    }
  ]
}