{
  "repository_origin_url": "https://github.com/microsoft/vscode.git",
  "commit_id": "43310230886dcc6e62cc2c93d5630275c3366295",
  "commit_date": "Fri, 25 Dec 2020 17:30:32 +0800",
  "commit_message": "Support whitespace options\n\n",
  "conflict_file_id": 101,
  "filename": "src/vs/vscode.proposed.d.ts",
  "last_commit_on_a": "2b380bf8c3482b4164fc5270d0c05851511e8107",
  "last_commit_on_b": "acda4aed821266f22e2bd9e0f2c02337158ac1f5",
  "author_info_a": {
    "name": "kingwl",
    "email": "kingwenlu@gmail.com"
  },
  "author_info_b": {
    "name": "Matt Bierner",
    "email": "matb@microsoft.com"
  },
  "num_conflict_regions": 1,
  "conflict_region_spans": [
    {
      "conflict_id": 1,
      "a": {
        "start": 2373,
        "end": 2434
      },
      "base": {
        "start": 2373,
        "end": 2373
      },
      "b": {
        "start": 2373,
        "end": 2409
      }
    }
  ]
}