{
  "repository_origin_url": "https://github.com/microsoft/vscode.git",
  "commit_id": "b54f979ccbb2d95cf21e7d5065776490d55791a0",
  "commit_date": "Fri, 11 Dec 2020 17:52:44 +0100",
  "commit_message": "externalize remote icons\n\n",
  "conflict_file_id": 102,
  "filename": "src/vs/workbench/contrib/remote/browser/tunnelView.ts",
  "last_commit_on_a": "c197be4ef7465a3b4ec0d14545ee415a28b6358a",
  "last_commit_on_b": "3aa342ff68e0c9a8220352645a4e81b437c73da1",
  "author_info_a": {
    "name": "Martin Aeschlimann",
    "email": "martinae@microsoft.com"
  },
  "author_info_b": {
    "name": "Alex Ross",
    "email": "alros@microsoft.com"
  },
  "num_conflict_regions": 1,
  "conflict_region_spans": [
    {
      "conflict_id": 1,
      "a": {
        "start": 1119,
        "end": 1126
      },
      "base": {
        "start": 1119,
        "end": 1126
      },
      "b": {
        "start": 1119,
        "end": 1132
      }
    }
  ]
}