{
  "repository_origin_url": "https://github.com/microsoft/vscode.git",
  "commit_id": "db2809fe44335e484a502a5a42b8e4d59a5772bf",
  "commit_date": "Fri, 9 Oct 2020 14:13:03 +0100",
  "commit_message": "Register command\n\n",
  "conflict_file_id": 103,
  "filename": "src/vs/workbench/contrib/terminal/browser/terminal.contribution.ts",
  "last_commit_on_a": "39585898d12dc49431d5cb6dfb2103cf0496529d",
  "last_commit_on_b": "2f0552737c39d47b5920aea6f5988bd1b3960f82",
  "author_info_a": {
    "name": "Adrian Wilkins",
    "email": "adrian.wilkins@infinityworks.com"
  },
  "author_info_b": {
    "name": "Martin Aeschlimann",
    "email": "martinae@microsoft.com"
  },
  "num_conflict_regions": 1,
  "conflict_region_spans": [
    {
      "conflict_id": 1,
      "a": {
        "start": 154,
        "end": 170
      },
      "base": {
        "start": 154,
        "end": 164
      },
      "b": {
        "start": 154,
        "end": 165
      }
    }
  ]
}