{
  "repository_origin_url": "https://github.com/microsoft/vscode.git",
  "commit_id": "2c9bcb8b14c0bd47bd702f7a81abd78c521ea6d1",
  "commit_date": "Tue, 8 Dec 2020 14:17:25 -0800",
  "commit_message": "no longer render overview ruler.\n\n",
  "conflict_file_id": 105,
  "filename": "src/vs/monaco.d.ts",
  "last_commit_on_a": "3c9a4554702c7ac5c7fd94401ab010b4798a129e",
  "last_commit_on_b": "1aa26c377587c862f74f298937604631b854884d",
  "author_info_a": {
    "name": "rebornix",
    "email": "penn.lv@gmail.com"
  },
  "author_info_b": {
    "name": "Alex Dima",
    "email": "alexdima@microsoft.com"
  },
  "num_conflict_regions": 1,
  "conflict_region_spans": [
    {
      "conflict_id": 1,
      "a": {
        "start": 3225,
        "end": 3230
      },
      "base": {
        "start": 3225,
        "end": 3225
      },
      "b": {
        "start": 3225,
        "end": 3229
      }
    }
  ]
}