{
  "repository_origin_url": "https://github.com/microsoft/vscode.git",
  "commit_id": "2c9bcb8b14c0bd47bd702f7a81abd78c521ea6d1",
  "commit_date": "Wed, 9 Dec 2020 11:44:25 -0800",
  "commit_message": "delay cell text model disposing.\n\n",
  "conflict_file_id": 106,
  "filename": "src/vs/workbench/contrib/notebook/browser/diff/cellComponents.ts",
  "last_commit_on_a": "f9134083e5de152e051e1603fcd8815a7bedf71a",
  "last_commit_on_b": "f6249641f2fd276e7687fea618a86729e0d57f1f",
  "author_info_a": {
    "name": "rebornix",
    "email": "penn.lv@gmail.com"
  },
  "author_info_b": {
    "name": "Martin Aeschlimann",
    "email": "martinae@microsoft.com"
  },
  "num_conflict_regions": 9,
  "conflict_region_spans": [
    {
      "conflict_id": 1,
      "a": {
        "start": 11,
        "end": 13
      },
      "base": {
        "start": 11,
        "end": 13
      },
      "b": {
        "start": 11,
        "end": 13
      }
    },
    {
      "conflict_id": 2,
      "a": {
        "start": 29,
        "end": 30
      },
      "base": {
        "start": 29,
        "end": 29
      },
      "b": {
        "start": 29,
        "end": 34
      }
    },
    {
      "conflict_id": 3,
      "a": {
        "start": 434,
        "end": 441
      },
      "base": {
        "start": 433,
        "end": 435
      },
      "b": {
        "start": 438,
        "end": 441
      }
    },
    {
      "conflict_id": 4,
      "a": {
        "start": 544,
        "end": 551
      },
      "base": {
        "start": 538,
        "end": 540
      },
      "b": {
        "start": 544,
        "end": 547
      }
    },
    {
      "conflict_id": 5,
      "a": {
        "start": 626,
        "end": 626
      },
      "base": {
        "start": 615,
        "end": 616
      },
      "b": {
        "start": 622,
        "end": 628
      }
    },
    {
      "conflict_id": 6,
      "a": {
        "start": 808,
        "end": 808
      },
      "base": {
        "start": 798,
        "end": 806
      },
      "b": {
        "start": 810,
        "end": 820
      }
    },
    {
      "conflict_id": 7,
      "a": {
        "start": 891,
        "end": 892
      },
      "base": {
        "start": 889,
        "end": 891
      },
      "b": {
        "start": 903,
        "end": 905
      }
    },
    {
      "conflict_id": 8,
      "a": {
        "start": 898,
        "end": 901
      },
      "base": {
        "start": 897,
        "end": 901
      },
      "b": {
        "start": 911,
        "end": 916
      }
    },
    {
      "conflict_id": 9,
      "a": {
        "start": 1095,
        "end": 1098
      },
      "base": {
        "start": 1095,
        "end": 1104
      },
      "b": {
        "start": 1110,
        "end": 1120
      }
    }
  ]
}