{
  "repository_origin_url": "https://github.com/microsoft/vscode.git",
  "commit_id": "2c9bcb8b14c0bd47bd702f7a81abd78c521ea6d1",
  "commit_date": "Wed, 9 Dec 2020 11:36:25 -0800",
  "commit_message": "limit editor contribs in notebook diff view\n\n",
  "conflict_file_id": 107,
  "filename": "src/vs/editor/browser/widget/diffEditorWidget.ts",
  "last_commit_on_a": "4fefd1030ac4989bf475d6d4f170198667a0c5dd",
  "last_commit_on_b": "5865aeaa7b93c907ffdc54063d2d614a7cd81665",
  "author_info_a": {
    "name": "rebornix",
    "email": "penn.lv@gmail.com"
  },
  "author_info_b": {
    "name": "Damien Engels",
    "email": "engels@google.com"
  },
  "num_conflict_regions": 4,
  "conflict_region_spans": [
    {
      "conflict_id": 1,
      "a": {
        "start": 23,
        "end": 24
      },
      "base": {
        "start": 23,
        "end": 24
      },
      "b": {
        "start": 23,
        "end": 24
      }
    },
    {
      "conflict_id": 2,
      "a": {
        "start": 220,
        "end": 223
      },
      "base": {
        "start": 220,
        "end": 222
      },
      "b": {
        "start": 220,
        "end": 220
      }
    },
    {
      "conflict_id": 3,
      "a": {
        "start": 499,
        "end": 501
      },
      "base": {
        "start": 498,
        "end": 500
      },
      "b": {
        "start": 496,
        "end": 498
      }
    },
    {
      "conflict_id": 4,
      "a": {
        "start": 561,
        "end": 563
      },
      "base": {
        "start": 560,
        "end": 562
      },
      "b": {
        "start": 558,
        "end": 560
      }
    }
  ]
}