{
  "repository_origin_url": "https://github.com/microsoft/vscode.git",
  "commit_id": "4cb5bb656a596179eeadea45e86dea0928a91549",
  "commit_date": "Thu, 26 Nov 2020 18:05:10 +0100",
  "commit_message": "add preferences icons\n\n",
  "conflict_file_id": 108,
  "filename": "src/vs/base/browser/ui/toolbar/toolbar.ts",
  "last_commit_on_a": "c84fa206d4e4ec10d3bdcb6b94bf133a429303c2",
  "last_commit_on_b": "1e77bd81d83c798ae93f8a77526ebfa78edad824",
  "author_info_a": {
    "name": "Martin Aeschlimann",
    "email": "martinae@microsoft.com"
  },
  "author_info_b": {
    "name": "Martin Aeschlimann",
    "email": "martinae@microsoft.com"
  },
  "num_conflict_regions": 1,
  "conflict_region_spans": [
    {
      "conflict_id": 1,
      "a": {
        "start": 14,
        "end": 15
      },
      "base": {
        "start": 14,
        "end": 15
      },
      "b": {
        "start": 14,
        "end": 15
      }
    }
  ]
}