{
  "repository_origin_url": "https://github.com/microsoft/vscode.git",
  "commit_id": "c6c72f83313b9c15ff29ef93a63f5bbeed76d915",
  "commit_date": "Tue, 30 Mar 2021 07:50:56 +0200",
  "commit_message": "Merge branch 'main' into ben/enable-vscode-file\n\n",
  "conflict_file_id": 10,
  "filename": "src/vs/platform/windows/electron-main/window.ts",
  "last_commit_on_a": "b582b6beace92506b136a443d3df674598390303",
  "last_commit_on_b": "65fbf884a8f2cdd8a6f400d11b76be191e4561d9",
  "author_info_a": {
    "name": "Benjamin Pasero",
    "email": "benjamin.pasero@microsoft.com"
  },
  "author_info_b": {
    "name": "Benjamin Pasero",
    "email": "benjamin.pasero@microsoft.com"
  },
  "num_conflict_regions": 2,
  "conflict_region_spans": [
    {
      "conflict_id": 1,
      "a": {
        "start": 20,
        "end": 22
      },
      "base": {
        "start": 20,
        "end": 22
      },
      "b": {
        "start": 20,
        "end": 22
      }
    },
    {
      "conflict_id": 2,
      "a": {
        "start": 187,
        "end": 188
      },
      "base": {
        "start": 187,
        "end": 188
      },
      "b": {
        "start": 187,
        "end": 189
      }
    }
  ]
}