{
  "repository_origin_url": "https://github.com/microsoft/vscode.git",
  "commit_id": "4d58b56772a1209ada58ac9d00201c6f8e6d2caa",
  "commit_date": "Fri, 20 Nov 2020 10:36:50 +0100",
  "commit_message": "bulkFileEdits: do not use file trash flag\n\n",
  "conflict_file_id": 111,
  "filename": "src/vs/editor/common/modes.ts",
  "last_commit_on_a": "d84b5eb2da266c608c7d94e239e6b23ae0d8ed03",
  "last_commit_on_b": "4b5dc2fcbc2d6b33064fe36081d485558982d127",
  "author_info_a": {
    "name": "isidor",
    "email": "inikolic@microsoft.com"
  },
  "author_info_b": {
    "name": "isidor",
    "email": "inikolic@microsoft.com"
  },
  "num_conflict_regions": 1,
  "conflict_region_spans": [
    {
      "conflict_id": 1,
      "a": {
        "start": 1390,
        "end": 1391
      },
      "base": {
        "start": 1390,
        "end": 1390
      },
      "b": {
        "start": 1390,
        "end": 1391
      }
    }
  ]
}