{
  "repository_origin_url": "https://github.com/microsoft/vscode.git",
  "commit_id": "91aa548b0529368d93c2312776bfb7effeb3351e",
  "commit_date": "Sun, 9 Aug 2020 16:48:22 -0500",
  "commit_message": "Git: Add cherryPick command\n\n",
  "conflict_file_id": 112,
  "filename": "extensions/git/src/repository.ts",
  "last_commit_on_a": "ff8d4feeb4361da1942f02ac040d92e42ecd8dc3",
  "last_commit_on_b": "98e0e93ae0c719c314d4f16272aa8d1de3af3473",
  "author_info_a": {
    "name": "sneakyfish5.sneaky@gmail.com",
    "email": "sneakyfish5.sneaky@gmail.com"
  },
  "author_info_b": {
    "name": "Jo\u00e3o Moreno",
    "email": "joao.moreno@microsoft.com"
  },
  "num_conflict_regions": 1,
  "conflict_region_spans": [
    {
      "conflict_id": 1,
      "a": {
        "start": 1226,
        "end": 1230
      },
      "base": {
        "start": 1226,
        "end": 1226
      },
      "b": {
        "start": 1226,
        "end": 1230
      }
    }
  ]
}