{
  "repository_origin_url": "https://github.com/microsoft/vscode.git",
  "commit_id": "df4524f713008cb15b0a16994bbae0c9506af472",
  "commit_date": "Tue, 12 May 2020 00:36:28 +0800",
  "commit_message": "Add force checkout and smart checkout\n\n",
  "conflict_file_id": 113,
  "filename": "extensions/git/src/commands.ts",
  "last_commit_on_a": "8561cbb8aef51abe906b43db8952dd14a359f60a",
  "last_commit_on_b": "86d848d8e788f109621469de5872f8bb7c12a788",
  "author_info_a": {
    "name": "kingwl",
    "email": "kingwenlu@gmail.com"
  },
  "author_info_b": {
    "name": "Jo\u00e3o Moreno",
    "email": "joao.moreno@microsoft.com"
  },
  "num_conflict_regions": 1,
  "conflict_region_spans": [
    {
      "conflict_id": 1,
      "a": {
        "start": 9,
        "end": 10
      },
      "base": {
        "start": 9,
        "end": 10
      },
      "b": {
        "start": 9,
        "end": 10
      }
    }
  ]
}