{
  "repository_origin_url": "https://github.com/microsoft/vscode.git",
  "commit_id": "cb044cec213d76d3ef842aba99efdfd4cf4e9b83",
  "commit_date": "Wed, 16 Sep 2020 13:00:36 -0400",
  "commit_message": "don't declare a variable that isn't used\ntextInput is no longer used. This removes the declaration as it is not used or needed.\n",
  "conflict_file_id": 114,
  "filename": "src/vs/editor/browser/controller/textAreaInput.ts",
  "last_commit_on_a": "822ca5f07ba82df53a25a07e8da9cc8f6bb68a2a",
  "last_commit_on_b": "761b34550d8fa8342e15ed11de043c522d52e9a7",
  "author_info_a": {
    "name": "Jonathan Belcher",
    "email": "belcherj@gmail.com"
  },
  "author_info_b": {
    "name": "Alex Dima",
    "email": "alexdima@microsoft.com"
  },
  "num_conflict_regions": 1,
  "conflict_region_spans": [
    {
      "conflict_id": 1,
      "a": {
        "start": 275,
        "end": 276
      },
      "base": {
        "start": 275,
        "end": 276
      },
      "b": {
        "start": 275,
        "end": 276
      }
    }
  ]
}