{
  "repository_origin_url": "https://github.com/microsoft/vscode.git",
  "commit_id": "d03925a88cb2afa8adceebab08784e99c61ad372",
  "commit_date": "Wed, 22 Apr 2020 21:22:48 +0200",
  "commit_message": "avoid loading and twisty set at the same time\n\n",
  "conflict_file_id": 115,
  "filename": "src/vs/base/browser/ui/tree/asyncDataTree.ts",
  "last_commit_on_a": "1531898fdb10cd559f62669f14afddcb1c179f3e",
  "last_commit_on_b": "883da596a4c2aeb328a3c36ceb7e9bfe071b7f23",
  "author_info_a": {
    "name": "Martin Aeschlimann",
    "email": "martinae@microsoft.com"
  },
  "author_info_b": {
    "name": "Jo\u00e3o Moreno",
    "email": "joao.moreno@microsoft.com"
  },
  "num_conflict_regions": 4,
  "conflict_region_spans": [
    {
      "conflict_id": 1,
      "a": {
        "start": 112,
        "end": 114
      },
      "base": {
        "start": 112,
        "end": 113
      },
      "b": {
        "start": 112,
        "end": 113
      }
    },
    {
      "conflict_id": 2,
      "a": {
        "start": 115,
        "end": 117
      },
      "base": {
        "start": 114,
        "end": 115
      },
      "b": {
        "start": 114,
        "end": 115
      }
    },
    {
      "conflict_id": 3,
      "a": {
        "start": 1056,
        "end": 1058
      },
      "base": {
        "start": 1054,
        "end": 1055
      },
      "b": {
        "start": 1054,
        "end": 1055
      }
    },
    {
      "conflict_id": 4,
      "a": {
        "start": 1059,
        "end": 1061
      },
      "base": {
        "start": 1056,
        "end": 1057
      },
      "b": {
        "start": 1056,
        "end": 1057
      }
    }
  ]
}