{
  "repository_origin_url": "https://github.com/microsoft/vscode.git",
  "commit_id": "d03925a88cb2afa8adceebab08784e99c61ad372",
  "commit_date": "Wed, 22 Apr 2020 21:22:48 +0200",
  "commit_message": "avoid loading and twisty set at the same time\n\n",
  "conflict_file_id": 116,
  "filename": "src/vs/base/browser/ui/tree/abstractTree.ts",
  "last_commit_on_a": "1531898fdb10cd559f62669f14afddcb1c179f3e",
  "last_commit_on_b": "3b3b94525ffbb706bbda5e153d290b3d59bc0b51",
  "author_info_a": {
    "name": "Martin Aeschlimann",
    "email": "martinae@microsoft.com"
  },
  "author_info_b": {
    "name": "Jo\u00e3o Moreno",
    "email": "joao.moreno@microsoft.com"
  },
  "num_conflict_regions": 2,
  "conflict_region_spans": [
    {
      "conflict_id": 1,
      "a": {
        "start": 411,
        "end": 416
      },
      "base": {
        "start": 411,
        "end": 413
      },
      "b": {
        "start": 411,
        "end": 413
      }
    },
    {
      "conflict_id": 2,
      "a": {
        "start": 417,
        "end": 418
      },
      "base": {
        "start": 414,
        "end": 415
      },
      "b": {
        "start": 414,
        "end": 415
      }
    }
  ]
}