{
  "repository_origin_url": "https://github.com/microsoft/vscode.git",
  "commit_id": "e3ace1fe1ff804868d409f7650012493f6058bd9",
  "commit_date": "Wed, 22 Apr 2020 14:27:55 +0200",
  "commit_message": "Changed name of the setting to openAfterClone\n\n",
  "conflict_file_id": 117,
  "filename": "extensions/git/src/commands.ts",
  "last_commit_on_a": "1243ff76e4e66585418131c634de5a82070a3164",
  "last_commit_on_b": "7b6561ff5b37096933a28ed2074574f034a03043",
  "author_info_a": {
    "name": "Jacob",
    "email": "exotech.code@gmail.com"
  },
  "author_info_b": {
    "name": "Jo\u00e3o Moreno",
    "email": "joao.moreno@microsoft.com"
  },
  "num_conflict_regions": 1,
  "conflict_region_spans": [
    {
      "conflict_id": 1,
      "a": {
        "start": 565,
        "end": 582
      },
      "base": {
        "start": 565,
        "end": 571
      },
      "b": {
        "start": 565,
        "end": 571
      }
    }
  ]
}