{
  "repository_origin_url": "https://github.com/microsoft/vscode.git",
  "commit_id": "3c33f50f398008db1e32be57627f3d3169173810",
  "commit_date": "Wed, 4 Nov 2020 16:36:26 +0100",
  "commit_message": "sequencer for set and reload theme operations\n\n",
  "conflict_file_id": 118,
  "filename": "src/vs/workbench/services/themes/browser/workbenchThemeService.ts",
  "last_commit_on_a": "d0343e68c0f01c20be8c679a32f97537aa579d7b",
  "last_commit_on_b": "e6b53ff8da7dd1063963f2be53a0fee8e38c3337",
  "author_info_a": {
    "name": "Martin Aeschlimann",
    "email": "martinae@microsoft.com"
  },
  "author_info_b": {
    "name": "Sandeep Somavarapu",
    "email": "sasomava@microsoft.com"
  },
  "num_conflict_regions": 1,
  "conflict_region_spans": [
    {
      "conflict_id": 1,
      "a": {
        "start": 40,
        "end": 42
      },
      "base": {
        "start": 40,
        "end": 42
      },
      "b": {
        "start": 40,
        "end": 41
      }
    }
  ]
}