{
  "repository_origin_url": "https://github.com/microsoft/vscode.git",
  "commit_id": "e61be087c6241b285929339e73a84273c4df2e14",
  "commit_date": "Thu, 30 Jan 2020 13:16:06 -0500",
  "commit_message": "Merge branch 'master' into ignore_sub\n\n",
  "conflict_file_id": 119,
  "filename": "extensions/git/src/repository.ts",
  "last_commit_on_a": "33b5a9ba25b9a0d9ccc6fd5622aea67818895aae",
  "last_commit_on_b": "7936093c33dcd68aebdfa309fca2869bacc31abc",
  "author_info_a": {
    "name": "Ben Curtis",
    "email": "github@nosolutions.com"
  },
  "author_info_b": {
    "name": "Jo\u00e3o Moreno",
    "email": "joao.moreno@microsoft.com"
  },
  "num_conflict_regions": 1,
  "conflict_region_spans": [
    {
      "conflict_id": 1,
      "a": {
        "start": 755,
        "end": 758
      },
      "base": {
        "start": 755,
        "end": 755
      },
      "b": {
        "start": 755,
        "end": 764
      }
    }
  ]
}