{
  "repository_origin_url": "https://github.com/microsoft/vscode.git",
  "commit_id": "c6c72f83313b9c15ff29ef93a63f5bbeed76d915",
  "commit_date": "Tue, 30 Mar 2021 07:50:56 +0200",
  "commit_message": "Merge branch 'main' into ben/enable-vscode-file\n\n",
  "conflict_file_id": 11,
  "filename": "src/vs/platform/sharedProcess/electron-main/sharedProcess.ts",
  "last_commit_on_a": "b582b6beace92506b136a443d3df674598390303",
  "last_commit_on_b": "d0d89c94c388a88f45fc403f1c21cf5120329a5f",
  "author_info_a": {
    "name": "Benjamin Pasero",
    "email": "benjamin.pasero@microsoft.com"
  },
  "author_info_b": {
    "name": "Benjamin Pasero",
    "email": "benjamin.pasero@microsoft.com"
  },
  "num_conflict_regions": 2,
  "conflict_region_spans": [
    {
      "conflict_id": 1,
      "a": {
        "start": 13,
        "end": 13
      },
      "base": {
        "start": 13,
        "end": 14
      },
      "b": {
        "start": 13,
        "end": 14
      }
    },
    {
      "conflict_id": 2,
      "a": {
        "start": 170,
        "end": 171
      },
      "base": {
        "start": 171,
        "end": 172
      },
      "b": {
        "start": 171,
        "end": 173
      }
    }
  ]
}