{
  "repository_origin_url": "https://github.com/microsoft/vscode.git",
  "commit_id": "933d888b2a18867a9e6e9bf20e309e55956170d1",
  "commit_date": "Thu, 29 Oct 2020 17:52:00 -0700",
  "commit_message": "Fire onDidChangeConnectionState at the right time\n\n",
  "conflict_file_id": 121,
  "filename": "src/vs/workbench/contrib/terminal/browser/terminalService.ts",
  "last_commit_on_a": "485badfd8d23bc814d1af7a8908bc768045f5f63",
  "last_commit_on_b": "2d8bbc6976748c4b0c5e84be541674b89b9d91e4",
  "author_info_a": {
    "name": "Rob Lourens",
    "email": "roblourens@gmail.com"
  },
  "author_info_b": {
    "name": "Rob Lourens",
    "email": "roblourens@gmail.com"
  },
  "num_conflict_regions": 2,
  "conflict_region_spans": [
    {
      "conflict_id": 1,
      "a": {
        "start": 390,
        "end": 392
      },
      "base": {
        "start": 390,
        "end": 402
      },
      "b": {
        "start": 390,
        "end": 405
      }
    },
    {
      "conflict_id": 2,
      "a": {
        "start": 393,
        "end": 395
      },
      "base": {
        "start": 403,
        "end": 424
      },
      "b": {
        "start": 406,
        "end": 427
      }
    }
  ]
}