{
  "repository_origin_url": "https://github.com/microsoft/vscode.git",
  "commit_id": "933d888b2a18867a9e6e9bf20e309e55956170d1",
  "commit_date": "Wed, 28 Oct 2020 20:03:43 -0700",
  "commit_message": "Terminal reconnection - Get rid of\u00a0awkward \"empty tab\" concept\n\n",
  "conflict_file_id": 122,
  "filename": "src/vs/workbench/contrib/terminal/browser/terminalActions.ts",
  "last_commit_on_a": "bb4b04f2060910ef9f63c21a7b2fb6109bd81cdd",
  "last_commit_on_b": "2d8bbc6976748c4b0c5e84be541674b89b9d91e4",
  "author_info_a": {
    "name": "Rob Lourens",
    "email": "roblourens@gmail.com"
  },
  "author_info_b": {
    "name": "Rob Lourens",
    "email": "roblourens@gmail.com"
  },
  "num_conflict_regions": 1,
  "conflict_region_spans": [
    {
      "conflict_id": 1,
      "a": {
        "start": 27,
        "end": 28
      },
      "base": {
        "start": 27,
        "end": 28
      },
      "b": {
        "start": 27,
        "end": 28
      }
    }
  ]
}