{
  "repository_origin_url": "https://github.com/microsoft/vscode.git",
  "commit_id": "819623932036dca3f1c57b60e50a5030d9c9b2b0",
  "commit_date": "Tue, 13 Oct 2020 07:22:20 +0000",
  "commit_message": "Merge remote-tracking branch 'origin/master' into HEAD\n\n",
  "conflict_file_id": 123,
  "filename": "src/vs/platform/menubar/electron-main/menubar.ts",
  "last_commit_on_a": "42b79ef2e5e6e0c884ecf1e838eea21447f7750f",
  "last_commit_on_b": "96d03d1ecc393a047d549dc8bd13c74dc174f20a",
  "author_info_a": {
    "name": "VSCode",
    "email": "vscode@microsoft.com"
  },
  "author_info_b": {
    "name": "Jo\u00e3o Moreno",
    "email": "joao.moreno@microsoft.com"
  },
  "num_conflict_regions": 1,
  "conflict_region_spans": [
    {
      "conflict_id": 1,
      "a": {
        "start": 9,
        "end": 10
      },
      "base": {
        "start": 9,
        "end": 10
      },
      "b": {
        "start": 9,
        "end": 10
      }
    }
  ]
}