{
  "repository_origin_url": "https://github.com/microsoft/vscode.git",
  "commit_id": "332203e24477a029e78b60bd9bb7c40177f8de6d",
  "commit_date": "Tue, 27 Oct 2020 15:10:17 -0700",
  "commit_message": "terminal: ensure output is flushed before predicting backspaces\n\n",
  "conflict_file_id": 124,
  "filename": "src/vs/workbench/contrib/terminal/browser/terminalTypeAheadAddon.ts",
  "last_commit_on_a": "b97bb4e8b95210427d615a470161b795b894991c",
  "last_commit_on_b": "ee0aff2460957b825fb4ce2edc3a6d21c90c2c04",
  "author_info_a": {
    "name": "Connor Peet",
    "email": "connor@peet.io"
  },
  "author_info_b": {
    "name": "Connor Peet",
    "email": "connor@peet.io"
  },
  "num_conflict_regions": 3,
  "conflict_region_spans": [
    {
      "conflict_id": 1,
      "a": {
        "start": 13,
        "end": 15
      },
      "base": {
        "start": 13,
        "end": 14
      },
      "b": {
        "start": 13,
        "end": 14
      }
    },
    {
      "conflict_id": 2,
      "a": {
        "start": 921,
        "end": 924
      },
      "base": {
        "start": 920,
        "end": 923
      },
      "b": {
        "start": 920,
        "end": 935
      }
    },
    {
      "conflict_id": 3,
      "a": {
        "start": 925,
        "end": 928
      },
      "base": {
        "start": 924,
        "end": 927
      },
      "b": {
        "start": 936,
        "end": 936
      }
    }
  ]
}