{
  "repository_origin_url": "https://github.com/microsoft/vscode.git",
  "commit_id": "296b20afbacdaa2fea924f1a333330ff07db2cc4",
  "commit_date": "Mon, 19 Oct 2020 21:38:44 +0200",
  "commit_message": "add dom.Dimension#with more modification, adopt class-vs-interface usage\n\n",
  "conflict_file_id": 125,
  "filename": "src/vs/workbench/contrib/webviewView/browser/webviewViewPane.ts",
  "last_commit_on_a": "591c49a74b54e737bf4ac09a10ff9b502f81549d",
  "last_commit_on_b": "a4a4cf5ace4472bc4f5176396bb290cafa15c518",
  "author_info_a": {
    "name": "Johannes Rieken",
    "email": "johannes.rieken@gmail.com"
  },
  "author_info_b": {
    "name": "Matt Bierner",
    "email": "matb@microsoft.com"
  },
  "num_conflict_regions": 1,
  "conflict_region_spans": [
    {
      "conflict_id": 1,
      "a": {
        "start": 142,
        "end": 143
      },
      "base": {
        "start": 142,
        "end": 143
      },
      "b": {
        "start": 142,
        "end": 143
      }
    }
  ]
}