{
  "repository_origin_url": "https://github.com/microsoft/vscode.git",
  "commit_id": "9bf9d5fa4a798ad3f850fb6534fd8dcd46f888ce",
  "commit_date": "Thu, 1 Oct 2020 17:52:41 +0000",
  "commit_message": "Merge remote-tracking branch 'origin/master' into HEAD\n\n",
  "conflict_file_id": 126,
  "filename": "src/vs/code/electron-main/window.ts",
  "last_commit_on_a": "01fee788d0f5656861160ec948f11a879aa45adc",
  "last_commit_on_b": "ca4dd67abe11321dc977f8396616ff5e5714dfee",
  "author_info_a": {
    "name": "VSCode",
    "email": "vscode@microsoft.com"
  },
  "author_info_b": {
    "name": "Benjamin Pasero",
    "email": "benjpas@microsoft.com"
  },
  "num_conflict_regions": 1,
  "conflict_region_spans": [
    {
      "conflict_id": 1,
      "a": {
        "start": 11,
        "end": 13
      },
      "base": {
        "start": 11,
        "end": 13
      },
      "b": {
        "start": 11,
        "end": 13
      }
    }
  ]
}