{
  "repository_origin_url": "https://github.com/microsoft/vscode.git",
  "commit_id": "9bf9d5fa4a798ad3f850fb6534fd8dcd46f888ce",
  "commit_date": "Mon, 7 Sep 2020 16:32:35 -0700",
  "commit_message": "chore: bump electron@11.0.0-beta.4\n\n",
  "conflict_file_id": 127,
  "filename": "src/vs/platform/menubar/electron-main/menubar.ts",
  "last_commit_on_a": "ff34777524e9e292d645bd546f36c771a12b635d",
  "last_commit_on_b": "ca4dd67abe11321dc977f8396616ff5e5714dfee",
  "author_info_a": {
    "name": "deepak1556",
    "email": "hop2deep@gmail.com"
  },
  "author_info_b": {
    "name": "Benjamin Pasero",
    "email": "benjpas@microsoft.com"
  },
  "num_conflict_regions": 1,
  "conflict_region_spans": [
    {
      "conflict_id": 1,
      "a": {
        "start": 8,
        "end": 10
      },
      "base": {
        "start": 8,
        "end": 10
      },
      "b": {
        "start": 8,
        "end": 10
      }
    }
  ]
}