{
  "repository_origin_url": "https://github.com/microsoft/vscode.git",
  "commit_id": "f41efe546c5fad1f75ad938c563aa57e28e0014d",
  "commit_date": "Wed, 9 Sep 2020 16:30:24 +0200",
  "commit_message": "Update extensions/git/src/commands.ts\n\n",
  "conflict_file_id": 128,
  "filename": "extensions/git/src/commands.ts",
  "last_commit_on_a": "d9d314e8c6b509877d1307deee8b72a1d212674f",
  "last_commit_on_b": "ab8a3f3c445ad8123329fae652561c76d2d48fe7",
  "author_info_a": {
    "name": "Jo\u00e3o Moreno",
    "email": "mail@joaomoreno.com"
  },
  "author_info_b": {
    "name": "Jo\u00e3o Moreno",
    "email": "joao.moreno@microsoft.com"
  },
  "num_conflict_regions": 1,
  "conflict_region_spans": [
    {
      "conflict_id": 1,
      "a": {
        "start": 9,
        "end": 10
      },
      "base": {
        "start": 9,
        "end": 10
      },
      "b": {
        "start": 9,
        "end": 10
      }
    }
  ]
}