{
  "repository_origin_url": "https://github.com/microsoft/vscode.git",
  "commit_id": "92a97ecdaf0d82b70054f82d2e85e7e329dc2a9d",
  "commit_date": "Thu, 13 Aug 2020 01:51:41 +0530",
  "commit_message": "Updating the unit test with the code changes\n\n",
  "conflict_file_id": 129,
  "filename": "src/vs/workbench/contrib/terminal/browser/links/terminalWordLinkProvider.ts",
  "last_commit_on_a": "9891b8e882f1eb5bf8cd24ff1ecf594377e5de87",
  "last_commit_on_b": "e4ab84bc61d90f17fe8c757d66e0a1bf2b7d6ee4",
  "author_info_a": {
    "name": "Dasharathi, Abhijith",
    "email": "abhijith.dasharathi@sap.com"
  },
  "author_info_b": {
    "name": "Daniel Imms",
    "email": "tyriar@tyriar.com"
  },
  "num_conflict_regions": 2,
  "conflict_region_spans": [
    {
      "conflict_id": 1,
      "a": {
        "start": 56,
        "end": 62
      },
      "base": {
        "start": 56,
        "end": 57
      },
      "b": {
        "start": 56,
        "end": 57
      }
    },
    {
      "conflict_id": 2,
      "a": {
        "start": 78,
        "end": 84
      },
      "base": {
        "start": 73,
        "end": 74
      },
      "b": {
        "start": 73,
        "end": 74
      }
    }
  ]
}