{
  "repository_origin_url": "https://github.com/microsoft/vscode.git",
  "commit_id": "149c304c8cfbae2b6931199686ae9cc8f86f45f7",
  "commit_date": "Fri, 12 Mar 2021 15:47:24 +0000",
  "commit_message": "Merge remote-tracking branch 'upstream/main' into feature/selection-paste-in-terminal\n\n",
  "conflict_file_id": 12,
  "filename": "src/vs/workbench/contrib/terminal/common/terminal.ts",
  "last_commit_on_a": "a0fecbd327f3dc72e515e8ad723667789a7c7012",
  "last_commit_on_b": "f02e4853c37cb3770968902e6cf693a7aca4a954",
  "author_info_a": {
    "name": "Adrian Wilkins",
    "email": "adrian.wilkins@infinityworks.com"
  },
  "author_info_b": {
    "name": "Daniel Imms",
    "email": "2193314+Tyriar@users.noreply.github.com"
  },
  "num_conflict_regions": 1,
  "conflict_region_spans": [
    {
      "conflict_id": 1,
      "a": {
        "start": 416,
        "end": 418
      },
      "base": {
        "start": 416,
        "end": 417
      },
      "b": {
        "start": 416,
        "end": 417
      }
    }
  ]
}