{
  "repository_origin_url": "https://github.com/microsoft/vscode.git",
  "commit_id": "60f9684f940eee538bb9642394d38acdf3f51a25",
  "commit_date": "Tue, 8 Sep 2020 16:38:35 +0200",
  "commit_message": "pinned tabs - update setting enum name\n\n",
  "conflict_file_id": 130,
  "filename": "src/vs/workbench/browser/parts/editor/tabsTitleControl.ts",
  "last_commit_on_a": "436567cd3b8f0609fab29126bd1b8cd25b43a044",
  "last_commit_on_b": "b8caf59d0c3e2b9a832dce2e823ad5c0dfac8a72",
  "author_info_a": {
    "name": "Benjamin Pasero",
    "email": "benjpas@microsoft.com"
  },
  "author_info_b": {
    "name": "Martin Aeschlimann",
    "email": "martinae@microsoft.com"
  },
  "num_conflict_regions": 1,
  "conflict_region_spans": [
    {
      "conflict_id": 1,
      "a": {
        "start": 48,
        "end": 49
      },
      "base": {
        "start": 48,
        "end": 48
      },
      "b": {
        "start": 48,
        "end": 49
      }
    }
  ]
}