{
  "repository_origin_url": "https://github.com/microsoft/vscode.git",
  "commit_id": "1870a1c47e3f456738454744c106ef85de5aea65",
  "commit_date": "Tue, 8 Sep 2020 13:54:31 -0700",
  "commit_message": "remove emit selections.\n\n",
  "conflict_file_id": 131,
  "filename": "src/vs/workbench/contrib/notebook/browser/viewModel/notebookViewModel.ts",
  "last_commit_on_a": "6485f44708575cc216587b66660e8d69b099f8ed",
  "last_commit_on_b": "1c3d3ae3ac550338551aad950164d67ba63f160c",
  "author_info_a": {
    "name": "rebornix",
    "email": "penn.lv@gmail.com"
  },
  "author_info_b": {
    "name": "Johannes Rieken",
    "email": "johannes.rieken@gmail.com"
  },
  "num_conflict_regions": 3,
  "conflict_region_spans": [
    {
      "conflict_id": 1,
      "a": {
        "start": 322,
        "end": 330
      },
      "base": {
        "start": 322,
        "end": 327
      },
      "b": {
        "start": 322,
        "end": 327
      }
    },
    {
      "conflict_id": 2,
      "a": {
        "start": 623,
        "end": 626
      },
      "base": {
        "start": 620,
        "end": 622
      },
      "b": {
        "start": 620,
        "end": 622
      }
    },
    {
      "conflict_id": 3,
      "a": {
        "start": 630,
        "end": 632
      },
      "base": {
        "start": 626,
        "end": 628
      },
      "b": {
        "start": 626,
        "end": 628
      }
    }
  ]
}