{
  "repository_origin_url": "https://github.com/microsoft/vscode.git",
  "commit_id": "1870a1c47e3f456738454744c106ef85de5aea65",
  "commit_date": "Tue, 8 Sep 2020 13:54:31 -0700",
  "commit_message": "remove emit selections.\n\n",
  "conflict_file_id": 132,
  "filename": "src/vs/workbench/contrib/notebook/common/model/notebookTextModel.ts",
  "last_commit_on_a": "6485f44708575cc216587b66660e8d69b099f8ed",
  "last_commit_on_b": "1c3d3ae3ac550338551aad950164d67ba63f160c",
  "author_info_a": {
    "name": "rebornix",
    "email": "penn.lv@gmail.com"
  },
  "author_info_b": {
    "name": "Johannes Rieken",
    "email": "johannes.rieken@gmail.com"
  },
  "num_conflict_regions": 14,
  "conflict_region_spans": [
    {
      "conflict_id": 1,
      "a": {
        "start": 138,
        "end": 144
      },
      "base": {
        "start": 138,
        "end": 151
      },
      "b": {
        "start": 138,
        "end": 150
      }
    },
    {
      "conflict_id": 2,
      "a": {
        "start": 176,
        "end": 178
      },
      "base": {
        "start": 183,
        "end": 199
      },
      "b": {
        "start": 182,
        "end": 200
      }
    },
    {
      "conflict_id": 3,
      "a": {
        "start": 282,
        "end": 282
      },
      "base": {
        "start": 303,
        "end": 306
      },
      "b": {
        "start": 304,
        "end": 307
      }
    },
    {
      "conflict_id": 4,
      "a": {
        "start": 299,
        "end": 303
      },
      "base": {
        "start": 323,
        "end": 326
      },
      "b": {
        "start": 324,
        "end": 327
      }
    },
    {
      "conflict_id": 5,
      "a": {
        "start": 305,
        "end": 307
      },
      "base": {
        "start": 328,
        "end": 330
      },
      "b": {
        "start": 329,
        "end": 331
      }
    },
    {
      "conflict_id": 6,
      "a": {
        "start": 311,
        "end": 311
      },
      "base": {
        "start": 334,
        "end": 368
      },
      "b": {
        "start": 335,
        "end": 369
      }
    },
    {
      "conflict_id": 7,
      "a": {
        "start": 320,
        "end": 323
      },
      "base": {
        "start": 377,
        "end": 378
      },
      "b": {
        "start": 378,
        "end": 379
      }
    },
    {
      "conflict_id": 8,
      "a": {
        "start": 352,
        "end": 382
      },
      "base": {
        "start": 407,
        "end": 411
      },
      "b": {
        "start": 408,
        "end": 412
      }
    },
    {
      "conflict_id": 9,
      "a": {
        "start": 496,
        "end": 513
      },
      "base": {
        "start": 525,
        "end": 551
      },
      "b": {
        "start": 526,
        "end": 552
      }
    },
    {
      "conflict_id": 10,
      "a": {
        "start": 525,
        "end": 530
      },
      "base": {
        "start": 563,
        "end": 638
      },
      "b": {
        "start": 564,
        "end": 639
      }
    },
    {
      "conflict_id": 11,
      "a": {
        "start": 547,
        "end": 549
      },
      "base": {
        "start": 655,
        "end": 657
      },
      "b": {
        "start": 656,
        "end": 658
      }
    },
    {
      "conflict_id": 12,
      "a": {
        "start": 575,
        "end": 580
      },
      "base": {
        "start": 683,
        "end": 702
      },
      "b": {
        "start": 684,
        "end": 703
      }
    },
    {
      "conflict_id": 13,
      "a": {
        "start": 637,
        "end": 639
      },
      "base": {
        "start": 759,
        "end": 761
      },
      "b": {
        "start": 760,
        "end": 762
      }
    },
    {
      "conflict_id": 14,
      "a": {
        "start": 649,
        "end": 650
      },
      "base": {
        "start": 771,
        "end": 773
      },
      "b": {
        "start": 772,
        "end": 774
      }
    }
  ]
}