{
  "repository_origin_url": "https://github.com/microsoft/vscode.git",
  "commit_id": "1870a1c47e3f456738454744c106ef85de5aea65",
  "commit_date": "Tue, 8 Sep 2020 11:20:27 -0700",
  "commit_message": "no uninitialized documents.\n\n",
  "conflict_file_id": 133,
  "filename": "src/vs/workbench/api/common/extHostNotebook.ts",
  "last_commit_on_a": "ed377f963fbb351dca610804d251952e3ab3f7e1",
  "last_commit_on_b": "e429fc386e9a202c1a1471b3184b972152dc8ffb",
  "author_info_a": {
    "name": "rebornix",
    "email": "penn.lv@gmail.com"
  },
  "author_info_b": {
    "name": "Johannes Rieken",
    "email": "johannes.rieken@gmail.com"
  },
  "num_conflict_regions": 2,
  "conflict_region_spans": [
    {
      "conflict_id": 1,
      "a": {
        "start": 1055,
        "end": 1060
      },
      "base": {
        "start": 1055,
        "end": 1082
      },
      "b": {
        "start": 1055,
        "end": 1060
      }
    },
    {
      "conflict_id": 2,
      "a": {
        "start": 1361,
        "end": 1379
      },
      "base": {
        "start": 1383,
        "end": 1409
      },
      "b": {
        "start": 1361,
        "end": 1380
      }
    }
  ]
}