{
  "repository_origin_url": "https://github.com/microsoft/vscode.git",
  "commit_id": "1870a1c47e3f456738454744c106ef85de5aea65",
  "commit_date": "Tue, 8 Sep 2020 08:57:16 -0700",
  "commit_message": "unified onDidChangeContent\n\n",
  "conflict_file_id": 134,
  "filename": "src/vs/workbench/api/browser/mainThreadNotebook.ts",
  "last_commit_on_a": "17d779cfd2ff2c76c79e9b050d77526255fdfe83",
  "last_commit_on_b": "8b0a7c9582c3f108c18dd6d9f9721e7bcfa8fb56",
  "author_info_a": {
    "name": "rebornix",
    "email": "penn.lv@gmail.com"
  },
  "author_info_b": {
    "name": "Johannes Rieken",
    "email": "johannes.rieken@gmail.com"
  },
  "num_conflict_regions": 1,
  "conflict_region_spans": [
    {
      "conflict_id": 1,
      "a": {
        "start": 265,
        "end": 307
      },
      "base": {
        "start": 265,
        "end": 279
      },
      "b": {
        "start": 265,
        "end": 268
      }
    }
  ]
}