{
  "repository_origin_url": "https://github.com/microsoft/vscode.git",
  "commit_id": "1870a1c47e3f456738454744c106ef85de5aea65",
  "commit_date": "Tue, 8 Sep 2020 13:54:31 -0700",
  "commit_message": "remove emit selections.\n\n",
  "conflict_file_id": 135,
  "filename": "src/vs/workbench/contrib/notebook/common/notebookCommon.ts",
  "last_commit_on_a": "6485f44708575cc216587b66660e8d69b099f8ed",
  "last_commit_on_b": "7b239ddf8a4087488dcdf16c480a3924d34a7454",
  "author_info_a": {
    "name": "rebornix",
    "email": "penn.lv@gmail.com"
  },
  "author_info_b": {
    "name": "Johannes Rieken",
    "email": "johannes.rieken@gmail.com"
  },
  "num_conflict_regions": 1,
  "conflict_region_spans": [
    {
      "conflict_id": 1,
      "a": {
        "start": 278,
        "end": 279
      },
      "base": {
        "start": 278,
        "end": 281
      },
      "b": {
        "start": 278,
        "end": 281
      }
    }
  ]
}