{
  "repository_origin_url": "https://github.com/microsoft/vscode.git",
  "commit_id": "791e3d4ed0d58cf40fdf7d31684281a8da619721",
  "commit_date": "Tue, 18 Aug 2020 17:40:12 -0400",
  "commit_message": "Dynamically updates diff context to cause updates\nImportant for menu recalc based on diff contexts\n\n",
  "conflict_file_id": 136,
  "filename": "src/vs/editor/browser/widget/diffEditorWidget.ts",
  "last_commit_on_a": "bf786f99bc80aed5607096c4e8a2a8534251b7a1",
  "last_commit_on_b": "1fe56130bd7812b8a99c7bc49ae320342f98894f",
  "author_info_a": {
    "name": "Eric Amodio",
    "email": "eamodio@microsoft.com"
  },
  "author_info_b": {
    "name": "rebornix",
    "email": "penn.lv@gmail.com"
  },
  "num_conflict_regions": 4,
  "conflict_region_spans": [
    {
      "conflict_id": 1,
      "a": {
        "start": 486,
        "end": 487
      },
      "base": {
        "start": 486,
        "end": 487
      },
      "b": {
        "start": 486,
        "end": 487
      }
    },
    {
      "conflict_id": 2,
      "a": {
        "start": 516,
        "end": 520
      },
      "base": {
        "start": 516,
        "end": 516
      },
      "b": {
        "start": 516,
        "end": 528
      }
    },
    {
      "conflict_id": 3,
      "a": {
        "start": 523,
        "end": 524
      },
      "base": {
        "start": 519,
        "end": 520
      },
      "b": {
        "start": 531,
        "end": 532
      }
    },
    {
      "conflict_id": 4,
      "a": {
        "start": 565,
        "end": 569
      },
      "base": {
        "start": 561,
        "end": 561
      },
      "b": {
        "start": 573,
        "end": 585
      }
    }
  ]
}