{
  "repository_origin_url": "https://github.com/microsoft/vscode.git",
  "commit_id": "018e9a21f1c50e8b09ff72e523bb431da36dc309",
  "commit_date": "Thu, 20 Aug 2020 10:53:42 -0700",
  "commit_message": "notebook editor worker service.\n\n",
  "conflict_file_id": 137,
  "filename": "src/vs/workbench/contrib/notebook/common/notebookCommon.ts",
  "last_commit_on_a": "509bc25f0287158fd95054ed19fddb3c17c94f57",
  "last_commit_on_b": "2951e1f3d1a5b48e35d759d87a86bfac6760c201",
  "author_info_a": {
    "name": "rebornix",
    "email": "penn.lv@gmail.com"
  },
  "author_info_b": {
    "name": "Johannes Rieken",
    "email": "johannes.rieken@gmail.com"
  },
  "num_conflict_regions": 1,
  "conflict_region_spans": [
    {
      "conflict_id": 1,
      "a": {
        "start": 739,
        "end": 760
      },
      "base": {
        "start": 739,
        "end": 739
      },
      "b": {
        "start": 739,
        "end": 742
      }
    }
  ]
}