{
  "repository_origin_url": "https://github.com/microsoft/vscode.git",
  "commit_id": "018e9a21f1c50e8b09ff72e523bb431da36dc309",
  "commit_date": "Thu, 20 Aug 2020 17:05:31 -0700",
  "commit_message": ":lipstick:\n\n",
  "conflict_file_id": 138,
  "filename": "src/vs/workbench/contrib/notebook/browser/notebookEditorWidget.ts",
  "last_commit_on_a": "7cbc86333ad9f095c04ac9950a60c7e5f441e5cd",
  "last_commit_on_b": "834a380d93cab18b44f52fcbb3db4ddd752ddf60",
  "author_info_a": {
    "name": "rebornix",
    "email": "penn.lv@gmail.com"
  },
  "author_info_b": {
    "name": "Johannes Rieken",
    "email": "johannes.rieken@gmail.com"
  },
  "num_conflict_regions": 1,
  "conflict_region_spans": [
    {
      "conflict_id": 1,
      "a": {
        "start": 29,
        "end": 31
      },
      "base": {
        "start": 29,
        "end": 31
      },
      "b": {
        "start": 29,
        "end": 31
      }
    }
  ]
}