{
  "repository_origin_url": "https://github.com/microsoft/vscode.git",
  "commit_id": "d20e086afc34128cd11b3443a8a4dee504a3b104",
  "commit_date": "Fri, 21 Aug 2020 12:08:41 +0200",
  "commit_message": "strict notebook cell api,https://github.com/microsoft/vscode/issues/104606\nLet a `vscode.NotebookCell` only be what's spec'd in the API not more. Make things froozen and readonly when possible\n\n",
  "conflict_file_id": 139,
  "filename": "src/vs/workbench/api/common/extHostNotebook.ts",
  "last_commit_on_a": "3462e29ea04fe2991d6e2a982430b6f44a01f040",
  "last_commit_on_b": "24b712d7c201f74a6bd50742f1eb7602f699e640",
  "author_info_a": {
    "name": "Johannes Rieken",
    "email": "johannes.rieken@gmail.com"
  },
  "author_info_b": {
    "name": "Connor Peet",
    "email": "connor@peet.io"
  },
  "num_conflict_regions": 1,
  "conflict_region_spans": [
    {
      "conflict_id": 1,
      "a": {
        "start": 938,
        "end": 1040
      },
      "base": {
        "start": 938,
        "end": 1040
      },
      "b": {
        "start": 938,
        "end": 938
      }
    }
  ]
}