{
  "repository_origin_url": "https://github.com/microsoft/vscode.git",
  "commit_id": "b582b6beace92506b136a443d3df674598390303",
  "commit_date": "Mon, 29 Mar 2021 07:41:07 +0200",
  "commit_message": "Merge branch 'main' into ben/enable-vscode-file\n\n",
  "conflict_file_id": 13,
  "filename": "src/vs/platform/windows/electron-main/window.ts",
  "last_commit_on_a": "23af949473c1fed029db6d12d542b1d4af788955",
  "last_commit_on_b": "e5b2742fff8f946e321b120dcc90ab3403fbcfc2",
  "author_info_a": {
    "name": "Benjamin Pasero",
    "email": "benjamin.pasero@microsoft.com"
  },
  "author_info_b": {
    "name": "Benjamin Pasero",
    "email": "benjpas@microsoft.com"
  },
  "num_conflict_regions": 1,
  "conflict_region_spans": [
    {
      "conflict_id": 1,
      "a": {
        "start": 20,
        "end": 22
      },
      "base": {
        "start": 20,
        "end": 22
      },
      "b": {
        "start": 20,
        "end": 22
      }
    }
  ]
}