{
  "repository_origin_url": "https://github.com/microsoft/vscode.git",
  "commit_id": "95de117f2768aece011d730d00fc85d3dd926c14",
  "commit_date": "Tue, 28 Jul 2020 10:34:21 -0700",
  "commit_message": "diff and color decorations\n\n",
  "conflict_file_id": 140,
  "filename": "src/vs/workbench/contrib/notebook/browser/notebookEditorWidgetService.ts",
  "last_commit_on_a": "0679eda1ee0d6140ac42243359cb0271cad20f9f",
  "last_commit_on_b": "624e408a2c251ee20a49adb74a406ccc8bbd31f8",
  "author_info_a": {
    "name": "rebornix",
    "email": "penn.lv@gmail.com"
  },
  "author_info_b": {
    "name": "rebornix",
    "email": "penn.lv@gmail.com"
  },
  "num_conflict_regions": 1,
  "conflict_region_spans": [
    {
      "conflict_id": 1,
      "a": {
        "start": 129,
        "end": 130
      },
      "base": {
        "start": 129,
        "end": 130
      },
      "b": {
        "start": 129,
        "end": 130
      }
    }
  ]
}