{
  "repository_origin_url": "https://github.com/microsoft/vscode.git",
  "commit_id": "95de117f2768aece011d730d00fc85d3dd926c14",
  "commit_date": "Thu, 30 Jul 2020 09:09:18 -0700",
  "commit_message": "Merge remote-tracking branch 'origin/master' into rebornix/diff\n\n",
  "conflict_file_id": 142,
  "filename": "src/vs/workbench/contrib/notebook/test/testNotebookEditor.ts",
  "last_commit_on_a": "f3e30f67c8f30d8f0d712854b3299bad8f7d9553",
  "last_commit_on_b": "33d38a9bfefe6fd4cb4614c0f89faa5a9629e373",
  "author_info_a": {
    "name": "rebornix",
    "email": "penn.lv@gmail.com"
  },
  "author_info_b": {
    "name": "rebornix",
    "email": "penn.lv@gmail.com"
  },
  "num_conflict_regions": 1,
  "conflict_region_spans": [
    {
      "conflict_id": 1,
      "a": {
        "start": 15,
        "end": 16
      },
      "base": {
        "start": 15,
        "end": 16
      },
      "b": {
        "start": 15,
        "end": 16
      }
    }
  ]
}