{
  "repository_origin_url": "https://github.com/microsoft/vscode.git",
  "commit_id": "95de117f2768aece011d730d00fc85d3dd926c14",
  "commit_date": "Thu, 30 Jul 2020 09:09:18 -0700",
  "commit_message": "Merge remote-tracking branch 'origin/master' into rebornix/diff\n\n",
  "conflict_file_id": 143,
  "filename": "src/vs/workbench/contrib/notebook/browser/notebookEditorWidget.ts",
  "last_commit_on_a": "f3e30f67c8f30d8f0d712854b3299bad8f7d9553",
  "last_commit_on_b": "624e408a2c251ee20a49adb74a406ccc8bbd31f8",
  "author_info_a": {
    "name": "rebornix",
    "email": "penn.lv@gmail.com"
  },
  "author_info_b": {
    "name": "rebornix",
    "email": "penn.lv@gmail.com"
  },
  "num_conflict_regions": 2,
  "conflict_region_spans": [
    {
      "conflict_id": 1,
      "a": {
        "start": 53,
        "end": 55
      },
      "base": {
        "start": 53,
        "end": 53
      },
      "b": {
        "start": 53,
        "end": 62
      }
    },
    {
      "conflict_id": 2,
      "a": {
        "start": 208,
        "end": 209
      },
      "base": {
        "start": 206,
        "end": 206
      },
      "b": {
        "start": 215,
        "end": 216
      }
    }
  ]
}