{
  "repository_origin_url": "https://github.com/microsoft/vscode.git",
  "commit_id": "edd88dff574875f0cf05a21b854a67c84849c039",
  "commit_date": "Fri, 10 Jul 2020 11:50:00 -0700",
  "commit_message": "Add notebook random action test\n\n",
  "conflict_file_id": 144,
  "filename": "extensions/vscode-notebook-tests/src/notebookSmokeTestMain.ts",
  "last_commit_on_a": "640f5a47e91cb51f7e280ea4d812f113a24b5e07",
  "last_commit_on_b": "4bd3ba6f3354db82e6ea8fa722955cf9982f4bf7",
  "author_info_a": {
    "name": "Rob Lourens",
    "email": "roblourens@gmail.com"
  },
  "author_info_b": {
    "name": "Rob Lourens",
    "email": "roblourens@gmail.com"
  },
  "num_conflict_regions": 1,
  "conflict_region_spans": [
    {
      "conflict_id": 1,
      "a": {
        "start": 114,
        "end": 128
      },
      "base": {
        "start": 114,
        "end": 115
      },
      "b": {
        "start": 114,
        "end": 115
      }
    }
  ]
}