{
  "repository_origin_url": "https://github.com/microsoft/vscode.git",
  "commit_id": "b592b5811b67661194612fb25fb8a6e62acabc26",
  "commit_date": "Thu, 6 Aug 2020 17:30:14 +0200",
  "commit_message": "Merge branch 'master' into innerText-for-trivial-strings\n\n",
  "conflict_file_id": 145,
  "filename": "src/vs/workbench/contrib/notebook/browser/view/renderers/cellRenderer.ts",
  "last_commit_on_a": "ac5f4f82fa241d3338a141e3633af43e90059288",
  "last_commit_on_b": "9294fd5b944bd37635bc4588b0cf9ac670f582a2",
  "author_info_a": {
    "name": "Anna Kramarska",
    "email": "37103414+annkamsk@users.noreply.github.com"
  },
  "author_info_b": {
    "name": "rebornix",
    "email": "penn.lv@gmail.com"
  },
  "num_conflict_regions": 1,
  "conflict_region_spans": [
    {
      "conflict_id": 1,
      "a": {
        "start": 474,
        "end": 479
      },
      "base": {
        "start": 474,
        "end": 479
      },
      "b": {
        "start": 474,
        "end": 475
      }
    }
  ]
}