{
  "repository_origin_url": "https://github.com/microsoft/vscode.git",
  "commit_id": "0a030537240ebd9d6974142f31ce4de9a3294cf6",
  "commit_date": "Mon, 10 Aug 2020 18:24:01 +0200",
  "commit_message": "Merge branch 'master' into joh/celldocs\n\n",
  "conflict_file_id": 146,
  "filename": "src/vs/workbench/api/common/extHostNotebook.ts",
  "last_commit_on_a": "5fe144cf97cbfcd441418716c94ec2b77cf3cfdc",
  "last_commit_on_b": "03467e96ff0d8a00f0ae90017e7f3f14bda27126",
  "author_info_a": {
    "name": "Johannes Rieken",
    "email": "johannes.rieken@gmail.com"
  },
  "author_info_b": {
    "name": "rebornix",
    "email": "penn.lv@gmail.com"
  },
  "num_conflict_regions": 1,
  "conflict_region_spans": [
    {
      "conflict_id": 1,
      "a": {
        "start": 17,
        "end": 18
      },
      "base": {
        "start": 17,
        "end": 18
      },
      "b": {
        "start": 17,
        "end": 19
      }
    }
  ]
}