{
  "repository_origin_url": "https://github.com/microsoft/vscode.git",
  "commit_id": "1bea03865a7a24e32ca0b7d030656294f0ccbcfa",
  "commit_date": "Sat, 30 May 2020 00:57:56 -0400",
  "commit_message": "refactor find widget to support multiple selection find/replace\n\n",
  "conflict_file_id": 147,
  "filename": "src/vs/editor/contrib/find/test/findController.test.ts",
  "last_commit_on_a": "b9efdab4831b6b69c13e4b15b55d519c65d0e2d4",
  "last_commit_on_b": "9413602dc27fb08f33b74e3695259422b57ca0ee",
  "author_info_a": {
    "name": "Jody Heavener",
    "email": "j.heavener@gmail.com"
  },
  "author_info_b": {
    "name": "Alex Dima",
    "email": "alexdima@microsoft.com"
  },
  "num_conflict_regions": 1,
  "conflict_region_spans": [
    {
      "conflict_id": 1,
      "a": {
        "start": 527,
        "end": 528
      },
      "base": {
        "start": 527,
        "end": 529
      },
      "b": {
        "start": 527,
        "end": 529
      }
    }
  ]
}