{
  "repository_origin_url": "https://github.com/microsoft/vscode.git",
  "commit_id": "5fe144cf97cbfcd441418716c94ec2b77cf3cfdc",
  "commit_date": "Fri, 17 Jul 2020 14:52:25 +0200",
  "commit_message": "remove document that only the notebook did open\n\n",
  "conflict_file_id": 148,
  "filename": "src/vs/workbench/api/common/extHostNotebook.ts",
  "last_commit_on_a": "b2666580914d34630f0b0e668d7dac008d1f823b",
  "last_commit_on_b": "2d3d5208deee67661a71cebdc5945cafcaa30454",
  "author_info_a": {
    "name": "Johannes Rieken",
    "email": "johannes.rieken@gmail.com"
  },
  "author_info_b": {
    "name": "rebornix",
    "email": "penn.lv@gmail.com"
  },
  "num_conflict_regions": 4,
  "conflict_region_spans": [
    {
      "conflict_id": 1,
      "a": {
        "start": 9,
        "end": 10
      },
      "base": {
        "start": 9,
        "end": 10
      },
      "b": {
        "start": 9,
        "end": 13
      }
    },
    {
      "conflict_id": 2,
      "a": {
        "start": 15,
        "end": 16
      },
      "base": {
        "start": 15,
        "end": 16
      },
      "b": {
        "start": 18,
        "end": 19
      }
    },
    {
      "conflict_id": 3,
      "a": {
        "start": 17,
        "end": 21
      },
      "base": {
        "start": 17,
        "end": 23
      },
      "b": {
        "start": 20,
        "end": 23
      }
    },
    {
      "conflict_id": 4,
      "a": {
        "start": 362,
        "end": 364
      },
      "base": {
        "start": 364,
        "end": 365
      },
      "b": {
        "start": 364,
        "end": 365
      }
    }
  ]
}