{
  "repository_origin_url": "https://github.com/microsoft/vscode.git",
  "commit_id": "c466365768cdbe46592c75b8d7d324cc1756ce44",
  "commit_date": "Tue, 4 Aug 2020 17:29:01 +0100",
  "commit_message": "Merge remote-tracking branch 'upstream/master' into scm-resource-context\n\n",
  "conflict_file_id": 149,
  "filename": "src/vs/workbench/contrib/scm/browser/menus.ts",
  "last_commit_on_a": "43d5d68fdd4e9e4f748a546ba66845d4cceaeb1f",
  "last_commit_on_b": "1b62230a24467f34370ecb2ef188e7b5828808ef",
  "author_info_a": {
    "name": "mjcrouch",
    "email": "49367953+mjcrouch@users.noreply.github.com"
  },
  "author_info_b": {
    "name": "Jo\u00e3o Moreno",
    "email": "joao.moreno@microsoft.com"
  },
  "num_conflict_regions": 4,
  "conflict_region_spans": [
    {
      "conflict_id": 1,
      "a": {
        "start": 60,
        "end": 68
      },
      "base": {
        "start": 60,
        "end": 64
      },
      "b": {
        "start": 60,
        "end": 66
      }
    },
    {
      "conflict_id": 2,
      "a": {
        "start": 217,
        "end": 228
      },
      "base": {
        "start": 213,
        "end": 219
      },
      "b": {
        "start": 215,
        "end": 217
      }
    },
    {
      "conflict_id": 3,
      "a": {
        "start": 242,
        "end": 244
      },
      "base": {
        "start": 233,
        "end": 237
      },
      "b": {
        "start": 231,
        "end": 234
      }
    },
    {
      "conflict_id": 4,
      "a": {
        "start": 245,
        "end": 253
      },
      "base": {
        "start": 238,
        "end": 241
      },
      "b": {
        "start": 235,
        "end": 237
      }
    }
  ]
}