{
  "repository_origin_url": "https://github.com/microsoft/vscode.git",
  "commit_id": "ac5f4f82fa241d3338a141e3633af43e90059288",
  "commit_date": "Mon, 3 Aug 2020 19:19:53 +0200",
  "commit_message": "Replace `innerHTML` with `innerText` when assigning non-html string\n\n",
  "conflict_file_id": 150,
  "filename": "src/vs/workbench/contrib/notebook/browser/view/renderers/cellRenderer.ts",
  "last_commit_on_a": "59ef2e37e79a85f2eb1382eaad5dc842fa611f21",
  "last_commit_on_b": "f5e60cb0f92833c34f5b6acabf5237758b9769a6",
  "author_info_a": {
    "name": "annkamsk",
    "email": "kamsk@google.com"
  },
  "author_info_b": {
    "name": "rebornix",
    "email": "penn.lv@gmail.com"
  },
  "num_conflict_regions": 1,
  "conflict_region_spans": [
    {
      "conflict_id": 1,
      "a": {
        "start": 470,
        "end": 472
      },
      "base": {
        "start": 470,
        "end": 472
      },
      "b": {
        "start": 470,
        "end": 472
      }
    }
  ]
}