{
  "repository_origin_url": "https://github.com/microsoft/vscode.git",
  "commit_id": "43d5d68fdd4e9e4f748a546ba66845d4cceaeb1f",
  "commit_date": "Mon, 11 May 2020 22:11:37 +0100",
  "commit_message": "Merge branch 'master' into scm-resource-context\n\n",
  "conflict_file_id": 151,
  "filename": "src/vs/vscode.proposed.d.ts",
  "last_commit_on_a": "0df59550e7839441f3dba3cb85ec2060d7834641",
  "last_commit_on_b": "ccb2e9621fd15d4a14f18b342711857980dd1bc3",
  "author_info_a": {
    "name": "Matt Crouch",
    "email": "49367953+mjcrouch@users.noreply.github.com"
  },
  "author_info_b": {
    "name": "rebornix",
    "email": "penn.lv@gmail.com"
  },
  "num_conflict_regions": 1,
  "conflict_region_spans": [
    {
      "conflict_id": 1,
      "a": {
        "start": 2025,
        "end": 2052
      },
      "base": {
        "start": 2025,
        "end": 2026
      },
      "b": {
        "start": 2025,
        "end": 2028
      }
    }
  ]
}