{
  "repository_origin_url": "https://github.com/microsoft/vscode.git",
  "commit_id": "f3e30f67c8f30d8f0d712854b3299bad8f7d9553",
  "commit_date": "Tue, 28 Jul 2020 17:25:13 -0700",
  "commit_message": "improve the whitespace insertion/query speed.\n\n",
  "conflict_file_id": 152,
  "filename": "src/vs/workbench/contrib/notebook/browser/notebookEditorWidget.ts",
  "last_commit_on_a": "ce182fb07a3bf247c64ee1dbf3ef829beba00d8e",
  "last_commit_on_b": "313381b6783db6a0c7542ed69622c64e849a8e6e",
  "author_info_a": {
    "name": "rebornix",
    "email": "penn.lv@gmail.com"
  },
  "author_info_b": {
    "name": "Rob Lourens",
    "email": "roblourens@gmail.com"
  },
  "num_conflict_regions": 1,
  "conflict_region_spans": [
    {
      "conflict_id": 1,
      "a": {
        "start": 30,
        "end": 32
      },
      "base": {
        "start": 30,
        "end": 32
      },
      "b": {
        "start": 30,
        "end": 32
      }
    }
  ]
}