{
  "repository_origin_url": "https://github.com/microsoft/vscode.git",
  "commit_id": "187e9ddf5e4d3398fb6c17e783bcd1eb64377a71",
  "commit_date": "Wed, 22 Jul 2020 14:29:36 +0200",
  "commit_message": "proper SubmenuAction.id\n\n",
  "conflict_file_id": 153,
  "filename": "src/vs/workbench/browser/viewlet.ts",
  "last_commit_on_a": "5b2e4229ff03bc5c64367a33fb5232e146202249",
  "last_commit_on_b": "de68da88f9cf36a2e3d521bbaa3eb4654c1b2c52",
  "author_info_a": {
    "name": "Jo\u00e3o Moreno",
    "email": "joao.moreno@microsoft.com"
  },
  "author_info_b": {
    "name": "Sandeep Somavarapu",
    "email": "sasomava@microsoft.com"
  },
  "num_conflict_regions": 1,
  "conflict_region_spans": [
    {
      "conflict_id": 1,
      "a": {
        "start": 80,
        "end": 81
      },
      "base": {
        "start": 80,
        "end": 81
      },
      "b": {
        "start": 80,
        "end": 81
      }
    }
  ]
}