{
  "repository_origin_url": "https://github.com/microsoft/vscode.git",
  "commit_id": "187e9ddf5e4d3398fb6c17e783bcd1eb64377a71",
  "commit_date": "Wed, 22 Jul 2020 21:19:43 +0200",
  "commit_message": "extract IContextMenuProvider\n\n",
  "conflict_file_id": 154,
  "filename": "src/vs/base/browser/ui/dropdown/dropdown.ts",
  "last_commit_on_a": "a387a6c77a97fb5c69543434d1684c107bfff320",
  "last_commit_on_b": "de68da88f9cf36a2e3d521bbaa3eb4654c1b2c52",
  "author_info_a": {
    "name": "Jo\u00e3o Moreno",
    "email": "joao.moreno@microsoft.com"
  },
  "author_info_b": {
    "name": "Sandeep Somavarapu",
    "email": "sasomava@microsoft.com"
  },
  "num_conflict_regions": 1,
  "conflict_region_spans": [
    {
      "conflict_id": 1,
      "a": {
        "start": 281,
        "end": 281
      },
      "base": {
        "start": 281,
        "end": 382
      },
      "b": {
        "start": 281,
        "end": 384
      }
    }
  ]
}