{
  "repository_origin_url": "https://github.com/microsoft/vscode.git",
  "commit_id": "187e9ddf5e4d3398fb6c17e783bcd1eb64377a71",
  "commit_date": "Wed, 22 Jul 2020 20:36:44 +0200",
  "commit_message": "isolate action view items, delete duplicate IActionViewItem interface\n\n",
  "conflict_file_id": 155,
  "filename": "src/vs/workbench/browser/parts/activitybar/activitybarActions.ts",
  "last_commit_on_a": "e7279b1c505569c52d9f813b9c76476374001db0",
  "last_commit_on_b": "5b73233f68eaf07a1cdcea6919d964455ef168b6",
  "author_info_a": {
    "name": "Jo\u00e3o Moreno",
    "email": "joao.moreno@microsoft.com"
  },
  "author_info_b": {
    "name": "Rachel Macfarlane",
    "email": "ramacfar@microsoft.com"
  },
  "num_conflict_regions": 1,
  "conflict_region_spans": [
    {
      "conflict_id": 1,
      "a": {
        "start": 34,
        "end": 35
      },
      "base": {
        "start": 34,
        "end": 34
      },
      "b": {
        "start": 34,
        "end": 35
      }
    }
  ]
}