{
  "repository_origin_url": "https://github.com/microsoft/vscode.git",
  "commit_id": "187e9ddf5e4d3398fb6c17e783bcd1eb64377a71",
  "commit_date": "Tue, 21 Jul 2020 16:55:16 +0200",
  "commit_message": "move Separator down to actions\n\n",
  "conflict_file_id": 156,
  "filename": "src/vs/workbench/contrib/extensions/browser/extensionsViewlet.ts",
  "last_commit_on_a": "375bdeaba531e6ff22db6f47ff5a52273ff31f98",
  "last_commit_on_b": "86b75c60c0e732eb90d87332f2ad22dd46613e84",
  "author_info_a": {
    "name": "Jo\u00e3o Moreno",
    "email": "joao.moreno@microsoft.com"
  },
  "author_info_b": {
    "name": "Sandeep Somavarapu",
    "email": "sasomava@microsoft.com"
  },
  "num_conflict_regions": 1,
  "conflict_region_spans": [
    {
      "conflict_id": 1,
      "a": {
        "start": 13,
        "end": 14
      },
      "base": {
        "start": 13,
        "end": 15
      },
      "b": {
        "start": 13,
        "end": 15
      }
    }
  ]
}