{
  "repository_origin_url": "https://github.com/microsoft/vscode.git",
  "commit_id": "187e9ddf5e4d3398fb6c17e783bcd1eb64377a71",
  "commit_date": "Wed, 22 Jul 2020 20:45:56 +0200",
  "commit_message": "move IActionViewItemProvider to actions\n\n",
  "conflict_file_id": 157,
  "filename": "src/vs/base/browser/ui/menu/menu.ts",
  "last_commit_on_a": "89f2de67de5a7c0d32c898264f17c8002caeacb6",
  "last_commit_on_b": "4a1bcdafe97820778ba86f40c225dbb40585c8f0",
  "author_info_a": {
    "name": "Jo\u00e3o Moreno",
    "email": "joao.moreno@microsoft.com"
  },
  "author_info_b": {
    "name": "SteVen Batten",
    "email": "6561887+sbatten@users.noreply.github.com"
  },
  "num_conflict_regions": 1,
  "conflict_region_spans": [
    {
      "conflict_id": 1,
      "a": {
        "start": 22,
        "end": 23
      },
      "base": {
        "start": 22,
        "end": 22
      },
      "b": {
        "start": 22,
        "end": 23
      }
    }
  ]
}