{
  "repository_origin_url": "https://github.com/microsoft/vscode.git",
  "commit_id": "847a98f34c769605610b97e5fb5d6f7bc0500b15",
  "commit_date": "Thu, 16 Jul 2020 16:38:36 -0700",
  "commit_message": "token source.\n\n",
  "conflict_file_id": 158,
  "filename": "src/vs/workbench/contrib/notebook/browser/contrib/status/editorStatus.ts",
  "last_commit_on_a": "5271afd02826e482fbe08fab5d40e808146aa53c",
  "last_commit_on_b": "39af33aabebd71aa9a138d5fd22145fa3893fc46",
  "author_info_a": {
    "name": "rebornix",
    "email": "penn.lv@gmail.com"
  },
  "author_info_b": {
    "name": "Rob Lourens",
    "email": "roblourens@gmail.com"
  },
  "num_conflict_regions": 1,
  "conflict_region_spans": [
    {
      "conflict_id": 1,
      "a": {
        "start": 11,
        "end": 13
      },
      "base": {
        "start": 11,
        "end": 13
      },
      "b": {
        "start": 11,
        "end": 13
      }
    }
  ]
}