{
  "repository_origin_url": "https://github.com/microsoft/vscode.git",
  "commit_id": "847a98f34c769605610b97e5fb5d6f7bc0500b15",
  "commit_date": "Thu, 16 Jul 2020 16:50:37 -0700",
  "commit_message": "type convert glob\n\n",
  "conflict_file_id": 159,
  "filename": "src/vs/workbench/api/common/extHostNotebook.ts",
  "last_commit_on_a": "beb6b4782f9fd96d97d32b65446cdfbd33217da9",
  "last_commit_on_b": "80a33109464ccc831471ae0f31396047d8418d0f",
  "author_info_a": {
    "name": "rebornix",
    "email": "penn.lv@gmail.com"
  },
  "author_info_b": {
    "name": "Johannes Rieken",
    "email": "johannes.rieken@gmail.com"
  },
  "num_conflict_regions": 1,
  "conflict_region_spans": [
    {
      "conflict_id": 1,
      "a": {
        "start": 17,
        "end": 18
      },
      "base": {
        "start": 17,
        "end": 18
      },
      "b": {
        "start": 17,
        "end": 18
      }
    }
  ]
}