{
  "repository_origin_url": "https://github.com/microsoft/vscode.git",
  "commit_id": "0a9cb852d8dd4f6c218396586edeefcbc04fd144",
  "commit_date": "Fri, 5 Mar 2021 21:00:30 -0800",
  "commit_message": "pass id in localPty\n\n",
  "conflict_file_id": 15,
  "filename": "src/vs/platform/terminal/common/terminal.ts",
  "last_commit_on_a": "005609f400005b46de485edeab6a15e44c7cf92a",
  "last_commit_on_b": "02d38098249bfaff610704d74031a2530126eb6f",
  "author_info_a": {
    "name": "meganrogge",
    "email": "megrogge@gmail.com"
  },
  "author_info_b": {
    "name": "Daniel Imms",
    "email": "2193314+Tyriar@users.noreply.github.com"
  },
  "num_conflict_regions": 2,
  "conflict_region_spans": [
    {
      "conflict_id": 1,
      "a": {
        "start": 96,
        "end": 99
      },
      "base": {
        "start": 96,
        "end": 98
      },
      "b": {
        "start": 96,
        "end": 98
      }
    },
    {
      "conflict_id": 2,
      "a": {
        "start": 159,
        "end": 160
      },
      "base": {
        "start": 158,
        "end": 158
      },
      "b": {
        "start": 158,
        "end": 160
      }
    }
  ]
}