{
  "repository_origin_url": "https://github.com/microsoft/vscode.git",
  "commit_id": "23600d514d1015788a2b4dc0ac1979155293bb28",
  "commit_date": "Mon, 6 Jul 2020 18:32:14 -0700",
  "commit_message": "Adjust non-webview output height when cell width changes Fix #100913\n\n",
  "conflict_file_id": 160,
  "filename": "src/vs/workbench/contrib/notebook/browser/view/renderers/codeCell.ts",
  "last_commit_on_a": "48199fb524252e712c8d665c54e0e83626840903",
  "last_commit_on_b": "79fa27d2bd09eaa5b1c6598e0dba0e1b6040914e",
  "author_info_a": {
    "name": "Rob Lourens",
    "email": "roblourens@gmail.com"
  },
  "author_info_b": {
    "name": "Rob Lourens",
    "email": "roblourens@gmail.com"
  },
  "num_conflict_regions": 1,
  "conflict_region_spans": [
    {
      "conflict_id": 1,
      "a": {
        "start": 310,
        "end": 321
      },
      "base": {
        "start": 310,
        "end": 313
      },
      "b": {
        "start": 310,
        "end": 310
      }
    }
  ]
}