{
  "repository_origin_url": "https://github.com/microsoft/vscode.git",
  "commit_id": "01eb1fa8cb6a23e52f46f9be6ebf42e50e4212d3",
  "commit_date": "Thu, 18 Jun 2020 03:43:28 +0100",
  "commit_message": "fix #100437 Improve 'terminal.integrated.commandsToSkipShell' information in Settings Editor\n\n",
  "conflict_file_id": 161,
  "filename": "src/vs/workbench/contrib/terminal/common/terminalConfiguration.ts",
  "last_commit_on_a": "ef583d90b56fcf604a0c45fb1c6ffe0c8afa7ce8",
  "last_commit_on_b": "b37b58f023e5262b3ed84231ee58400c615bc393",
  "author_info_a": {
    "name": "gjsjohnmurray",
    "email": "johnm@georgejames.com"
  },
  "author_info_b": {
    "name": "Daniel Imms",
    "email": "tyriar@tyriar.com"
  },
  "num_conflict_regions": 1,
  "conflict_region_spans": [
    {
      "conflict_id": 1,
      "a": {
        "start": 221,
        "end": 222
      },
      "base": {
        "start": 221,
        "end": 222
      },
      "b": {
        "start": 221,
        "end": 222
      }
    }
  ]
}