{
  "repository_origin_url": "https://github.com/microsoft/vscode.git",
  "commit_id": "573a528d72739b2d6b8ebfe17eef605b0577f563",
  "commit_date": "Sun, 21 Jun 2020 13:34:16 -0700",
  "commit_message": "avoid events if notebook webview is disposed.\n\n",
  "conflict_file_id": 162,
  "filename": "src/vs/workbench/contrib/notebook/browser/view/renderers/backLayerWebView.ts",
  "last_commit_on_a": "0ac03e433121bbeabbdc4003ca0e48ac44d9b767",
  "last_commit_on_b": "a57cb45be84e2b1debd20f7fc52391a3a50d6846",
  "author_info_a": {
    "name": "rebornix",
    "email": "penn.lv@gmail.com"
  },
  "author_info_b": {
    "name": "Connor Peet",
    "email": "connor@peet.io"
  },
  "num_conflict_regions": 1,
  "conflict_region_spans": [
    {
      "conflict_id": 1,
      "a": {
        "start": 378,
        "end": 383
      },
      "base": {
        "start": 378,
        "end": 379
      },
      "b": {
        "start": 378,
        "end": 379
      }
    }
  ]
}