{
  "repository_origin_url": "https://github.com/microsoft/vscode.git",
  "commit_id": "a2668168b249f862fa15e30a67d99feb17598b96",
  "commit_date": "Fri, 19 Jun 2020 22:41:02 +0200",
  "commit_message": "Enable local web worker extension host behind a flag\n\n",
  "conflict_file_id": 164,
  "filename": "src/vs/workbench/services/extensions/browser/extensionService.ts",
  "last_commit_on_a": "e7a15497fa606884b899a78981a1f55ae8a6a590",
  "last_commit_on_b": "ba27193e459f044dfd9e846a5170c967c3bca085",
  "author_info_a": {
    "name": "Alex Dima",
    "email": "alexdima@microsoft.com"
  },
  "author_info_b": {
    "name": "Sandeep Somavarapu",
    "email": "sasomava@microsoft.com"
  },
  "num_conflict_regions": 1,
  "conflict_region_spans": [
    {
      "conflict_id": 1,
      "a": {
        "start": 16,
        "end": 18
      },
      "base": {
        "start": 16,
        "end": 19
      },
      "b": {
        "start": 16,
        "end": 19
      }
    }
  ]
}