{
  "repository_origin_url": "https://github.com/microsoft/vscode.git",
  "commit_id": "45dbf43a873a6c27ae7dae9c6b91728723e9f8f6",
  "commit_date": "Fri, 12 Jun 2020 18:00:15 -0700",
  "commit_message": "Fix #96840. Support backup/revert from notebook content provider.\n\n",
  "conflict_file_id": 165,
  "filename": "src/vs/workbench/api/common/extHostNotebook.ts",
  "last_commit_on_a": "98c306516095077dbf0c041e5cde137eb69417bf",
  "last_commit_on_b": "1d1b452f2fe69309b198aa692118c7ebf5951149",
  "author_info_a": {
    "name": "rebornix",
    "email": "penn.lv@gmail.com"
  },
  "author_info_b": {
    "name": "Connor Peet",
    "email": "connor@peet.io"
  },
  "num_conflict_regions": 1,
  "conflict_region_spans": [
    {
      "conflict_id": 1,
      "a": {
        "start": 23,
        "end": 27
      },
      "base": {
        "start": 23,
        "end": 23
      },
      "b": {
        "start": 23,
        "end": 24
      }
    }
  ]
}