{
  "repository_origin_url": "https://github.com/microsoft/vscode.git",
  "commit_id": "46f7dc1b8e7700964f7c8694b31ab011b457de87",
  "commit_date": "Mon, 8 Jun 2020 14:18:44 -0700",
  "commit_message": "Merge branch 'master' into rebornix/notebook-flaky-move-cell-test\n\n",
  "conflict_file_id": 166,
  "filename": "extensions/vscode-notebook-tests/src/notebook.test.ts",
  "last_commit_on_a": "39102f0e787a74653f010524678f3387a1a2885e",
  "last_commit_on_b": "97adc29122c24a83cb43865e5d689c7487eeb32f",
  "author_info_a": {
    "name": "Peng Lyu",
    "email": "penlv@microsoft.com"
  },
  "author_info_b": {
    "name": "rebornix",
    "email": "penn.lv@gmail.com"
  },
  "num_conflict_regions": 2,
  "conflict_region_spans": [
    {
      "conflict_id": 1,
      "a": {
        "start": 389,
        "end": 414
      },
      "base": {
        "start": 389,
        "end": 390
      },
      "b": {
        "start": 389,
        "end": 390
      }
    },
    {
      "conflict_id": 2,
      "a": {
        "start": 420,
        "end": 424
      },
      "base": {
        "start": 396,
        "end": 402
      },
      "b": {
        "start": 396,
        "end": 402
      }
    }
  ]
}