{
  "repository_origin_url": "https://github.com/microsoft/vscode.git",
  "commit_id": "39102f0e787a74653f010524678f3387a1a2885e",
  "commit_date": "Wed, 3 Jun 2020 20:15:47 -0700",
  "commit_message": "prevent test fail because of previous failure\n\n",
  "conflict_file_id": 167,
  "filename": "extensions/vscode-notebook-tests/src/notebook.test.ts",
  "last_commit_on_a": "fbe03b9999d328e2b9d922b6a60e2a04d8984a11",
  "last_commit_on_b": "83286288a7145057d1d49869e827e0c4b47a0dc2",
  "author_info_a": {
    "name": "rebornix",
    "email": "penn.lv@gmail.com"
  },
  "author_info_b": {
    "name": "rebornix",
    "email": "penn.lv@gmail.com"
  },
  "num_conflict_regions": 1,
  "conflict_region_spans": [
    {
      "conflict_id": 1,
      "a": {
        "start": 234,
        "end": 236
      },
      "base": {
        "start": 234,
        "end": 235
      },
      "b": {
        "start": 234,
        "end": 235
      }
    }
  ]
}