{
  "repository_origin_url": "https://github.com/microsoft/vscode.git",
  "commit_id": "9b1f4338070450fe1f0548a0a5bb66c623c9d651",
  "commit_date": "Wed, 3 Jun 2020 21:50:02 -0700",
  "commit_message": "dispose pending layout when a cell is deleted\n\n",
  "conflict_file_id": 168,
  "filename": "src/vs/workbench/contrib/notebook/browser/notebookEditorWidget.ts",
  "last_commit_on_a": "82ef175180c58eac84ad80f1caa28a2b210c6b63",
  "last_commit_on_b": "2da43c7d9373c2b93026f4e0fc7958102c54a61f",
  "author_info_a": {
    "name": "rebornix",
    "email": "penn.lv@gmail.com"
  },
  "author_info_b": {
    "name": "rebornix",
    "email": "penn.lv@gmail.com"
  },
  "num_conflict_regions": 1,
  "conflict_region_spans": [
    {
      "conflict_id": 1,
      "a": {
        "start": 1037,
        "end": 1039
      },
      "base": {
        "start": 1037,
        "end": 1037
      },
      "b": {
        "start": 1037,
        "end": 1041
      }
    }
  ]
}