{
  "repository_origin_url": "https://github.com/microsoft/vscode.git",
  "commit_id": "a044b83b81e0f48dae93181500f9a3afdd02c514",
  "commit_date": "Fri, 29 May 2020 12:13:56 -0700",
  "commit_message": "Update code cell bg, border, and output bg\n\n",
  "conflict_file_id": 169,
  "filename": "src/vs/workbench/contrib/notebook/browser/notebookEditorWidget.ts",
  "last_commit_on_a": "28a4232ddc22af7fdbe06687e3dc1b2685cf7e95",
  "last_commit_on_b": "876ae118fe2986ee3f823ebe218a1b520ce2f8bd",
  "author_info_a": {
    "name": "Miguel Solorio",
    "email": "miguel.solorio@microsoft.com"
  },
  "author_info_b": {
    "name": "Miguel Solorio",
    "email": "miguel.solorio@microsoft.com"
  },
  "num_conflict_regions": 3,
  "conflict_region_spans": [
    {
      "conflict_id": 1,
      "a": {
        "start": 28,
        "end": 29
      },
      "base": {
        "start": 28,
        "end": 29
      },
      "b": {
        "start": 28,
        "end": 29
      }
    },
    {
      "conflict_id": 2,
      "a": {
        "start": 51,
        "end": 52
      },
      "base": {
        "start": 51,
        "end": 51
      },
      "b": {
        "start": 51,
        "end": 52
      }
    },
    {
      "conflict_id": 3,
      "a": {
        "start": 1442,
        "end": 1452
      },
      "base": {
        "start": 1441,
        "end": 1441
      },
      "b": {
        "start": 1442,
        "end": 1462
      }
    }
  ]
}