{
  "repository_origin_url": "https://github.com/microsoft/vscode.git",
  "commit_id": "14373a5fc59361fa9bb57fe4f0f21e4f6fd54a73",
  "commit_date": "Mon, 29 Mar 2021 08:21:09 +0200",
  "commit_message": "debt - onDispose => onWillDispose\n\n",
  "conflict_file_id": 16,
  "filename": "src/vs/workbench/services/textmodelResolver/test/browser/textModelResolverService.test.ts",
  "last_commit_on_a": "82647af99ac1e194abdb69c4177a1a3bf07daec3",
  "last_commit_on_b": "df6d78a1695bdf9a1d4984231242ff1fd65247bb",
  "author_info_a": {
    "name": "Benjamin Pasero",
    "email": "benjamin.pasero@microsoft.com"
  },
  "author_info_b": {
    "name": "Benjamin Pasero",
    "email": "benjpas@microsoft.com"
  },
  "num_conflict_regions": 2,
  "conflict_region_spans": [
    {
      "conflict_id": 1,
      "a": {
        "start": 107,
        "end": 108
      },
      "base": {
        "start": 107,
        "end": 108
      },
      "b": {
        "start": 107,
        "end": 108
      }
    },
    {
      "conflict_id": 2,
      "a": {
        "start": 132,
        "end": 133
      },
      "base": {
        "start": 132,
        "end": 133
      },
      "b": {
        "start": 132,
        "end": 133
      }
    }
  ]
}