{
  "repository_origin_url": "https://github.com/microsoft/vscode.git",
  "commit_id": "426622cd281ec949e84453968f3a747d55423966",
  "commit_date": "Fri, 29 May 2020 09:15:03 -0700",
  "commit_message": ":lipstick: enum\n\n",
  "conflict_file_id": 170,
  "filename": "src/vs/workbench/contrib/notebook/browser/notebook.contribution.ts",
  "last_commit_on_a": "9025542d2699d243da4f15e1106bdca4305bef26",
  "last_commit_on_b": "fc9c3f109de64a55507dd263c335d09b38652681",
  "author_info_a": {
    "name": "rebornix",
    "email": "penn.lv@gmail.com"
  },
  "author_info_b": {
    "name": "Benjamin Pasero",
    "email": "benjpas@microsoft.com"
  },
  "num_conflict_regions": 1,
  "conflict_region_spans": [
    {
      "conflict_id": 1,
      "a": {
        "start": 58,
        "end": 63
      },
      "base": {
        "start": 58,
        "end": 62
      },
      "b": {
        "start": 58,
        "end": 58
      }
    }
  ]
}