{
  "repository_origin_url": "https://github.com/microsoft/vscode.git",
  "commit_id": "fb0ed655dc03d555ce74edb3c39ec9adb6342698",
  "commit_date": "Wed, 27 May 2020 11:20:55 -0700",
  "commit_message": "editor open in group context\n\n",
  "conflict_file_id": 171,
  "filename": "src/vs/workbench/contrib/notebook/browser/notebook.contribution.ts",
  "last_commit_on_a": "1e52b05cbae841a0dfc24f6abde8ac91ee2448dc",
  "last_commit_on_b": "fbb4aaa499fef9fbabb6f43bbf2db460ef63b2f3",
  "author_info_a": {
    "name": "rebornix",
    "email": "penn.lv@gmail.com"
  },
  "author_info_b": {
    "name": "Alex Dima",
    "email": "alexdima@microsoft.com"
  },
  "num_conflict_regions": 1,
  "conflict_region_spans": [
    {
      "conflict_id": 1,
      "a": {
        "start": 58,
        "end": 59
      },
      "base": {
        "start": 58,
        "end": 58
      },
      "b": {
        "start": 58,
        "end": 59
      }
    }
  ]
}