{
  "repository_origin_url": "https://github.com/microsoft/vscode.git",
  "commit_id": "d637255b1738a564c27ddfbc2ce6e8aa89ca6933",
  "commit_date": "Mon, 25 May 2020 09:38:05 +0200",
  "commit_message": "sandbox - further reduce electron dependencies\n\n",
  "conflict_file_id": 172,
  "filename": "src/vs/platform/issue/electron-main/issueMainService.ts",
  "last_commit_on_a": "9eb99077f9f60d058d35a2be6da4aa00574a388f",
  "last_commit_on_b": "876f2e70f9a2e1988887f8ca82294418afac15a2",
  "author_info_a": {
    "name": "Benjamin Pasero",
    "email": "benjpas@microsoft.com"
  },
  "author_info_b": {
    "name": "deepak1556",
    "email": "hop2deep@gmail.com"
  },
  "num_conflict_regions": 2,
  "conflict_region_spans": [
    {
      "conflict_id": 1,
      "a": {
        "start": 192,
        "end": 195
      },
      "base": {
        "start": 192,
        "end": 194
      },
      "b": {
        "start": 192,
        "end": 193
      }
    },
    {
      "conflict_id": 2,
      "a": {
        "start": 243,
        "end": 246
      },
      "base": {
        "start": 242,
        "end": 244
      },
      "b": {
        "start": 241,
        "end": 242
      }
    }
  ]
}