{
  "repository_origin_url": "https://github.com/microsoft/vscode.git",
  "commit_id": "972c55d9e4680ff1847f2b1bc3fb323515087392",
  "commit_date": "Wed, 13 May 2020 00:20:17 -0500",
  "commit_message": "Address feedback\n\n",
  "conflict_file_id": 174,
  "filename": "src/vs/workbench/contrib/debug/browser/debugConfigurationManager.ts",
  "last_commit_on_a": "c1bed7af3d39a077b5cc2cfb008834da5248cd17",
  "last_commit_on_b": "13df275761d906f37a53ceef7eb274630ffc418e",
  "author_info_a": {
    "name": "jeanp413",
    "email": "jeanp413@hotmail.com"
  },
  "author_info_b": {
    "name": "isidor",
    "email": "inikolic@microsoft.com"
  },
  "num_conflict_regions": 1,
  "conflict_region_spans": [
    {
      "conflict_id": 1,
      "a": {
        "start": 728,
        "end": 739
      },
      "base": {
        "start": 728,
        "end": 729
      },
      "b": {
        "start": 728,
        "end": 729
      }
    }
  ]
}