{
  "repository_origin_url": "https://github.com/microsoft/vscode.git",
  "commit_id": "9094be6ba8d41d502cc9888f6a89f9c2f78db405",
  "commit_date": "Thu, 7 May 2020 16:59:58 -0400",
  "commit_message": "Allows focus to be moved inside notebook output.\n\n",
  "conflict_file_id": 175,
  "filename": "src/vs/workbench/contrib/notebook/browser/notebookEditor.ts",
  "last_commit_on_a": "f005bafd38c8814a532959538d327aa5abb611a7",
  "last_commit_on_b": "c665ac5e3f360f8c9374c033be846117284d4123",
  "author_info_a": {
    "name": "Christopher Maynard",
    "email": "chmaynar@microsoft.com"
  },
  "author_info_b": {
    "name": "rebornix",
    "email": "penn.lv@gmail.com"
  },
  "num_conflict_regions": 1,
  "conflict_region_spans": [
    {
      "conflict_id": 1,
      "a": {
        "start": 50,
        "end": 50
      },
      "base": {
        "start": 50,
        "end": 53
      },
      "b": {
        "start": 50,
        "end": 54
      }
    }
  ]
}