{
  "repository_origin_url": "https://github.com/microsoft/vscode.git",
  "commit_id": "39d562346c1352e50504cffb7dafd118ee982130",
  "commit_date": "Thu, 30 Apr 2020 10:20:56 -0700",
  "commit_message": "Notebook cell text model has text buffer\n\n",
  "conflict_file_id": 176,
  "filename": "src/vs/workbench/contrib/notebook/browser/view/renderers/markdownCell.ts",
  "last_commit_on_a": "9b88f8eeacd39262baa0624a0f392287c689129b",
  "last_commit_on_b": "fe63069c2fe8816086d36a0c60b91b495a65d665",
  "author_info_a": {
    "name": "rebornix",
    "email": "penn.lv@gmail.com"
  },
  "author_info_b": {
    "name": "Peng Lyu",
    "email": "penlv@microsoft.com"
  },
  "num_conflict_regions": 1,
  "conflict_region_spans": [
    {
      "conflict_id": 1,
      "a": {
        "start": 244,
        "end": 247
      },
      "base": {
        "start": 244,
        "end": 245
      },
      "b": {
        "start": 244,
        "end": 245
      }
    }
  ]
}