{
  "repository_origin_url": "https://github.com/microsoft/vscode.git",
  "commit_id": "39d562346c1352e50504cffb7dafd118ee982130",
  "commit_date": "Fri, 1 May 2020 16:46:00 -0700",
  "commit_message": "content change event on piece tree and annoate TODOs\n\n",
  "conflict_file_id": 178,
  "filename": "src/vs/workbench/contrib/notebook/browser/viewModel/baseCellViewModel.ts",
  "last_commit_on_a": "d9b9744ce7ef30abc63ab456de10bc5035b3d291",
  "last_commit_on_b": "d5fa6230d1255b6cc9ec31fee5f868aa3fbdfbe3",
  "author_info_a": {
    "name": "rebornix",
    "email": "penn.lv@gmail.com"
  },
  "author_info_b": {
    "name": "rebornix",
    "email": "penn.lv@gmail.com"
  },
  "num_conflict_regions": 1,
  "conflict_region_spans": [
    {
      "conflict_id": 1,
      "a": {
        "start": 199,
        "end": 199
      },
      "base": {
        "start": 199,
        "end": 201
      },
      "b": {
        "start": 199,
        "end": 218
      }
    }
  ]
}