{
  "repository_origin_url": "https://github.com/microsoft/vscode.git",
  "commit_id": "39d562346c1352e50504cffb7dafd118ee982130",
  "commit_date": "Fri, 1 May 2020 15:36:41 -0700",
  "commit_message": "Slim NotebookEditorInput and model service for notebookEditorModel.\n\n",
  "conflict_file_id": 179,
  "filename": "src/vs/workbench/contrib/notebook/browser/notebookBrowser.ts",
  "last_commit_on_a": "715b135887247d52594d4465ff76cb10f9541bd7",
  "last_commit_on_b": "2d0f820d6cd8ac6c4823e5db90aca57f519156cf",
  "author_info_a": {
    "name": "rebornix",
    "email": "penn.lv@gmail.com"
  },
  "author_info_b": {
    "name": "rebornix",
    "email": "penn.lv@gmail.com"
  },
  "num_conflict_regions": 1,
  "conflict_region_spans": [
    {
      "conflict_id": 1,
      "a": {
        "start": 19,
        "end": 21
      },
      "base": {
        "start": 19,
        "end": 21
      },
      "b": {
        "start": 19,
        "end": 22
      }
    }
  ]
}