{
  "repository_origin_url": "https://github.com/microsoft/vscode.git",
  "commit_id": "14373a5fc59361fa9bb57fe4f0f21e4f6fd54a73",
  "commit_date": "Thu, 25 Mar 2021 12:33:13 +0100",
  "commit_message": "implement saveAs and better resolving/loading, move some files around, split some files up\n\n",
  "conflict_file_id": 17,
  "filename": "src/vs/workbench/contrib/notebook/browser/notebookEditorServiceImpl.ts",
  "last_commit_on_a": "3a8a44f64bf47fc6ac90ce98fd37a360eed55605",
  "last_commit_on_b": "7164efa38e554e45a17437c4171062ea79c56cc8",
  "author_info_a": {
    "name": "Johannes Rieken",
    "email": "johannes.rieken@gmail.com"
  },
  "author_info_b": {
    "name": "Logan Ramos",
    "email": "lramos15@gmail.com"
  },
  "num_conflict_regions": 1,
  "conflict_region_spans": [
    {
      "conflict_id": 1,
      "a": {
        "start": 11,
        "end": 13
      },
      "base": {
        "start": 11,
        "end": 13
      },
      "b": {
        "start": 11,
        "end": 12
      }
    }
  ]
}