{
  "repository_origin_url": "https://github.com/microsoft/vscode.git",
  "commit_id": "fe63069c2fe8816086d36a0c60b91b495a65d665",
  "commit_date": "Sat, 2 May 2020 14:10:03 -0700",
  "commit_message": "use line models (string[]) directly\n\n",
  "conflict_file_id": 180,
  "filename": "src/vs/workbench/contrib/notebook/browser/viewModel/baseCellViewModel.ts",
  "last_commit_on_a": "0d5c36bf496f6772d18dc1e6ef8d573557dd3d83",
  "last_commit_on_b": "23f4a1ef7250396f8fc1c6e0856998c3b048809c",
  "author_info_a": {
    "name": "kieferrm",
    "email": "kieferrm@gmail.com"
  },
  "author_info_b": {
    "name": "rebornix",
    "email": "penn.lv@gmail.com"
  },
  "num_conflict_regions": 1,
  "conflict_region_spans": [
    {
      "conflict_id": 1,
      "a": {
        "start": 203,
        "end": 221
      },
      "base": {
        "start": 203,
        "end": 204
      },
      "b": {
        "start": 203,
        "end": 206
      }
    }
  ]
}