{
  "repository_origin_url": "https://github.com/microsoft/vscode.git",
  "commit_id": "fe63069c2fe8816086d36a0c60b91b495a65d665",
  "commit_date": "Sat, 25 Apr 2020 16:08:53 -0700",
  "commit_message": "split and join\n\n",
  "conflict_file_id": 181,
  "filename": "src/vs/workbench/contrib/notebook/browser/contrib/coreActions.ts",
  "last_commit_on_a": "cd17443ae7f0ca105b9ec82ad805a57f0067af33",
  "last_commit_on_b": "5a12695985fe1c208d74115c8fc42384346b0470",
  "author_info_a": {
    "name": "kieferrm",
    "email": "kieferrm@gmail.com"
  },
  "author_info_b": {
    "name": "rebornix",
    "email": "penn.lv@gmail.com"
  },
  "num_conflict_regions": 1,
  "conflict_region_spans": [
    {
      "conflict_id": 1,
      "a": {
        "start": 1403,
        "end": 1496
      },
      "base": {
        "start": 1403,
        "end": 1404
      },
      "b": {
        "start": 1403,
        "end": 1403
      }
    }
  ]
}