{
  "repository_origin_url": "https://github.com/microsoft/vscode.git",
  "commit_id": "20873e2e7de9e6072ced9e09358c15e6741f1c4c",
  "commit_date": "Thu, 30 Apr 2020 10:20:56 -0700",
  "commit_message": "Notebook cell text model has text buffer\n\n",
  "conflict_file_id": 182,
  "filename": "src/vs/workbench/contrib/notebook/browser/viewModel/codeCellViewModel.ts",
  "last_commit_on_a": "9b88f8eeacd39262baa0624a0f392287c689129b",
  "last_commit_on_b": "0ccc731fb80cdaf312b9e59acab10dcf198dee55",
  "author_info_a": {
    "name": "rebornix",
    "email": "penn.lv@gmail.com"
  },
  "author_info_b": {
    "name": "Johannes Rieken",
    "email": "johannes.rieken@gmail.com"
  },
  "num_conflict_regions": 1,
  "conflict_region_spans": [
    {
      "conflict_id": 1,
      "a": {
        "start": 173,
        "end": 176
      },
      "base": {
        "start": 173,
        "end": 180
      },
      "b": {
        "start": 173,
        "end": 179
      }
    }
  ]
}