{
  "repository_origin_url": "https://github.com/microsoft/vscode.git",
  "commit_id": "37740d5aafd14ac92cff38e172a1a62f0d2fa2da",
  "commit_date": "Fri, 27 Jul 2018 00:42:13 +0300",
  "commit_message": "Correctly inherit/don't inherit the shell environment\n`VSCODE_CLI` was checked from the main process, which had it set\ndepending on if the *first* launch of VS Code was launched from cli or\nnot, instead of whether the *current* launch has it set.\n\nSo I changed the check to checking the userEnv passed to the new browser\nwindow.\n\nNote that the assignment of `lazyEnv` and `userEnv` into `process.env`\nwas racing before! Which is a bug in and of itself. After this fix, the\n`shellEnv`/`lazyEnv` overrides the passed in `userEnv`, but that can be\nchanged later if needed.\n\nWe are also always launching the shell now since `configuration.userEnv`\nis not available yet when `lazyEnv` is initialized. It will require a\nhack or some refactoring to fix, so I left that like this for now. Might\nwant to open an issue for future reference.\n\nFixes #55144\n\n",
  "conflict_file_id": 183,
  "filename": "src/vs/code/node/shellEnv.ts",
  "last_commit_on_a": "910a40f9da5b70e41f46115330a7eb12de5f7333",
  "last_commit_on_b": "9f1aa3c9feecd04a79d22fd6752ba14a83b48f1b",
  "author_info_a": {
    "name": "Segev Finer",
    "email": "segev208@gmail.com"
  },
  "author_info_b": {
    "name": "Benjamin Pasero",
    "email": "benjpas@microsoft.com"
  },
  "num_conflict_regions": 1,
  "conflict_region_spans": [
    {
      "conflict_id": 1,
      "a": {
        "start": 101,
        "end": 101
      },
      "base": {
        "start": 101,
        "end": 103
      },
      "b": {
        "start": 101,
        "end": 104
      }
    }
  ]
}