{
  "repository_origin_url": "https://github.com/microsoft/vscode.git",
  "commit_id": "f01eb3c2fcdbdc00e0afb082b2a54da3aa7c1c87",
  "commit_date": "Mon, 20 Apr 2020 21:29:46 +0200",
  "commit_message": "codicon for home action\n\n",
  "conflict_file_id": 184,
  "filename": "src/vs/workbench/browser/parts/activitybar/activitybarPart.ts",
  "last_commit_on_a": "5662f7bb95e0cca0dd5d582ef6fc8951647e424d",
  "last_commit_on_b": "66efeebc55f8e01dd929ae17e23e113eb657dbcd",
  "author_info_a": {
    "name": "Martin Aeschlimann",
    "email": "martinae@microsoft.com"
  },
  "author_info_b": {
    "name": "Sandeep Somavarapu",
    "email": "sasomava@microsoft.com"
  },
  "num_conflict_regions": 1,
  "conflict_region_spans": [
    {
      "conflict_id": 1,
      "a": {
        "start": 511,
        "end": 516
      },
      "base": {
        "start": 511,
        "end": 516
      },
      "b": {
        "start": 511,
        "end": 516
      }
    }
  ]
}