{
  "repository_origin_url": "https://github.com/microsoft/vscode.git",
  "commit_id": "f01eb3c2fcdbdc00e0afb082b2a54da3aa7c1c87",
  "commit_date": "Mon, 20 Apr 2020 22:28:45 +0200",
  "commit_message": "view: use Codicon\n\n",
  "conflict_file_id": 187,
  "filename": "src/vs/workbench/contrib/scm/browser/scm.contribution.ts",
  "last_commit_on_a": "0a92f93a11f00496b4475bc982de3509a802da0a",
  "last_commit_on_b": "f0ab6627c474628443cac0e827f19db9fbe1c718",
  "author_info_a": {
    "name": "Martin Aeschlimann",
    "email": "martinae@microsoft.com"
  },
  "author_info_b": {
    "name": "Sandeep Somavarapu",
    "email": "sasomava@microsoft.com"
  },
  "num_conflict_regions": 1,
  "conflict_region_spans": [
    {
      "conflict_id": 1,
      "a": {
        "start": 55,
        "end": 56
      },
      "base": {
        "start": 55,
        "end": 56
      },
      "b": {
        "start": 55,
        "end": 57
      }
    }
  ]
}