{
  "repository_origin_url": "https://github.com/microsoft/vscode.git",
  "commit_id": "f01eb3c2fcdbdc00e0afb082b2a54da3aa7c1c87",
  "commit_date": "Mon, 20 Apr 2020 22:28:28 +0200",
  "commit_message": "files/explorer: use codicons\n\n",
  "conflict_file_id": 188,
  "filename": "src/vs/workbench/contrib/files/browser/explorerViewlet.ts",
  "last_commit_on_a": "1b211553f17811eb93e410ee063f22b7072e62d1",
  "last_commit_on_b": "f0ab6627c474628443cac0e827f19db9fbe1c718",
  "author_info_a": {
    "name": "Martin Aeschlimann",
    "email": "martinae@microsoft.com"
  },
  "author_info_b": {
    "name": "Sandeep Somavarapu",
    "email": "sasomava@microsoft.com"
  },
  "num_conflict_regions": 1,
  "conflict_region_spans": [
    {
      "conflict_id": 1,
      "a": {
        "start": 264,
        "end": 265
      },
      "base": {
        "start": 264,
        "end": 265
      },
      "b": {
        "start": 264,
        "end": 266
      }
    }
  ]
}