{
  "repository_origin_url": "https://github.com/microsoft/vscode.git",
  "commit_id": "968de61532984f62a2f9a9b455feb5ab0b4eecd6",
  "commit_date": "Mon, 24 Feb 2020 22:56:37 -0500",
  "commit_message": "Localizes timeline strings\n\n",
  "conflict_file_id": 189,
  "filename": "extensions/git/src/repository.ts",
  "last_commit_on_a": "89cafb24e5d75a0c8d561a6cdd95e93b5679e152",
  "last_commit_on_b": "1acd0359f7ea6e8d97ed48e5387649a0089a4c31",
  "author_info_a": {
    "name": "Eric Amodio",
    "email": "eamodio@microsoft.com"
  },
  "author_info_b": {
    "name": "Phil Marshall",
    "email": "phillipsolomonmarshall@gmail.com"
  },
  "num_conflict_regions": 1,
  "conflict_region_spans": [
    {
      "conflict_id": 1,
      "a": {
        "start": 743,
        "end": 746
      },
      "base": {
        "start": 743,
        "end": 743
      },
      "b": {
        "start": 743,
        "end": 754
      }
    }
  ]
}