{
  "repository_origin_url": "https://github.com/microsoft/vscode.git",
  "commit_id": "14373a5fc59361fa9bb57fe4f0f21e4f6fd54a73",
  "commit_date": "Fri, 26 Mar 2021 20:53:58 +0100",
  "commit_message": "Workspace trust - multi-window improvements (#119483)\n* Multi-window improvements\n",
  "conflict_file_id": 18,
  "filename": "src/vs/workbench/services/workspaces/common/workspaceTrust.ts",
  "last_commit_on_a": "307f57385b9edf86caaa10290cf64b858033e34e",
  "last_commit_on_b": "5da392fdf03213d4e4a7ced75f686da0cca85780",
  "author_info_a": {
    "name": "Ladislau Szomoru",
    "email": "3372902+lszomoru@users.noreply.github.com"
  },
  "author_info_b": {
    "name": "SteVen Batten",
    "email": "6561887+sbatten@users.noreply.github.com"
  },
  "num_conflict_regions": 1,
  "conflict_region_spans": [
    {
      "conflict_id": 1,
      "a": {
        "start": 401,
        "end": 405
      },
      "base": {
        "start": 401,
        "end": 409
      },
      "b": {
        "start": 401,
        "end": 405
      }
    }
  ]
}