{
  "repository_origin_url": "https://github.com/microsoft/vscode.git",
  "commit_id": "7c50981d8c6f5b6af0cae24a152132a9c23ac3df",
  "commit_date": "Tue, 4 Feb 2020 08:58:21 -0800",
  "commit_message": "Merge branch 'master' into misolori/fold-icon-themeable\n\n",
  "conflict_file_id": 190,
  "filename": "src/vs/editor/contrib/folding/folding.ts",
  "last_commit_on_a": "8b058bb0bb1cfa7686935faab9a9d0855637ac04",
  "last_commit_on_b": "57f7d837ac32a01842607a00ca823dba86261efa",
  "author_info_a": {
    "name": "Miguel Solorio",
    "email": "miguel.solorio@microsoft.com"
  },
  "author_info_b": {
    "name": "Martin Aeschlimann",
    "email": "martinae@microsoft.com"
  },
  "num_conflict_regions": 1,
  "conflict_region_spans": [
    {
      "conflict_id": 1,
      "a": {
        "start": 900,
        "end": 902
      },
      "base": {
        "start": 900,
        "end": 901
      },
      "b": {
        "start": 900,
        "end": 901
      }
    }
  ]
}