{
  "repository_origin_url": "https://github.com/microsoft/vscode.git",
  "commit_id": "8d4cb4e436ef9d64656f6ee5ddb44f8c1497c900",
  "commit_date": "Thu, 16 Apr 2020 12:22:56 -0700",
  "commit_message": "Make sure right split is relaunched\n\n",
  "conflict_file_id": 191,
  "filename": "src/vs/workbench/contrib/terminal/browser/terminalProcessManager.ts",
  "last_commit_on_a": "683ede4b250defa72cfa2210b258575174c44233",
  "last_commit_on_b": "13fe219fbfad16799ffac6a2fc27fe63dde8f921",
  "author_info_a": {
    "name": "Daniel Imms",
    "email": "tyriar@tyriar.com"
  },
  "author_info_b": {
    "name": "Benjamin Pasero",
    "email": "benjpas@microsoft.com"
  },
  "num_conflict_regions": 1,
  "conflict_region_spans": [
    {
      "conflict_id": 1,
      "a": {
        "start": 26,
        "end": 29
      },
      "base": {
        "start": 26,
        "end": 28
      },
      "b": {
        "start": 26,
        "end": 28
      }
    }
  ]
}