{
  "repository_origin_url": "https://github.com/microsoft/vscode.git",
  "commit_id": "2dfc9f80f7d06307f87b6ffb3c2d53e1514a2bad",
  "commit_date": "Wed, 15 Apr 2020 18:17:17 -0700",
  "commit_message": "cell list apis honor hidden regions\n\n",
  "conflict_file_id": 192,
  "filename": "src/vs/workbench/contrib/notebook/test/notebookViewModel.test.ts",
  "last_commit_on_a": "6e7c820cc38588a0f7d1cbd1ebc466cebbf70fed",
  "last_commit_on_b": "7130a3340b3f76d1a37dad57557fe1d67181c279",
  "author_info_a": {
    "name": "rebornix",
    "email": "penn.lv@gmail.com"
  },
  "author_info_b": {
    "name": "Rob Lourens",
    "email": "roblourens@gmail.com"
  },
  "num_conflict_regions": 1,
  "conflict_region_spans": [
    {
      "conflict_id": 1,
      "a": {
        "start": 11,
        "end": 12
      },
      "base": {
        "start": 11,
        "end": 12
      },
      "b": {
        "start": 11,
        "end": 12
      }
    }
  ]
}