{
  "repository_origin_url": "https://github.com/microsoft/vscode.git",
  "commit_id": "ae0bd40fb879d200b277334e4728e7392a1f7075",
  "commit_date": "Thu, 16 Apr 2020 09:26:19 +0200",
  "commit_message": "check if provider is registered\n\n",
  "conflict_file_id": 193,
  "filename": "src/vs/workbench/services/authentication/browser/authenticationService.ts",
  "last_commit_on_a": "190e13f063c40d3f383399b3ddeeb4960f6b10c2",
  "last_commit_on_b": "197ac4ce6431ad8acdc46cb09639be5b445bce39",
  "author_info_a": {
    "name": "Sandeep Somavarapu",
    "email": "sasomava@microsoft.com"
  },
  "author_info_b": {
    "name": "Rachel Macfarlane",
    "email": "ramacfar@microsoft.com"
  },
  "num_conflict_regions": 1,
  "conflict_region_spans": [
    {
      "conflict_id": 1,
      "a": {
        "start": 61,
        "end": 65
      },
      "base": {
        "start": 61,
        "end": 61
      },
      "b": {
        "start": 61,
        "end": 83
      }
    }
  ]
}