{
  "repository_origin_url": "https://github.com/microsoft/vscode.git",
  "commit_id": "fae534775a6bd1c0d5f8a1842cb1622fe712c94c",
  "commit_date": "Fri, 13 Mar 2020 09:15:51 -0500",
  "commit_message": "Merge branch 'master' of https://github.com/Microsoft/vscode into linkProvider\n\n",
  "conflict_file_id": 194,
  "filename": "src/vs/workbench/contrib/terminal/browser/terminal.contribution.ts",
  "last_commit_on_a": "dedad58816e78d82de5ab87fd898578bcd70bd69",
  "last_commit_on_b": "d1615c969b4b9996c42b02073d03dee6de222c76",
  "author_info_a": {
    "name": "Jon Bockhorst",
    "email": "jmbockhorst@gmail.com"
  },
  "author_info_b": {
    "name": "Daniel Imms",
    "email": "tyriar@tyriar.com"
  },
  "num_conflict_regions": 1,
  "conflict_region_spans": [
    {
      "conflict_id": 1,
      "a": {
        "start": 59,
        "end": 358
      },
      "base": {
        "start": 59,
        "end": 353
      },
      "b": {
        "start": 59,
        "end": 65
      }
    }
  ]
}