{
  "repository_origin_url": "https://github.com/microsoft/vscode.git",
  "commit_id": "fae534775a6bd1c0d5f8a1842cb1622fe712c94c",
  "commit_date": "Fri, 13 Mar 2020 14:35:02 -0500",
  "commit_message": "Add delay to link provider hovers for widgets\n\n",
  "conflict_file_id": 195,
  "filename": "src/vs/workbench/contrib/terminal/browser/terminalWidgetManager.ts",
  "last_commit_on_a": "870a07dafd3c954f05c4f3248be5ecffed2a71f8",
  "last_commit_on_b": "9bf3f954a8b4e858e07dd5a73709453aa2277d3a",
  "author_info_a": {
    "name": "Jon Bockhorst",
    "email": "jmbockhorst@gmail.com"
  },
  "author_info_b": {
    "name": "Jon Bockhorst",
    "email": "jmbockhorst@gmail.com"
  },
  "num_conflict_regions": 1,
  "conflict_region_spans": [
    {
      "conflict_id": 1,
      "a": {
        "start": 53,
        "end": 55
      },
      "base": {
        "start": 53,
        "end": 55
      },
      "b": {
        "start": 53,
        "end": 55
      }
    }
  ]
}