{
  "repository_origin_url": "https://github.com/microsoft/vscode.git",
  "commit_id": "fae534775a6bd1c0d5f8a1842cb1622fe712c94c",
  "commit_date": "Fri, 13 Mar 2020 14:35:02 -0500",
  "commit_message": "Add delay to link provider hovers for widgets\n\n",
  "conflict_file_id": 196,
  "filename": "src/vs/workbench/contrib/terminal/browser/terminalLinkHandler.ts",
  "last_commit_on_a": "870a07dafd3c954f05c4f3248be5ecffed2a71f8",
  "last_commit_on_b": "67a4829fa1bb52487c880a0f1384540aebefd364",
  "author_info_a": {
    "name": "Jon Bockhorst",
    "email": "jmbockhorst@gmail.com"
  },
  "author_info_b": {
    "name": "Daniel Imms",
    "email": "daimms@microsoft.com"
  },
  "num_conflict_regions": 4,
  "conflict_region_spans": [
    {
      "conflict_id": 1,
      "a": {
        "start": 99,
        "end": 101
      },
      "base": {
        "start": 99,
        "end": 100
      },
      "b": {
        "start": 99,
        "end": 100
      }
    },
    {
      "conflict_id": 2,
      "a": {
        "start": 139,
        "end": 146
      },
      "base": {
        "start": 138,
        "end": 139
      },
      "b": {
        "start": 138,
        "end": 139
      }
    },
    {
      "conflict_id": 3,
      "a": {
        "start": 259,
        "end": 260
      },
      "base": {
        "start": 252,
        "end": 253
      },
      "b": {
        "start": 252,
        "end": 256
      }
    },
    {
      "conflict_id": 4,
      "a": {
        "start": 273,
        "end": 274
      },
      "base": {
        "start": 266,
        "end": 267
      },
      "b": {
        "start": 269,
        "end": 273
      }
    }
  ]
}