{
  "repository_origin_url": "https://github.com/microsoft/vscode.git",
  "commit_id": "73c19a7b3480b8154bbf608fa00c5679ddb78b2b",
  "commit_date": "Fri, 13 Mar 2020 14:37:56 -0500",
  "commit_message": "Merge branch 'master' of https://github.com/Microsoft/vscode into terminalLinkHandlers\n\n",
  "conflict_file_id": 197,
  "filename": "src/vs/workbench/contrib/terminal/browser/terminalInstance.ts",
  "last_commit_on_a": "ca92cc82f4ba3f4418b2d72250dc3ed7b9bb5192",
  "last_commit_on_b": "cd09afee2b65c4d5ea1f842e4b3e0510c7e5568f",
  "author_info_a": {
    "name": "Jon Bockhorst",
    "email": "jmbockhorst@gmail.com"
  },
  "author_info_b": {
    "name": "Daniel Imms",
    "email": "tyriar@tyriar.com"
  },
  "num_conflict_regions": 2,
  "conflict_region_spans": [
    {
      "conflict_id": 1,
      "a": {
        "start": 42,
        "end": 43
      },
      "base": {
        "start": 42,
        "end": 44
      },
      "b": {
        "start": 42,
        "end": 44
      }
    },
    {
      "conflict_id": 2,
      "a": {
        "start": 175,
        "end": 176
      },
      "base": {
        "start": 176,
        "end": 178
      },
      "b": {
        "start": 176,
        "end": 179
      }
    }
  ]
}