{
  "repository_origin_url": "https://github.com/microsoft/vscode.git",
  "commit_id": "b7e0abbdccf3d43c9ac382bce1ccfcb16d5ec6a4",
  "commit_date": "Fri, 14 Feb 2020 07:24:44 -0800",
  "commit_message": "Remove terminal smoke test\nFixes #90539\n\n",
  "conflict_file_id": 198,
  "filename": "test/smoke/src/main.ts",
  "last_commit_on_a": "06f2731c7f977893d9692d392c3e7de1f20e993b",
  "last_commit_on_b": "bf6c93062b2a1f05fc81bb909ba0d47e8a069949",
  "author_info_a": {
    "name": "Daniel Imms",
    "email": "daimms@microsoft.com"
  },
  "author_info_b": {
    "name": "Martin Aeschlimann",
    "email": "martinae@microsoft.com"
  },
  "num_conflict_regions": 1,
  "conflict_region_spans": [
    {
      "conflict_id": 1,
      "a": {
        "start": 300,
        "end": 319
      },
      "base": {
        "start": 300,
        "end": 320
      },
      "b": {
        "start": 300,
        "end": 312
      }
    }
  ]
}