{
  "repository_origin_url": "https://github.com/microsoft/vscode.git",
  "commit_id": "770191303128f51ab1e5e77ecde429e02940475b",
  "commit_date": "Tue, 18 Feb 2020 23:03:03 +0000",
  "commit_message": "Support `scmResourceState` in `when` clauses\nfixes #86180\n\n* Adds `contextValue?: string` to the SourceControlResourceState\n* Allows when clause in scm/resourceState/context menus to use scmResourceState\n\n",
  "conflict_file_id": 199,
  "filename": "src/vs/workbench/contrib/scm/common/scm.ts",
  "last_commit_on_a": "11f523c6d792273b5d00a474a9d3aaed5b18bc6c",
  "last_commit_on_b": "8ceb90a807cf96d34bfbe8b048f30e5a7bc50fd2",
  "author_info_a": {
    "name": "mjcrouch",
    "email": "zogger-git@blamethepixel.com"
  },
  "author_info_b": {
    "name": "Jo\u00e3o Moreno",
    "email": "joao.moreno@microsoft.com"
  },
  "num_conflict_regions": 1,
  "conflict_region_spans": [
    {
      "conflict_id": 1,
      "a": {
        "start": 33,
        "end": 35
      },
      "base": {
        "start": 33,
        "end": 34
      },
      "b": {
        "start": 33,
        "end": 34
      }
    }
  ]
}