{
  "repository_origin_url": "https://github.com/microsoft/vscode.git",
  "commit_id": "14373a5fc59361fa9bb57fe4f0f21e4f6fd54a73",
  "commit_date": "Thu, 25 Mar 2021 12:33:13 +0100",
  "commit_message": "implement saveAs and better resolving/loading, move some files around, split some files up\n\n",
  "conflict_file_id": 19,
  "filename": "src/vs/workbench/contrib/notebook/common/notebookEditorModelResolverService.ts",
  "last_commit_on_a": "3a8a44f64bf47fc6ac90ce98fd37a360eed55605",
  "last_commit_on_b": "7c8da70fd02c738b828e2b369fb9789bb1659bcc",
  "author_info_a": {
    "name": "Johannes Rieken",
    "email": "johannes.rieken@gmail.com"
  },
  "author_info_b": {
    "name": "Logan Ramos",
    "email": "lramos15@gmail.com"
  },
  "num_conflict_regions": 1,
  "conflict_region_spans": [
    {
      "conflict_id": 1,
      "a": {
        "start": 21,
        "end": 21
      },
      "base": {
        "start": 21,
        "end": 149
      },
      "b": {
        "start": 21,
        "end": 149
      }
    }
  ]
}