{
  "repository_origin_url": "https://github.com/microsoft/vscode.git",
  "commit_id": "5c7879c29fc19f32b4319fee0a9e3de128ccd5a7",
  "commit_date": "Fri, 9 Apr 2021 10:53:12 -0700",
  "commit_message": "make private readonly vars\n\n",
  "conflict_file_id": 1,
  "filename": "src/vs/workbench/contrib/terminal/browser/terminalTabbedView.ts",
  "last_commit_on_a": "261862e2be8db6ab9691110bd4d94007acad28a0",
  "last_commit_on_b": "957d8d2e74a1a242cf747b634655a5fd861393ef",
  "author_info_a": {
    "name": "meganrogge",
    "email": "megrogge@gmail.com"
  },
  "author_info_b": {
    "name": "Daniel Imms",
    "email": "2193314+Tyriar@users.noreply.github.com"
  },
  "num_conflict_regions": 2,
  "conflict_region_spans": [
    {
      "conflict_id": 1,
      "a": {
        "start": 135,
        "end": 136
      },
      "base": {
        "start": 135,
        "end": 136
      },
      "b": {
        "start": 135,
        "end": 139
      }
    },
    {
      "conflict_id": 2,
      "a": {
        "start": 174,
        "end": 175
      },
      "base": {
        "start": 174,
        "end": 175
      },
      "b": {
        "start": 177,
        "end": 179
      }
    }
  ]
}