{
  "repository_origin_url": "https://github.com/microsoft/vscode.git",
  "commit_id": "240ba23a671040e741c488fe4888babf47eed985",
  "commit_date": "Mon, 24 Feb 2020 02:38:09 -0500",
  "commit_message": "Fixes #90714\n\n",
  "conflict_file_id": 200,
  "filename": "src/vs/workbench/contrib/debug/browser/repl.ts",
  "last_commit_on_a": "df312b1189739ec7a9f4cc77521f4dfcca1926cb",
  "last_commit_on_b": "29a008a340915831574d0d5b2c1d02efefb8349a",
  "author_info_a": {
    "name": "jeanp413",
    "email": "jeanp413@hotmail.com"
  },
  "author_info_b": {
    "name": "isidor",
    "email": "inikolic@microsoft.com"
  },
  "num_conflict_regions": 1,
  "conflict_region_spans": [
    {
      "conflict_id": 1,
      "a": {
        "start": 79,
        "end": 79
      },
      "base": {
        "start": 79,
        "end": 80
      },
      "b": {
        "start": 79,
        "end": 81
      }
    }
  ]
}