{
  "repository_origin_url": "https://github.com/microsoft/vscode.git",
  "commit_id": "02e728eb11c6376ebb11eeedf06798e320851085",
  "commit_date": "Wed, 25 Mar 2020 23:13:44 +0100",
  "commit_message": "Fetch and set semantic tokens in the viewport\n\n",
  "conflict_file_id": 201,
  "filename": "src/vs/editor/common/services/modelServiceImpl.ts",
  "last_commit_on_a": "2da34cd2dd039948fd024890ae54b9cd62087792",
  "last_commit_on_b": "55646f7cbae782fd6937ae132d3c7f079f0e63bc",
  "author_info_a": {
    "name": "Alex Dima",
    "email": "alexdima@microsoft.com"
  },
  "author_info_b": {
    "name": "Martin Aeschlimann",
    "email": "martinae@microsoft.com"
  },
  "num_conflict_regions": 3,
  "conflict_region_spans": [
    {
      "conflict_id": 1,
      "a": {
        "start": 663,
        "end": 663
      },
      "base": {
        "start": 663,
        "end": 837
      },
      "b": {
        "start": 663,
        "end": 840
      }
    },
    {
      "conflict_id": 2,
      "a": {
        "start": 873,
        "end": 874
      },
      "base": {
        "start": 1047,
        "end": 1061
      },
      "b": {
        "start": 1050,
        "end": 1066
      }
    },
    {
      "conflict_id": 3,
      "a": {
        "start": 875,
        "end": 876
      },
      "base": {
        "start": 1062,
        "end": 1119
      },
      "b": {
        "start": 1067,
        "end": 1124
      }
    }
  ]
}