{
  "repository_origin_url": "https://github.com/microsoft/vscode.git",
  "commit_id": "29db725f5e859e452fc18cbd18b5d94fb3c844e9",
  "commit_date": "Wed, 25 Mar 2020 19:50:49 -0700",
  "commit_message": "Cell.source\n\n",
  "conflict_file_id": 202,
  "filename": "src/vs/workbench/api/common/extHostNotebook.ts",
  "last_commit_on_a": "71fd93bf006b0d4f4c5a777a4138e3612d9af5a2",
  "last_commit_on_b": "159c7620f922e298a8128ee373b58929ce334c5f",
  "author_info_a": {
    "name": "rebornix",
    "email": "penn.lv@gmail.com"
  },
  "author_info_b": {
    "name": "Rob Lourens",
    "email": "roblourens@gmail.com"
  },
  "num_conflict_regions": 4,
  "conflict_region_spans": [
    {
      "conflict_id": 1,
      "a": {
        "start": 6,
        "end": 12
      },
      "base": {
        "start": 6,
        "end": 12
      },
      "b": {
        "start": 6,
        "end": 6
      }
    },
    {
      "conflict_id": 2,
      "a": {
        "start": 14,
        "end": 16
      },
      "base": {
        "start": 14,
        "end": 16
      },
      "b": {
        "start": 8,
        "end": 9
      }
    },
    {
      "conflict_id": 3,
      "a": {
        "start": 53,
        "end": 56
      },
      "base": {
        "start": 53,
        "end": 56
      },
      "b": {
        "start": 46,
        "end": 48
      }
    },
    {
      "conflict_id": 4,
      "a": {
        "start": 86,
        "end": 87
      },
      "base": {
        "start": 86,
        "end": 87
      },
      "b": {
        "start": 78,
        "end": 81
      }
    }
  ]
}