{
  "repository_origin_url": "https://github.com/microsoft/vscode.git",
  "commit_id": "29db725f5e859e452fc18cbd18b5d94fb3c844e9",
  "commit_date": "Wed, 25 Mar 2020 19:50:49 -0700",
  "commit_message": "Cell.source\n\n",
  "conflict_file_id": 203,
  "filename": "src/vs/vscode.proposed.d.ts",
  "last_commit_on_a": "71fd93bf006b0d4f4c5a777a4138e3612d9af5a2",
  "last_commit_on_b": "37fc92cc89069f08570e33e4a6f6f6fd5a75f2d5",
  "author_info_a": {
    "name": "rebornix",
    "email": "penn.lv@gmail.com"
  },
  "author_info_b": {
    "name": "Rachel Macfarlane",
    "email": "ramacfar@microsoft.com"
  },
  "num_conflict_regions": 1,
  "conflict_region_spans": [
    {
      "conflict_id": 1,
      "a": {
        "start": 1683,
        "end": 1684
      },
      "base": {
        "start": 1683,
        "end": 1684
      },
      "b": {
        "start": 1683,
        "end": 1686
      }
    }
  ]
}