{
  "repository_origin_url": "https://github.com/microsoft/vscode.git",
  "commit_id": "145c3833f4809e7fd643d46fbf3b47a4016776d8",
  "commit_date": "Tue, 24 Mar 2020 13:10:59 +0100",
  "commit_message": "fix merging\n\n",
  "conflict_file_id": 205,
  "filename": "src/vs/platform/userDataSync/common/globalStateSync.ts",
  "last_commit_on_a": "7f3f074d74067816a554ee13ad57138dfe38c238",
  "last_commit_on_b": "b089ff140a16195f4ff76be80e04ae892a671555",
  "author_info_a": {
    "name": "Sandeep Somavarapu",
    "email": "sasomava@microsoft.com"
  },
  "author_info_b": {
    "name": "Sandeep Somavarapu",
    "email": "sasomava@microsoft.com"
  },
  "num_conflict_regions": 2,
  "conflict_region_spans": [
    {
      "conflict_id": 1,
      "a": {
        "start": 6,
        "end": 7
      },
      "base": {
        "start": 6,
        "end": 7
      },
      "b": {
        "start": 6,
        "end": 7
      }
    },
    {
      "conflict_id": 2,
      "a": {
        "start": 20,
        "end": 22
      },
      "base": {
        "start": 20,
        "end": 20
      },
      "b": {
        "start": 20,
        "end": 22
      }
    }
  ]
}