{
  "repository_origin_url": "https://github.com/microsoft/vscode.git",
  "commit_id": "145c3833f4809e7fd643d46fbf3b47a4016776d8",
  "commit_date": "Fri, 20 Mar 2020 11:03:07 +0100",
  "commit_message": "- Introduce storage key sync registry service - Register pinned viewlets state key\n\n",
  "conflict_file_id": 206,
  "filename": "src/vs/code/electron-browser/sharedProcess/sharedProcessMain.ts",
  "last_commit_on_a": "84142c615d7f72b4863b50f64f198e5ec1c04b0a",
  "last_commit_on_b": "b089ff140a16195f4ff76be80e04ae892a671555",
  "author_info_a": {
    "name": "Sandeep Somavarapu",
    "email": "sasomava@microsoft.com"
  },
  "author_info_b": {
    "name": "Sandeep Somavarapu",
    "email": "sasomava@microsoft.com"
  },
  "num_conflict_regions": 1,
  "conflict_region_spans": [
    {
      "conflict_id": 1,
      "a": {
        "start": 55,
        "end": 56
      },
      "base": {
        "start": 55,
        "end": 56
      },
      "b": {
        "start": 55,
        "end": 56
      }
    }
  ]
}