{
  "repository_origin_url": "https://github.com/microsoft/vscode.git",
  "commit_id": "86ab76408d287773b7d68e0d8f6fdfeb2aa8d894",
  "commit_date": "Tue, 10 Mar 2020 18:39:36 -0400",
  "commit_message": "Added proper test case for empty strings, input false, output true\n\n",
  "conflict_file_id": 207,
  "filename": "src/vs/editor/contrib/comment/test/lineCommentCommand.test.ts",
  "last_commit_on_a": "9bd5d3b23c32b4d88415c3cb65c4693729030135",
  "last_commit_on_b": "551f91887707f3ca833419eae4ca1285294afc74",
  "author_info_a": {
    "name": "Dharmik Shah",
    "email": "dharm1k987@gmail.com"
  },
  "author_info_b": {
    "name": "Alvin Tang",
    "email": "alvin.tang@mail.utoronto.ca"
  },
  "num_conflict_regions": 1,
  "conflict_region_spans": [
    {
      "conflict_id": 1,
      "a": {
        "start": 668,
        "end": 683
      },
      "base": {
        "start": 668,
        "end": 668
      },
      "b": {
        "start": 668,
        "end": 759
      }
    }
  ]
}