{
  "repository_origin_url": "https://github.com/microsoft/vscode.git",
  "commit_id": "edaee26d18c858bb3ef317d63c278aa45c0b1a55",
  "commit_date": "Wed, 18 Mar 2020 21:47:59 -0700",
  "commit_message": "Add progress bar\n\n",
  "conflict_file_id": 208,
  "filename": "src/vs/workbench/contrib/notebook/browser/view/renderers/cellRenderer.ts",
  "last_commit_on_a": "95ba0b1e68e17cd2855176e1cb2192551514ee41",
  "last_commit_on_b": "7e56fc02c0515d2268b8638f4a56a6db6081a951",
  "author_info_a": {
    "name": "Rob Lourens",
    "email": "roblourens@gmail.com"
  },
  "author_info_b": {
    "name": "rebornix",
    "email": "penn.lv@gmail.com"
  },
  "num_conflict_regions": 4,
  "conflict_region_spans": [
    {
      "conflict_id": 1,
      "a": {
        "start": 32,
        "end": 35
      },
      "base": {
        "start": 32,
        "end": 37
      },
      "b": {
        "start": 32,
        "end": 39
      }
    },
    {
      "conflict_id": 2,
      "a": {
        "start": 115,
        "end": 115
      },
      "base": {
        "start": 117,
        "end": 145
      },
      "b": {
        "start": 119,
        "end": 152
      }
    },
    {
      "conflict_id": 3,
      "a": {
        "start": 322,
        "end": 323
      },
      "base": {
        "start": 352,
        "end": 353
      },
      "b": {
        "start": 359,
        "end": 376
      }
    },
    {
      "conflict_id": 4,
      "a": {
        "start": 324,
        "end": 326
      },
      "base": {
        "start": 354,
        "end": 355
      },
      "b": {
        "start": 377,
        "end": 379
      }
    }
  ]
}