{
  "repository_origin_url": "https://github.com/microsoft/vscode.git",
  "commit_id": "edaee26d18c858bb3ef317d63c278aa45c0b1a55",
  "commit_date": "Wed, 18 Mar 2020 21:47:59 -0700",
  "commit_message": "Add progress bar\n\n",
  "conflict_file_id": 209,
  "filename": "src/vs/workbench/contrib/notebook/browser/notebookService.ts",
  "last_commit_on_a": "95ba0b1e68e17cd2855176e1cb2192551514ee41",
  "last_commit_on_b": "56660bef3621efaa54ebbe47506dd29454b5e715",
  "author_info_a": {
    "name": "Rob Lourens",
    "email": "roblourens@gmail.com"
  },
  "author_info_b": {
    "name": "rebornix",
    "email": "penn.lv@gmail.com"
  },
  "num_conflict_regions": 1,
  "conflict_region_spans": [
    {
      "conflict_id": 1,
      "a": {
        "start": 32,
        "end": 33
      },
      "base": {
        "start": 32,
        "end": 33
      },
      "b": {
        "start": 32,
        "end": 34
      }
    }
  ]
}