{
  "repository_origin_url": "https://github.com/microsoft/vscode.git",
  "commit_id": "23af949473c1fed029db6d12d542b1d4af788955",
  "commit_date": "Sat, 27 Feb 2021 08:40:05 +0000",
  "commit_message": "Merge branch 'main' into ben/enable-vscode-file\n\n",
  "conflict_file_id": 20,
  "filename": "src/vs/code/electron-main/protocol.ts",
  "last_commit_on_a": "4fc2f863f77adbb01292d79af34097ef7d68cbac",
  "last_commit_on_b": "a34297a60858cf43f4bc92aae48b72e3ea37754a",
  "author_info_a": {
    "name": "Benjamin Pasero",
    "email": "benjpas@microsoft.com"
  },
  "author_info_b": {
    "name": "Benjamin Pasero",
    "email": "benjamin.pasero@microsoft.com"
  },
  "num_conflict_regions": 1,
  "conflict_region_spans": [
    {
      "conflict_id": 1,
      "a": {
        "start": 87,
        "end": 88
      },
      "base": {
        "start": 87,
        "end": 107
      },
      "b": {
        "start": 87,
        "end": 116
      }
    }
  ]
}