{
  "repository_origin_url": "https://github.com/microsoft/vscode.git",
  "commit_id": "edaee26d18c858bb3ef317d63c278aa45c0b1a55",
  "commit_date": "Wed, 18 Mar 2020 18:04:06 -0700",
  "commit_message": "Add Run button to notebook cells\n\n",
  "conflict_file_id": 210,
  "filename": "src/vs/workbench/contrib/notebook/browser/constants.ts",
  "last_commit_on_a": "d404a5f0a499938bccb5a48692a77aa85a0db1aa",
  "last_commit_on_b": "7e56fc02c0515d2268b8638f4a56a6db6081a951",
  "author_info_a": {
    "name": "Rob Lourens",
    "email": "roblourens@gmail.com"
  },
  "author_info_b": {
    "name": "rebornix",
    "email": "penn.lv@gmail.com"
  },
  "num_conflict_regions": 1,
  "conflict_region_spans": [
    {
      "conflict_id": 1,
      "a": {
        "start": 27,
        "end": 28
      },
      "base": {
        "start": 27,
        "end": 27
      },
      "b": {
        "start": 27,
        "end": 30
      }
    }
  ]
}