{
  "repository_origin_url": "https://github.com/microsoft/vscode.git",
  "commit_id": "38233bcb9faa28569ae67698d325bd9fea4776c1",
  "commit_date": "Thu, 12 Mar 2020 18:53:39 +0100",
  "commit_message": "Maintain undo stack across text model disposal / creation\n\n",
  "conflict_file_id": 211,
  "filename": "src/vs/editor/common/services/modelServiceImpl.ts",
  "last_commit_on_a": "8ad94ef2ac4d5f2921f6ed081b3c492f30a48413",
  "last_commit_on_b": "493499aeb597f4d1b6db5ffd4fc71d4a3a943550",
  "author_info_a": {
    "name": "Alex Dima",
    "email": "alexdima@microsoft.com"
  },
  "author_info_b": {
    "name": "Martin Aeschlimann",
    "email": "martinae@microsoft.com"
  },
  "num_conflict_regions": 1,
  "conflict_region_spans": [
    {
      "conflict_id": 1,
      "a": {
        "start": 595,
        "end": 607
      },
      "base": {
        "start": 595,
        "end": 607
      },
      "b": {
        "start": 595,
        "end": 596
      }
    }
  ]
}