{
  "repository_origin_url": "https://github.com/microsoft/vscode.git",
  "commit_id": "cdfd6eca84525ca43ff1fb41f647ca2bd00959e0",
  "commit_date": "Tue, 10 Mar 2020 18:06:45 +0100",
  "commit_message": "create cell uri on the extension host, expose as `NotebookCell#uri`\n\n",
  "conflict_file_id": 212,
  "filename": "src/vs/workbench/api/common/extHost.protocol.ts",
  "last_commit_on_a": "c1ec410c8bf342e7d578237c6be543b605501010",
  "last_commit_on_b": "041a5907b1d3437344fda16da784aba7828af520",
  "author_info_a": {
    "name": "Johannes Rieken",
    "email": "johannes.rieken@gmail.com"
  },
  "author_info_b": {
    "name": "Matt Bierner",
    "email": "matb@microsoft.com"
  },
  "num_conflict_regions": 1,
  "conflict_region_spans": [
    {
      "conflict_id": 1,
      "a": {
        "start": 580,
        "end": 590
      },
      "base": {
        "start": 580,
        "end": 580
      },
      "b": {
        "start": 580,
        "end": 584
      }
    }
  ]
}