{
  "repository_origin_url": "https://github.com/microsoft/vscode.git",
  "commit_id": "57980202e398ebc1e2f752a0ccdc892e8393fb86",
  "commit_date": "Thu, 12 Mar 2020 20:09:37 -0700",
  "commit_message": "Fix merge mistake\n\n",
  "conflict_file_id": 213,
  "filename": "src/vs/workbench/contrib/notebook/browser/notebookEditor.ts",
  "last_commit_on_a": "ecb6fc35bea5bc64ad3bea2dfd8d485255dd1458",
  "last_commit_on_b": "6cc118c0119a5ebdddf92fdf3908919fb45faab7",
  "author_info_a": {
    "name": "Rob Lourens",
    "email": "roblourens@gmail.com"
  },
  "author_info_b": {
    "name": "rebornix",
    "email": "penn.lv@gmail.com"
  },
  "num_conflict_regions": 2,
  "conflict_region_spans": [
    {
      "conflict_id": 1,
      "a": {
        "start": 24,
        "end": 25
      },
      "base": {
        "start": 24,
        "end": 25
      },
      "b": {
        "start": 24,
        "end": 25
      }
    },
    {
      "conflict_id": 2,
      "a": {
        "start": 573,
        "end": 599
      },
      "base": {
        "start": 573,
        "end": 574
      },
      "b": {
        "start": 573,
        "end": 574
      }
    }
  ]
}