{
  "repository_origin_url": "https://github.com/microsoft/vscode.git",
  "commit_id": "57980202e398ebc1e2f752a0ccdc892e8393fb86",
  "commit_date": "Thu, 12 Mar 2020 17:09:39 -0700",
  "commit_message": "Add alt actions to some toolbar items\n\n",
  "conflict_file_id": 214,
  "filename": "src/vs/workbench/contrib/notebook/browser/view/renderers/cellRenderer.ts",
  "last_commit_on_a": "ce863ce999c96951db019484d828dc1dd52bb60b",
  "last_commit_on_b": "befaab502e07f8c196cfadc79738a9824dfc77d6",
  "author_info_a": {
    "name": "Rob Lourens",
    "email": "roblourens@gmail.com"
  },
  "author_info_b": {
    "name": "rebornix",
    "email": "penn.lv@gmail.com"
  },
  "num_conflict_regions": 3,
  "conflict_region_spans": [
    {
      "conflict_id": 1,
      "a": {
        "start": 21,
        "end": 23
      },
      "base": {
        "start": 21,
        "end": 22
      },
      "b": {
        "start": 21,
        "end": 22
      }
    },
    {
      "conflict_id": 2,
      "a": {
        "start": 25,
        "end": 31
      },
      "base": {
        "start": 24,
        "end": 27
      },
      "b": {
        "start": 24,
        "end": 27
      }
    },
    {
      "conflict_id": 3,
      "a": {
        "start": 95,
        "end": 101
      },
      "base": {
        "start": 91,
        "end": 157
      },
      "b": {
        "start": 91,
        "end": 157
      }
    }
  ]
}