{
  "repository_origin_url": "https://github.com/microsoft/vscode.git",
  "commit_id": "57980202e398ebc1e2f752a0ccdc892e8393fb86",
  "commit_date": "Thu, 12 Mar 2020 17:09:39 -0700",
  "commit_message": "Add alt actions to some toolbar items\n\n",
  "conflict_file_id": 215,
  "filename": "src/vs/workbench/contrib/notebook/browser/contrib/notebookActions.ts",
  "last_commit_on_a": "ce863ce999c96951db019484d828dc1dd52bb60b",
  "last_commit_on_b": "508dead051b5b499684797993980320c7c710b5a",
  "author_info_a": {
    "name": "Rob Lourens",
    "email": "roblourens@gmail.com"
  },
  "author_info_b": {
    "name": "rebornix",
    "email": "penn.lv@gmail.com"
  },
  "num_conflict_regions": 3,
  "conflict_region_spans": [
    {
      "conflict_id": 1,
      "a": {
        "start": 7,
        "end": 13
      },
      "base": {
        "start": 7,
        "end": 10
      },
      "b": {
        "start": 7,
        "end": 10
      }
    },
    {
      "conflict_id": 2,
      "a": {
        "start": 17,
        "end": 20
      },
      "base": {
        "start": 14,
        "end": 20
      },
      "b": {
        "start": 14,
        "end": 19
      }
    },
    {
      "conflict_id": 3,
      "a": {
        "start": 343,
        "end": 778
      },
      "base": {
        "start": 343,
        "end": 343
      },
      "b": {
        "start": 342,
        "end": 483
      }
    }
  ]
}