{
  "repository_origin_url": "https://github.com/microsoft/vscode.git",
  "commit_id": "57980202e398ebc1e2f752a0ccdc892e8393fb86",
  "commit_date": "Thu, 12 Mar 2020 11:19:23 -0700",
  "commit_message": "Add a toolbar with some basic actions\n\n",
  "conflict_file_id": 216,
  "filename": "src/vs/workbench/contrib/notebook/browser/notebookBrowser.ts",
  "last_commit_on_a": "a6af5692a9ab26d13cb8aa2a37a0d42c5be2373f",
  "last_commit_on_b": "befaab502e07f8c196cfadc79738a9824dfc77d6",
  "author_info_a": {
    "name": "Rob Lourens",
    "email": "roblourens@gmail.com"
  },
  "author_info_b": {
    "name": "rebornix",
    "email": "penn.lv@gmail.com"
  },
  "num_conflict_regions": 1,
  "conflict_region_spans": [
    {
      "conflict_id": 1,
      "a": {
        "start": 16,
        "end": 18
      },
      "base": {
        "start": 16,
        "end": 16
      },
      "b": {
        "start": 16,
        "end": 17
      }
    }
  ]
}