{
  "repository_origin_url": "https://github.com/microsoft/vscode.git",
  "commit_id": "99443cbd2acd7a3da838f874a6ae4eee9c980872",
  "commit_date": "Fri, 13 Mar 2020 13:09:24 -0500",
  "commit_message": "Merge branch 'master' of https://github.com/Microsoft/vscode into linkProvider\n\n",
  "conflict_file_id": 217,
  "filename": "src/vs/workbench/contrib/terminal/browser/terminalLinkHandler.ts",
  "last_commit_on_a": "bcb729057599ef85694e6eec10a62503e60cc91f",
  "last_commit_on_b": "d82305e3ec5f17f7cd3246de93187d3ab7e78669",
  "author_info_a": {
    "name": "Jon Bockhorst",
    "email": "jmbockhorst@gmail.com"
  },
  "author_info_b": {
    "name": "Jon Bockhorst",
    "email": "jmbockhorst@gmail.com"
  },
  "num_conflict_regions": 5,
  "conflict_region_spans": [
    {
      "conflict_id": 1,
      "a": {
        "start": 22,
        "end": 26
      },
      "base": {
        "start": 22,
        "end": 22
      },
      "b": {
        "start": 22,
        "end": 24
      }
    },
    {
      "conflict_id": 2,
      "a": {
        "start": 73,
        "end": 95
      },
      "base": {
        "start": 69,
        "end": 71
      },
      "b": {
        "start": 71,
        "end": 94
      }
    },
    {
      "conflict_id": 3,
      "a": {
        "start": 102,
        "end": 120
      },
      "base": {
        "start": 78,
        "end": 78
      },
      "b": {
        "start": 101,
        "end": 104
      }
    },
    {
      "conflict_id": 4,
      "a": {
        "start": 291,
        "end": 293
      },
      "base": {
        "start": 249,
        "end": 251
      },
      "b": {
        "start": 275,
        "end": 281
      }
    },
    {
      "conflict_id": 5,
      "a": {
        "start": 551,
        "end": 661
      },
      "base": {
        "start": 509,
        "end": 509
      },
      "b": {
        "start": 539,
        "end": 649
      }
    }
  ]
}