{
  "repository_origin_url": "https://github.com/microsoft/vscode.git",
  "commit_id": "bcb729057599ef85694e6eec10a62503e60cc91f",
  "commit_date": "Thu, 13 Feb 2020 12:22:20 -0600",
  "commit_message": "Fix link end position\n\n",
  "conflict_file_id": 218,
  "filename": "src/vs/workbench/contrib/terminal/browser/terminalLinkHandler.ts",
  "last_commit_on_a": "d124b68ffe6152882cf6b9bd86066b13adc32a9c",
  "last_commit_on_b": "d59c618603a39af87f66194b8a53420afba1a4f8",
  "author_info_a": {
    "name": "Jon Bockhorst",
    "email": "jmbockhorst@gmail.com"
  },
  "author_info_b": {
    "name": "Daniel Imms",
    "email": "daimms@microsoft.com"
  },
  "num_conflict_regions": 3,
  "conflict_region_spans": [
    {
      "conflict_id": 1,
      "a": {
        "start": 22,
        "end": 24
      },
      "base": {
        "start": 22,
        "end": 22
      },
      "b": {
        "start": 22,
        "end": 24
      }
    },
    {
      "conflict_id": 2,
      "a": {
        "start": 71,
        "end": 94
      },
      "base": {
        "start": 69,
        "end": 71
      },
      "b": {
        "start": 71,
        "end": 72
      }
    },
    {
      "conflict_id": 3,
      "a": {
        "start": 101,
        "end": 104
      },
      "base": {
        "start": 78,
        "end": 78
      },
      "b": {
        "start": 79,
        "end": 94
      }
    }
  ]
}