{
  "repository_origin_url": "https://github.com/microsoft/vscode.git",
  "commit_id": "0e18d05de2eecba235da7bbac1ce56f4c5c97216",
  "commit_date": "Tue, 10 Mar 2020 20:14:05 -0500",
  "commit_message": "Update IEditableData.validationMessage return type\n\n",
  "conflict_file_id": 219,
  "filename": "src/vs/workbench/common/views.ts",
  "last_commit_on_a": "6a356716709a9bd3b4e2116226b5e0e76c0b877f",
  "last_commit_on_b": "690007dfc4e23d072a97b043f94afe00a78c1880",
  "author_info_a": {
    "name": "jeanp413",
    "email": "jeanp413@hotmail.com"
  },
  "author_info_b": {
    "name": "Eric Amodio",
    "email": "eamodio@microsoft.com"
  },
  "num_conflict_regions": 1,
  "conflict_region_spans": [
    {
      "conflict_id": 1,
      "a": {
        "start": 23,
        "end": 24
      },
      "base": {
        "start": 23,
        "end": 23
      },
      "b": {
        "start": 23,
        "end": 24
      }
    }
  ]
}