{
  "repository_origin_url": "https://github.com/microsoft/vscode.git",
  "commit_id": "755cbf5412a2566d78914e2256f6c2cce38a1d86",
  "commit_date": "Mon, 22 Mar 2021 17:12:34 -0700",
  "commit_message": "Add double-click to collapse Fix #113248\n\n",
  "conflict_file_id": 21,
  "filename": "src/vs/workbench/contrib/notebook/browser/view/renderers/cellRenderer.ts",
  "last_commit_on_a": "fdc4f23b108906496a3b60d9996eb72bd80ab1c4",
  "last_commit_on_b": "bd2402a6e8e52e672e9fb176642d146cd0e0c2f7",
  "author_info_a": {
    "name": "Rob Lourens",
    "email": "roblourens@gmail.com"
  },
  "author_info_b": {
    "name": "Rob Lourens",
    "email": "roblourens@gmail.com"
  },
  "num_conflict_regions": 1,
  "conflict_region_spans": [
    {
      "conflict_id": 1,
      "a": {
        "start": 42,
        "end": 43
      },
      "base": {
        "start": 42,
        "end": 43
      },
      "b": {
        "start": 42,
        "end": 43
      }
    }
  ]
}