{
  "repository_origin_url": "https://github.com/microsoft/vscode.git",
  "commit_id": "5ac22de9c1269b6e35a2cf148ec02a21dce22850",
  "commit_date": "Wed, 4 Mar 2020 17:38:32 +0100",
  "commit_message": "line decorations for first and last line\n\n",
  "conflict_file_id": 220,
  "filename": "src/vs/editor/contrib/folding/foldingDecorations.ts",
  "last_commit_on_a": "7fddf0f134228020d1d4979f515747373ff9354f",
  "last_commit_on_b": "fc922c255f15881acbcc560ce6f559d519f6d0ee",
  "author_info_a": {
    "name": "Martin Aeschlimann",
    "email": "martinae@microsoft.com"
  },
  "author_info_b": {
    "name": "Martin Aeschlimann",
    "email": "martinae@microsoft.com"
  },
  "num_conflict_regions": 1,
  "conflict_region_spans": [
    {
      "conflict_id": 1,
      "a": {
        "start": 36,
        "end": 42
      },
      "base": {
        "start": 36,
        "end": 37
      },
      "b": {
        "start": 36,
        "end": 40
      }
    }
  ]
}