{
  "repository_origin_url": "https://github.com/microsoft/vscode.git",
  "commit_id": "a9e73654b94dd9c7972c1ab5301367f1d829af1b",
  "commit_date": "Wed, 4 Mar 2020 12:07:22 +0100",
  "commit_message": "quickpick - use layout service from platform\n\n",
  "conflict_file_id": 221,
  "filename": "src/vs/workbench/contrib/webview/browser/dynamicWebviewEditorOverlay.ts",
  "last_commit_on_a": "a8cb5b44f3c80868dde3aa43f13c9852bb2db057",
  "last_commit_on_b": "466f7166b892cd4f875403fdbf9e0f913f26cc0e",
  "author_info_a": {
    "name": "Benjamin Pasero",
    "email": "benjpas@microsoft.com"
  },
  "author_info_b": {
    "name": "Matt Bierner",
    "email": "matb@microsoft.com"
  },
  "num_conflict_regions": 2,
  "conflict_region_spans": [
    {
      "conflict_id": 1,
      "a": {
        "start": 13,
        "end": 16
      },
      "base": {
        "start": 13,
        "end": 16
      },
      "b": {
        "start": 13,
        "end": 15
      }
    },
    {
      "conflict_id": 2,
      "a": {
        "start": 46,
        "end": 48
      },
      "base": {
        "start": 46,
        "end": 48
      },
      "b": {
        "start": 45,
        "end": 48
      }
    }
  ]
}