{
  "repository_origin_url": "https://github.com/microsoft/vscode.git",
  "commit_id": "cddc990d7a490b8c6763ca662a610b796e731166",
  "commit_date": "Fri, 28 Feb 2020 12:30:24 -0800",
  "commit_message": "Merge remote-tracking branch 'origin' into rebornix/notebook\n\n",
  "conflict_file_id": 222,
  "filename": "src/vs/workbench/common/editor.ts",
  "last_commit_on_a": "3f4fcccc72f697bdc5c24a739dc6278b982c3e39",
  "last_commit_on_b": "a03ea07917ea1ccdd4821befac6f292f5fb71c09",
  "author_info_a": {
    "name": "rebornix",
    "email": "penn.lv@gmail.com"
  },
  "author_info_b": {
    "name": "Benjamin Pasero",
    "email": "benjpas@microsoft.com"
  },
  "num_conflict_regions": 1,
  "conflict_region_spans": [
    {
      "conflict_id": 1,
      "a": {
        "start": 157,
        "end": 175
      },
      "base": {
        "start": 157,
        "end": 158
      },
      "b": {
        "start": 157,
        "end": 158
      }
    }
  ]
}