{
  "repository_origin_url": "https://github.com/microsoft/vscode.git",
  "commit_id": "cddc990d7a490b8c6763ca662a610b796e731166",
  "commit_date": "Wed, 26 Feb 2020 14:56:49 -0800",
  "commit_message": "Merge remote-tracking branch 'origin' into rebornix/notebook\n\n",
  "conflict_file_id": 223,
  "filename": "src/vs/workbench/services/editor/browser/editorService.ts",
  "last_commit_on_a": "f3780d98fb00627fcaa966863726906d7fcf309b",
  "last_commit_on_b": "a03ea07917ea1ccdd4821befac6f292f5fb71c09",
  "author_info_a": {
    "name": "rebornix",
    "email": "penn.lv@gmail.com"
  },
  "author_info_b": {
    "name": "Benjamin Pasero",
    "email": "benjpas@microsoft.com"
  },
  "num_conflict_regions": 1,
  "conflict_region_spans": [
    {
      "conflict_id": 1,
      "a": {
        "start": 7,
        "end": 9
      },
      "base": {
        "start": 7,
        "end": 9
      },
      "b": {
        "start": 7,
        "end": 9
      }
    }
  ]
}