{
  "repository_origin_url": "https://github.com/microsoft/vscode.git",
  "commit_id": "cddc990d7a490b8c6763ca662a610b796e731166",
  "commit_date": "Wed, 19 Feb 2020 15:30:39 +0100",
  "commit_message": "use ICompositeCodeEditor instead IEditorNavigation\n\n",
  "conflict_file_id": 224,
  "filename": "src/vs/workbench/services/editor/browser/codeEditorService.ts",
  "last_commit_on_a": "315b240c212c6fd23e4192e0b3ba4fadfc7db74b",
  "last_commit_on_b": "a03ea07917ea1ccdd4821befac6f292f5fb71c09",
  "author_info_a": {
    "name": "Johannes Rieken",
    "email": "johannes.rieken@gmail.com"
  },
  "author_info_b": {
    "name": "Benjamin Pasero",
    "email": "benjpas@microsoft.com"
  },
  "num_conflict_regions": 2,
  "conflict_region_spans": [
    {
      "conflict_id": 1,
      "a": {
        "start": 26,
        "end": 30
      },
      "base": {
        "start": 26,
        "end": 29
      },
      "b": {
        "start": 26,
        "end": 29
      }
    },
    {
      "conflict_id": 2,
      "a": {
        "start": 44,
        "end": 45
      },
      "base": {
        "start": 43,
        "end": 44
      },
      "b": {
        "start": 43,
        "end": 44
      }
    }
  ]
}