{
  "repository_origin_url": "https://github.com/microsoft/vscode.git",
  "commit_id": "13b4c8500d83f2c407448a5c58bd79b4e7e3737d",
  "commit_date": "Sat, 22 Feb 2020 11:14:30 +0000",
  "commit_message": "fileSearch: removed unused `size` and redundant `basename` fields from `IRawFileMatch`\n\n",
  "conflict_file_id": 226,
  "filename": "src/vs/workbench/services/search/node/fileSearch.ts",
  "last_commit_on_a": "d01bed45948f2fa39e97c28de6645101c947be9b",
  "last_commit_on_b": "d4c2e7d8c51345982f9d4fa92f4844b21a1ea346",
  "author_info_a": {
    "name": "Matej Urbas",
    "email": "matej.urbas@gmail.com"
  },
  "author_info_b": {
    "name": "Matej Urbas",
    "email": "matej.urbas@gmail.com"
  },
  "num_conflict_regions": 3,
  "conflict_region_spans": [
    {
      "conflict_id": 1,
      "a": {
        "start": 249,
        "end": 250
      },
      "base": {
        "start": 249,
        "end": 251
      },
      "b": {
        "start": 249,
        "end": 251
      }
    },
    {
      "conflict_id": 2,
      "a": {
        "start": 541,
        "end": 542
      },
      "base": {
        "start": 542,
        "end": 543
      },
      "b": {
        "start": 542,
        "end": 549
      }
    },
    {
      "conflict_id": 3,
      "a": {
        "start": 555,
        "end": 556
      },
      "base": {
        "start": 556,
        "end": 557
      },
      "b": {
        "start": 562,
        "end": 563
      }
    }
  ]
}