{
  "repository_origin_url": "https://github.com/microsoft/vscode.git",
  "commit_id": "9d8412bad5bb43d36225b69cf3bbaf7669dfdd25",
  "commit_date": "Thu, 25 Feb 2021 18:19:13 -0800",
  "commit_message": "Merge branch 'main' into roblou/notebookRandomActionTest\n\n",
  "conflict_file_id": 22,
  "filename": "test/smoke/src/areas/notebook/notebook.test.ts",
  "last_commit_on_a": "32078fd77e02731f59444d2633ca84fb6db23b62",
  "last_commit_on_b": "2b66dfe0218cc18333ba92429218b33802b186bc",
  "author_info_a": {
    "name": "Rob Lourens",
    "email": "roblourens@gmail.com"
  },
  "author_info_b": {
    "name": "rebornix",
    "email": "penn.lv@gmail.com"
  },
  "num_conflict_regions": 3,
  "conflict_region_spans": [
    {
      "conflict_id": 1,
      "a": {
        "start": 23,
        "end": 31
      },
      "base": {
        "start": 23,
        "end": 31
      },
      "b": {
        "start": 23,
        "end": 31
      }
    },
    {
      "conflict_id": 2,
      "a": {
        "start": 32,
        "end": 41
      },
      "base": {
        "start": 32,
        "end": 41
      },
      "b": {
        "start": 32,
        "end": 41
      }
    },
    {
      "conflict_id": 3,
      "a": {
        "start": 42,
        "end": 51
      },
      "base": {
        "start": 42,
        "end": 51
      },
      "b": {
        "start": 42,
        "end": 51
      }
    }
  ]
}