{
  "repository_origin_url": "https://github.com/microsoft/vscode.git",
  "commit_id": "8d548749ecf450d48fc9d2735eec468ad703f8aa",
  "commit_date": "Mon, 22 Feb 2021 12:05:59 -0800",
  "commit_message": "use this. instead of this._terminalProcess\n\n",
  "conflict_file_id": 23,
  "filename": "src/vs/platform/terminal/node/ptyService.ts",
  "last_commit_on_a": "ab2f013b7922209565b401f967912a09025caa6e",
  "last_commit_on_b": "c40b367840d8579584a60c5c7247b2eee58848c5",
  "author_info_a": {
    "name": "Megan Rogge",
    "email": "merogge@microsoft.com"
  },
  "author_info_b": {
    "name": "Daniel Imms",
    "email": "daimms@microsoft.com"
  },
  "num_conflict_regions": 3,
  "conflict_region_spans": [
    {
      "conflict_id": 1,
      "a": {
        "start": 15,
        "end": 20
      },
      "base": {
        "start": 15,
        "end": 19
      },
      "b": {
        "start": 15,
        "end": 15
      }
    },
    {
      "conflict_id": 2,
      "a": {
        "start": 300,
        "end": 303
      },
      "base": {
        "start": 299,
        "end": 301
      },
      "b": {
        "start": 295,
        "end": 297
      }
    },
    {
      "conflict_id": 3,
      "a": {
        "start": 304,
        "end": 305
      },
      "base": {
        "start": 302,
        "end": 303
      },
      "b": {
        "start": 298,
        "end": 299
      }
    }
  ]
}