{
  "repository_origin_url": "https://github.com/microsoft/vscode.git",
  "commit_id": "06e8814b29b75cff45267a770efad731682f8d64",
  "commit_date": "Fri, 7 Aug 2020 22:42:50 -0500",
  "commit_message": "Merge branch 'master' into fix-95671\n\n",
  "conflict_file_id": 24,
  "filename": "src/vs/workbench/contrib/extensions/browser/extensionEditor.ts",
  "last_commit_on_a": "490d7e38da9868f6eee819af0946ebe066f94b8a",
  "last_commit_on_b": "a90759b5395e9bf4be99e508cdb8a01cd55942e4",
  "author_info_a": {
    "name": "Jean Pierre",
    "email": "jeanp413@hotmail.com"
  },
  "author_info_b": {
    "name": "SteVen Batten",
    "email": "steven.m.batten@outlook.com"
  },
  "num_conflict_regions": 1,
  "conflict_region_spans": [
    {
      "conflict_id": 1,
      "a": {
        "start": 67,
        "end": 68
      },
      "base": {
        "start": 67,
        "end": 67
      },
      "b": {
        "start": 67,
        "end": 71
      }
    }
  ]
}