{
  "repository_origin_url": "https://github.com/microsoft/vscode.git",
  "commit_id": "e800c205df844093e4fdcf3c97246f155a63bbd0",
  "commit_date": "Fri, 12 Jun 2020 14:26:42 -0400",
  "commit_message": "Fixed logic for setCollapseStateForRest and alt-click in editor\n\n",
  "conflict_file_id": 25,
  "filename": "src/vs/editor/contrib/folding/foldingModel.ts",
  "last_commit_on_a": "ac89d9ef71f278c6fb80252f7129161b514a64ce",
  "last_commit_on_b": "7d143f79422398f3130bed183286dd328bb1a507",
  "author_info_a": {
    "name": "Matthew Haines",
    "email": "m.haines1000@gmail.com"
  },
  "author_info_b": {
    "name": "gregvanl",
    "email": "gregvanl@microsoft.com"
  },
  "num_conflict_regions": 1,
  "conflict_region_spans": [
    {
      "conflict_id": 1,
      "a": {
        "start": 363,
        "end": 365
      },
      "base": {
        "start": 363,
        "end": 365
      },
      "b": {
        "start": 363,
        "end": 365
      }
    }
  ]
}