{
  "repository_origin_url": "https://github.com/microsoft/vscode.git",
  "commit_id": "0cd2ba8bddb4682aaa873d8f507ff023103adfde",
  "commit_date": "Fri, 12 Mar 2021 08:21:57 -0800",
  "commit_message": "Mostly working seamless relaunch\n\n",
  "conflict_file_id": 26,
  "filename": "src/vs/workbench/contrib/terminal/browser/terminalInstance.ts",
  "last_commit_on_a": "569aedce01485862be1991d99c0dad343dcf3ad5",
  "last_commit_on_b": "b8476ece19827ad139aa591c023fdcd75e2cd1db",
  "author_info_a": {
    "name": "Daniel Imms",
    "email": "2193314+Tyriar@users.noreply.github.com"
  },
  "author_info_b": {
    "name": "Daniel Imms",
    "email": "2193314+Tyriar@users.noreply.github.com"
  },
  "num_conflict_regions": 1,
  "conflict_region_spans": [
    {
      "conflict_id": 1,
      "a": {
        "start": 1130,
        "end": 1131
      },
      "base": {
        "start": 1130,
        "end": 1131
      },
      "b": {
        "start": 1130,
        "end": 1130
      }
    }
  ]
}