{
  "repository_origin_url": "https://github.com/microsoft/vscode.git",
  "commit_id": "ec287ab9749d201cc70f9ac57791aa9a185c4343",
  "commit_date": "Mon, 8 Mar 2021 11:00:32 +0100",
  "commit_message": "Merge branch 'main' into ben/108920\n\n",
  "conflict_file_id": 27,
  "filename": "src/vs/base/parts/sandbox/electron-sandbox/globals.ts",
  "last_commit_on_a": "0bdcfa9ce34b36534e5a55dd3bb134975bc01dbc",
  "last_commit_on_b": "393cc7f4a226b5cc99db9ba9f619ee75100a9230",
  "author_info_a": {
    "name": "Benjamin Pasero",
    "email": "benjpas@microsoft.com"
  },
  "author_info_b": {
    "name": "Benjamin Pasero",
    "email": "benjamin.pasero@microsoft.com"
  },
  "num_conflict_regions": 1,
  "conflict_region_spans": [
    {
      "conflict_id": 1,
      "a": {
        "start": 6,
        "end": 8
      },
      "base": {
        "start": 6,
        "end": 8
      },
      "b": {
        "start": 6,
        "end": 8
      }
    }
  ]
}