{
  "repository_origin_url": "https://github.com/microsoft/vscode.git",
  "commit_id": "216bff5771527f67800b58cee745ed8217c07c9b",
  "commit_date": "Thu, 11 Mar 2021 19:25:16 -0800",
  "commit_message": "cut multi cells w/ folding.\n\n",
  "conflict_file_id": 28,
  "filename": "src/vs/workbench/contrib/notebook/test/testNotebookEditor.ts",
  "last_commit_on_a": "5e2f573d1dd77eaa903eeeb4896c4e067b63b55d",
  "last_commit_on_b": "d5f47dfb885d5f8fb9b229a84106b26064eeb24d",
  "author_info_a": {
    "name": "rebornix",
    "email": "penn.lv@gmail.com"
  },
  "author_info_b": {
    "name": "Peng Lyu",
    "email": "penlv@microsoft.com"
  },
  "num_conflict_regions": 1,
  "conflict_region_spans": [
    {
      "conflict_id": 1,
      "a": {
        "start": 70,
        "end": 81
      },
      "base": {
        "start": 70,
        "end": 72
      },
      "b": {
        "start": 70,
        "end": 74
      }
    }
  ]
}