{
  "repository_origin_url": "https://github.com/microsoft/vscode.git",
  "commit_id": "216bff5771527f67800b58cee745ed8217c07c9b",
  "commit_date": "Fri, 12 Mar 2021 08:06:45 -0800",
  "commit_message": "move cells with multi select\n\n",
  "conflict_file_id": 29,
  "filename": "src/vs/workbench/contrib/notebook/browser/notebook.contribution.ts",
  "last_commit_on_a": "458904ed7a3c5b542eee95cba5cf5015f89ea84c",
  "last_commit_on_b": "d5f47dfb885d5f8fb9b229a84106b26064eeb24d",
  "author_info_a": {
    "name": "rebornix",
    "email": "penn.lv@gmail.com"
  },
  "author_info_b": {
    "name": "Peng Lyu",
    "email": "penlv@microsoft.com"
  },
  "num_conflict_regions": 1,
  "conflict_region_spans": [
    {
      "conflict_id": 1,
      "a": {
        "start": 69,
        "end": 70
      },
      "base": {
        "start": 69,
        "end": 69
      },
      "b": {
        "start": 69,
        "end": 70
      }
    }
  ]
}