{
  "repository_origin_url": "https://github.com/microsoft/vscode.git",
  "commit_id": "5cadd1240b3a94823b3d829c420484e57ac88017",
  "commit_date": "Thu, 8 Apr 2021 16:23:25 -0700",
  "commit_message": "get context menu to work\n\n",
  "conflict_file_id": 2,
  "filename": "src/vs/workbench/contrib/terminal/browser/terminalTabbedView.ts",
  "last_commit_on_a": "4c02536030dc3ca6a2ca92fc92cc48c96382857d",
  "last_commit_on_b": "b2b90e970c8785da6a7b097b1b1a4672eb10b054",
  "author_info_a": {
    "name": "meganrogge",
    "email": "megrogge@gmail.com"
  },
  "author_info_b": {
    "name": "Daniel Imms",
    "email": "2193314+Tyriar@users.noreply.github.com"
  },
  "num_conflict_regions": 2,
  "conflict_region_spans": [
    {
      "conflict_id": 1,
      "a": {
        "start": 107,
        "end": 115
      },
      "base": {
        "start": 107,
        "end": 114
      },
      "b": {
        "start": 107,
        "end": 108
      }
    },
    {
      "conflict_id": 2,
      "a": {
        "start": 146,
        "end": 154
      },
      "base": {
        "start": 145,
        "end": 152
      },
      "b": {
        "start": 139,
        "end": 140
      }
    }
  ]
}