{
  "repository_origin_url": "https://github.com/microsoft/vscode.git",
  "commit_id": "216bff5771527f67800b58cee745ed8217c07c9b",
  "commit_date": "Fri, 12 Mar 2021 10:43:41 -0800",
  "commit_message": "optimize scroll view from bottom.\n\n",
  "conflict_file_id": 30,
  "filename": "src/vs/workbench/contrib/notebook/browser/view/notebookCellList.ts",
  "last_commit_on_a": "c1f954ce48be43c19ad6c3f1dfa49ead032b2fcc",
  "last_commit_on_b": "d5f47dfb885d5f8fb9b229a84106b26064eeb24d",
  "author_info_a": {
    "name": "rebornix",
    "email": "penn.lv@gmail.com"
  },
  "author_info_b": {
    "name": "Peng Lyu",
    "email": "penlv@microsoft.com"
  },
  "num_conflict_regions": 1,
  "conflict_region_spans": [
    {
      "conflict_id": 1,
      "a": {
        "start": 495,
        "end": 495
      },
      "base": {
        "start": 495,
        "end": 496
      },
      "b": {
        "start": 495,
        "end": 561
      }
    }
  ]
}