{
  "repository_origin_url": "https://github.com/microsoft/vscode.git",
  "commit_id": "216bff5771527f67800b58cee745ed8217c07c9b",
  "commit_date": "Thu, 11 Mar 2021 14:06:40 -0800",
  "commit_message": "align selection and focus if they were both empty\n\n",
  "conflict_file_id": 31,
  "filename": "src/vs/workbench/browser/actions/listCommands.ts",
  "last_commit_on_a": "46fd12b0a9149c15ba885ce42cb4f9cba8713237",
  "last_commit_on_b": "bd74e2fb6a0bdcc928b7f651718f8b2f46be6e19",
  "author_info_a": {
    "name": "rebornix",
    "email": "penn.lv@gmail.com"
  },
  "author_info_b": {
    "name": "Jo\u00e3o Moreno",
    "email": "joao.moreno@microsoft.com"
  },
  "num_conflict_regions": 1,
  "conflict_region_spans": [
    {
      "conflict_id": 1,
      "a": {
        "start": 43,
        "end": 47
      },
      "base": {
        "start": 43,
        "end": 44
      },
      "b": {
        "start": 43,
        "end": 44
      }
    }
  ]
}