{
  "repository_origin_url": "https://github.com/microsoft/vscode.git",
  "commit_id": "a0fecbd327f3dc72e515e8ad723667789a7c7012",
  "commit_date": "Thu, 4 Feb 2021 22:56:50 +0000",
  "commit_message": "Merge branch 'master' into feature/selection-paste-in-terminal\n\n",
  "conflict_file_id": 33,
  "filename": "src/vs/workbench/contrib/terminal/browser/terminal.contribution.ts",
  "last_commit_on_a": "ab34fa90e9969ff883163f49654541530b19f1c8",
  "last_commit_on_b": "3e345101dfd4702be875c1c13a05b8864cc2cbb4",
  "author_info_a": {
    "name": "Adrian Wilkins",
    "email": "adrian.wilkins@infinityworks.com"
  },
  "author_info_b": {
    "name": "Megan Rogge",
    "email": "megan.rogge@microsoft.com"
  },
  "num_conflict_regions": 2,
  "conflict_region_spans": [
    {
      "conflict_id": 1,
      "a": {
        "start": 20,
        "end": 21
      },
      "base": {
        "start": 20,
        "end": 21
      },
      "b": {
        "start": 20,
        "end": 21
      }
    },
    {
      "conflict_id": 2,
      "a": {
        "start": 113,
        "end": 127
      },
      "base": {
        "start": 113,
        "end": 121
      },
      "b": {
        "start": 113,
        "end": 113
      }
    }
  ]
}