{
  "repository_origin_url": "https://github.com/microsoft/vscode.git",
  "commit_id": "a0fecbd327f3dc72e515e8ad723667789a7c7012",
  "commit_date": "Thu, 4 Feb 2021 22:56:50 +0000",
  "commit_message": "Merge branch 'master' into feature/selection-paste-in-terminal\n\n",
  "conflict_file_id": 34,
  "filename": "src/vs/workbench/contrib/terminal/browser/terminalActions.ts",
  "last_commit_on_a": "ab34fa90e9969ff883163f49654541530b19f1c8",
  "last_commit_on_b": "7f94f0d97c2ba32c33972aaa19044a27a2cf1ef8",
  "author_info_a": {
    "name": "Adrian Wilkins",
    "email": "adrian.wilkins@infinityworks.com"
  },
  "author_info_b": {
    "name": "Daniel Imms",
    "email": "tyriar@tyriar.com"
  },
  "num_conflict_regions": 1,
  "conflict_region_spans": [
    {
      "conflict_id": 1,
      "a": {
        "start": 93,
        "end": 261
      },
      "base": {
        "start": 93,
        "end": 243
      },
      "b": {
        "start": 93,
        "end": 93
      }
    }
  ]
}