{
  "repository_origin_url": "https://github.com/microsoft/vscode.git",
  "commit_id": "5f451c6670d3995eec4c595a0028c3dbc4c6a012",
  "commit_date": "Thu, 11 Mar 2021 23:14:17 +0100",
  "commit_message": "configure extension kind of extensions under development\n\n",
  "conflict_file_id": 35,
  "filename": "src/vs/workbench/electron-sandbox/sandbox.simpleservices.ts",
  "last_commit_on_a": "e9b7b5d25b8423e5397b7f022e01afbf0421b98e",
  "last_commit_on_b": "d6d2910b96b21b713b1c2edbd99cf2f31bf6de72",
  "author_info_a": {
    "name": "Martin Aeschlimann",
    "email": "martinae@microsoft.com"
  },
  "author_info_b": {
    "name": "Benjamin Pasero",
    "email": "benjamin.pasero@microsoft.com"
  },
  "num_conflict_regions": 1,
  "conflict_region_spans": [
    {
      "conflict_id": 1,
      "a": {
        "start": 13,
        "end": 15
      },
      "base": {
        "start": 13,
        "end": 14
      },
      "b": {
        "start": 13,
        "end": 13
      }
    }
  ]
}