{
  "repository_origin_url": "https://github.com/microsoft/vscode.git",
  "commit_id": "919292a6742fe033a5a140bcc99bdda4d21eeb08",
  "commit_date": "Fri, 5 Mar 2021 20:15:13 -0800",
  "commit_message": ":lipstick:\n\n",
  "conflict_file_id": 36,
  "filename": "src/vs/workbench/contrib/notebook/browser/view/renderers/codeCell.ts",
  "last_commit_on_a": "2d5e9cae4e085b3bbb4613401ce0452fc1849f33",
  "last_commit_on_b": "96fabf5cf95dfcd40543da319a208a916ae19524",
  "author_info_a": {
    "name": "rebornix",
    "email": "penn.lv@gmail.com"
  },
  "author_info_b": {
    "name": "rebornix",
    "email": "penn.lv@gmail.com"
  },
  "num_conflict_regions": 1,
  "conflict_region_spans": [
    {
      "conflict_id": 1,
      "a": {
        "start": 79,
        "end": 80
      },
      "base": {
        "start": 79,
        "end": 80
      },
      "b": {
        "start": 79,
        "end": 81
      }
    }
  ]
}