{
  "repository_origin_url": "https://github.com/microsoft/vscode.git",
  "commit_id": "dfb959a5cee67e2f67c6301f3a6ec9cdda4b2e00",
  "commit_date": "Mon, 15 Feb 2021 21:04:40 +0100",
  "commit_message": "add ExtensionKindController\n\n",
  "conflict_file_id": 37,
  "filename": "src/vs/workbench/services/extensions/common/abstractExtensionService.ts",
  "last_commit_on_a": "3be713ea537b9b166c90ea168f886bedd4d88f2e",
  "last_commit_on_b": "52d1b626f3139b786f1fe592037ab5c02e37cdae",
  "author_info_a": {
    "name": "Martin Aeschlimann",
    "email": "martinae@microsoft.com"
  },
  "author_info_b": {
    "name": "Matt Bierner",
    "email": "matb@microsoft.com"
  },
  "num_conflict_regions": 1,
  "conflict_region_spans": [
    {
      "conflict_id": 1,
      "a": {
        "start": 24,
        "end": 25
      },
      "base": {
        "start": 24,
        "end": 25
      },
      "b": {
        "start": 24,
        "end": 25
      }
    }
  ]
}