{
  "repository_origin_url": "https://github.com/microsoft/vscode.git",
  "commit_id": "dfb959a5cee67e2f67c6301f3a6ec9cdda4b2e00",
  "commit_date": "Wed, 17 Feb 2021 22:50:18 +0100",
  "commit_message": "extensionDevelopmentKind\n\n",
  "conflict_file_id": 38,
  "filename": "src/vs/workbench/electron-sandbox/sandbox.simpleservices.ts",
  "last_commit_on_a": "21fac8b194b64767e6d12a8e0730eba0238358ff",
  "last_commit_on_b": "0c17e38449910c8239d499085e94f5d8bdaa334c",
  "author_info_a": {
    "name": "Martin Aeschlimann",
    "email": "martinae@microsoft.com"
  },
  "author_info_b": {
    "name": "Benjamin Pasero",
    "email": "benjamin.pasero@microsoft.com"
  },
  "num_conflict_regions": 1,
  "conflict_region_spans": [
    {
      "conflict_id": 1,
      "a": {
        "start": 13,
        "end": 15
      },
      "base": {
        "start": 13,
        "end": 15
      },
      "b": {
        "start": 13,
        "end": 13
      }
    }
  ]
}