{
  "repository_origin_url": "https://github.com/microsoft/vscode.git",
  "commit_id": "3c96cb6254a16fdf84315df71a1dd7b5ce2a38b9",
  "commit_date": "Mon, 8 Mar 2021 21:04:00 +0100",
  "commit_message": "set remoteAuthority in NativeHostService.openWindow if not yet defined\n\n",
  "conflict_file_id": 39,
  "filename": "src/vs/code/electron-main/app.ts",
  "last_commit_on_a": "244e9e6e79327012900e5e791b846ed58172b53d",
  "last_commit_on_b": "dbe9dd496753618e06159beb6c54c5159adb5e7b",
  "author_info_a": {
    "name": "Martin Aeschlimann",
    "email": "martinae@microsoft.com"
  },
  "author_info_b": {
    "name": "Benjamin Pasero",
    "email": "benjamin.pasero@microsoft.com"
  },
  "num_conflict_regions": 1,
  "conflict_region_spans": [
    {
      "conflict_id": 1,
      "a": {
        "start": 89,
        "end": 90
      },
      "base": {
        "start": 89,
        "end": 89
      },
      "b": {
        "start": 89,
        "end": 90
      }
    }
  ]
}