{
  "repository_origin_url": "https://github.com/microsoft/vscode.git",
  "commit_id": "4c3becc0bbe1e86e5142ec881fa00fcfe13f199c",
  "commit_date": "Thu, 8 Apr 2021 11:22:00 +0200",
  "commit_message": "add extension identifier to kernel 2\n\n",
  "conflict_file_id": 3,
  "filename": "src/vs/workbench/api/common/extHost.protocol.ts",
  "last_commit_on_a": "461f09ff789bc64f5dd05ac5e9c6243a0c2dc196",
  "last_commit_on_b": "3622dafdc01d098fc0e4705dc154cd4aedb0d75a",
  "author_info_a": {
    "name": "Johannes Rieken",
    "email": "johannes.rieken@gmail.com"
  },
  "author_info_b": {
    "name": "Eric Amodio",
    "email": "eamodio@microsoft.com"
  },
  "num_conflict_regions": 1,
  "conflict_region_spans": [
    {
      "conflict_id": 1,
      "a": {
        "start": 65,
        "end": 66
      },
      "base": {
        "start": 65,
        "end": 65
      },
      "b": {
        "start": 65,
        "end": 66
      }
    }
  ]
}