{
  "repository_origin_url": "https://github.com/microsoft/vscode.git",
  "commit_id": "6d01ad952a98aafcd9d043adc9273ed843e3c870",
  "commit_date": "Sat, 6 Mar 2021 18:18:21 -0800",
  "commit_message": "Disable unresponsive create process\n\n",
  "conflict_file_id": 40,
  "filename": "src/vs/workbench/contrib/terminal/browser/terminalProcessManager.ts",
  "last_commit_on_a": "5cc1775bbf01fc3a16920ab62908319348fa36b8",
  "last_commit_on_b": "c870a55b708c3581676e7d0a1cfce70cd53b6953",
  "author_info_a": {
    "name": "Daniel Imms",
    "email": "tyriar@tyriar.com"
  },
  "author_info_b": {
    "name": "Daniel Imms",
    "email": "daimms@microsoft.com"
  },
  "num_conflict_regions": 2,
  "conflict_region_spans": [
    {
      "conflict_id": 1,
      "a": {
        "start": 363,
        "end": 368
      },
      "base": {
        "start": 363,
        "end": 364
      },
      "b": {
        "start": 363,
        "end": 366
      }
    },
    {
      "conflict_id": 2,
      "a": {
        "start": 376,
        "end": 382
      },
      "base": {
        "start": 372,
        "end": 374
      },
      "b": {
        "start": 374,
        "end": 378
      }
    }
  ]
}