{
  "repository_origin_url": "https://github.com/microsoft/vscode.git",
  "commit_id": "c40b367840d8579584a60c5c7247b2eee58848c5",
  "commit_date": "Fri, 5 Mar 2021 15:23:56 -0800",
  "commit_message": "Support pty host management in remote\n\n",
  "conflict_file_id": 41,
  "filename": "src/vs/workbench/contrib/terminal/browser/terminalProcessManager.ts",
  "last_commit_on_a": "5d5fa588828d6d45d859e4af3cf058421d103bc1",
  "last_commit_on_b": "3e345101dfd4702be875c1c13a05b8864cc2cbb4",
  "author_info_a": {
    "name": "Daniel Imms",
    "email": "daimms@microsoft.com"
  },
  "author_info_b": {
    "name": "Megan Rogge",
    "email": "megan.rogge@microsoft.com"
  },
  "num_conflict_regions": 1,
  "conflict_region_spans": [
    {
      "conflict_id": 1,
      "a": {
        "start": 30,
        "end": 31
      },
      "base": {
        "start": 30,
        "end": 31
      },
      "b": {
        "start": 30,
        "end": 31
      }
    }
  ]
}