{
  "repository_origin_url": "https://github.com/microsoft/vscode.git",
  "commit_id": "c40b367840d8579584a60c5c7247b2eee58848c5",
  "commit_date": "Fri, 5 Mar 2021 09:53:56 -0800",
  "commit_message": "Support orphaned processes\n\n",
  "conflict_file_id": 43,
  "filename": "src/vs/workbench/contrib/terminal/browser/terminal.ts",
  "last_commit_on_a": "df6b26917057f30dfe9cef1ed242c194d1fb4b04",
  "last_commit_on_b": "3e345101dfd4702be875c1c13a05b8864cc2cbb4",
  "author_info_a": {
    "name": "Daniel Imms",
    "email": "tyriar@tyriar.com"
  },
  "author_info_b": {
    "name": "Megan Rogge",
    "email": "megan.rogge@microsoft.com"
  },
  "num_conflict_regions": 1,
  "conflict_region_spans": [
    {
      "conflict_id": 1,
      "a": {
        "start": 12,
        "end": 14
      },
      "base": {
        "start": 12,
        "end": 14
      },
      "b": {
        "start": 12,
        "end": 14
      }
    }
  ]
}