{
  "repository_origin_url": "https://github.com/microsoft/vscode.git",
  "commit_id": "c40b367840d8579584a60c5c7247b2eee58848c5",
  "commit_date": "Fri, 5 Mar 2021 11:03:46 -0800",
  "commit_message": "Support term cli commands\nThis is a no-op in local so I've put everything into remote terminal\nservice and channel.\n\n",
  "conflict_file_id": 44,
  "filename": "src/vs/platform/terminal/node/ptyService.ts",
  "last_commit_on_a": "ccb3601d55295e8667a108784924ecd3001f4993",
  "last_commit_on_b": "3e345101dfd4702be875c1c13a05b8864cc2cbb4",
  "author_info_a": {
    "name": "Daniel Imms",
    "email": "tyriar@tyriar.com"
  },
  "author_info_b": {
    "name": "Megan Rogge",
    "email": "megan.rogge@microsoft.com"
  },
  "num_conflict_regions": 1,
  "conflict_region_spans": [
    {
      "conflict_id": 1,
      "a": {
        "start": 97,
        "end": 98
      },
      "base": {
        "start": 97,
        "end": 97
      },
      "b": {
        "start": 97,
        "end": 98
      }
    }
  ]
}