{
  "repository_origin_url": "https://github.com/microsoft/vscode.git",
  "commit_id": "a5c28d0ca06ddfaf779debb827c766342c05a447",
  "commit_date": "Fri, 26 Feb 2021 13:08:09 -0800",
  "commit_message": "Merge remote-tracking branch 'origin/main' into tyriar/remove_flow_control\n\n",
  "conflict_file_id": 45,
  "filename": "src/vs/workbench/contrib/terminal/browser/terminalProcessManager.ts",
  "last_commit_on_a": "a41877824390b5ff7127b9edaf5ba2b695d809c3",
  "last_commit_on_b": "ba117e60c20f3e97eb4bdeaab9d11b24815c57d2",
  "author_info_a": {
    "name": "Daniel Imms",
    "email": "tyriar@tyriar.com"
  },
  "author_info_b": {
    "name": "meganrogge",
    "email": "megrogge@gmail.com"
  },
  "num_conflict_regions": 1,
  "conflict_region_spans": [
    {
      "conflict_id": 1,
      "a": {
        "start": 151,
        "end": 152
      },
      "base": {
        "start": 151,
        "end": 155
      },
      "b": {
        "start": 151,
        "end": 155
      }
    }
  ]
}