{
  "repository_origin_url": "https://github.com/microsoft/vscode.git",
  "commit_id": "a5c28d0ca06ddfaf779debb827c766342c05a447",
  "commit_date": "Fri, 26 Feb 2021 05:59:58 -0800",
  "commit_message": "Remove flow control setting\nFlow control is enabled for all non-extension terminals\n\nFixes #117418\n\n",
  "conflict_file_id": 46,
  "filename": "src/vs/platform/terminal/common/terminal.ts",
  "last_commit_on_a": "91a246998c2c1783fd065fa71a4a57331e15f779",
  "last_commit_on_b": "ba117e60c20f3e97eb4bdeaab9d11b24815c57d2",
  "author_info_a": {
    "name": "Daniel Imms",
    "email": "tyriar@tyriar.com"
  },
  "author_info_b": {
    "name": "meganrogge",
    "email": "megrogge@gmail.com"
  },
  "num_conflict_regions": 1,
  "conflict_region_spans": [
    {
      "conflict_id": 1,
      "a": {
        "start": 227,
        "end": 227
      },
      "base": {
        "start": 227,
        "end": 232
      },
      "b": {
        "start": 227,
        "end": 237
      }
    }
  ]
}