{
  "repository_origin_url": "https://github.com/microsoft/vscode.git",
  "commit_id": "6bed2c6c40e17cb1a34f7fefc11e251fb9862113",
  "commit_date": "Sat, 27 Feb 2021 08:40:05 +0000",
  "commit_message": "Merge branch 'main' into ben/enable-vscode-file\n\n",
  "conflict_file_id": 47,
  "filename": "src/vs/platform/windows/electron-main/window.ts",
  "last_commit_on_a": "4fc2f863f77adbb01292d79af34097ef7d68cbac",
  "last_commit_on_b": "bd272ea6b7485f62bfbe7a1833e82fc9f8f84214",
  "author_info_a": {
    "name": "Benjamin Pasero",
    "email": "benjpas@microsoft.com"
  },
  "author_info_b": {
    "name": "Benjamin Pasero",
    "email": "benjpas@microsoft.com"
  },
  "num_conflict_regions": 1,
  "conflict_region_spans": [
    {
      "conflict_id": 1,
      "a": {
        "start": 20,
        "end": 22
      },
      "base": {
        "start": 20,
        "end": 22
      },
      "b": {
        "start": 20,
        "end": 22
      }
    }
  ]
}