{
  "repository_origin_url": "https://github.com/microsoft/vscode.git",
  "commit_id": "4fc2f863f77adbb01292d79af34097ef7d68cbac",
  "commit_date": "Thu, 11 Feb 2021 08:53:40 +0100",
  "commit_message": "Merge branch 'master' into ben/enable-vscode-file\n\n",
  "conflict_file_id": 48,
  "filename": "src/vs/platform/windows/electron-main/window.ts",
  "last_commit_on_a": "cea59e6562b2f9d5089ca90b769b769d58837b30",
  "last_commit_on_b": "9d1e8fa608ae54b75fcddb609b20930c06620f33",
  "author_info_a": {
    "name": "Benjamin Pasero",
    "email": "benjpas@microsoft.com"
  },
  "author_info_b": {
    "name": "Benjamin Pasero",
    "email": "benjpas@microsoft.com"
  },
  "num_conflict_regions": 1,
  "conflict_region_spans": [
    {
      "conflict_id": 1,
      "a": {
        "start": 21,
        "end": 23
      },
      "base": {
        "start": 21,
        "end": 23
      },
      "b": {
        "start": 21,
        "end": 23
      }
    }
  ]
}