{
  "repository_origin_url": "https://github.com/microsoft/vscode.git",
  "commit_id": "a41877824390b5ff7127b9edaf5ba2b695d809c3",
  "commit_date": "Fri, 26 Feb 2021 05:59:58 -0800",
  "commit_message": "Remove flow control setting\nFlow control is enabled for all non-extension terminals\n\nFixes #117418\n\n",
  "conflict_file_id": 49,
  "filename": "src/vs/workbench/api/browser/mainThreadTerminalService.ts",
  "last_commit_on_a": "91a246998c2c1783fd065fa71a4a57331e15f779",
  "last_commit_on_b": "df5d7c257df3b5930c739428f94157d197797b46",
  "author_info_a": {
    "name": "Daniel Imms",
    "email": "tyriar@tyriar.com"
  },
  "author_info_b": {
    "name": "Daniel Imms",
    "email": "tyriar@tyriar.com"
  },
  "num_conflict_regions": 3,
  "conflict_region_spans": [
    {
      "conflict_id": 1,
      "a": {
        "start": 6,
        "end": 11
      },
      "base": {
        "start": 6,
        "end": 11
      },
      "b": {
        "start": 6,
        "end": 7
      }
    },
    {
      "conflict_id": 2,
      "a": {
        "start": 15,
        "end": 16
      },
      "base": {
        "start": 15,
        "end": 17
      },
      "b": {
        "start": 11,
        "end": 11
      }
    },
    {
      "conflict_id": 3,
      "a": {
        "start": 254,
        "end": 289
      },
      "base": {
        "start": 255,
        "end": 291
      },
      "b": {
        "start": 249,
        "end": 249
      }
    }
  ]
}