{
  "repository_origin_url": "https://github.com/microsoft/vscode.git",
  "commit_id": "4b240a4ad58e566c32145e2618baa1a74a118853",
  "commit_date": "Thu, 8 Apr 2021 12:15:50 -0700",
  "commit_message": "Merge remote-tracking branch 'origin/main' into tyriar/secondary_icons\n\n",
  "conflict_file_id": 4,
  "filename": "src/vs/workbench/contrib/terminal/browser/terminalTabsWidget.ts",
  "last_commit_on_a": "e24aa920965a61e5a16862172732c46b5bf55a69",
  "last_commit_on_b": "437f2383b9275c0c916aca7d80e748b853968ef5",
  "author_info_a": {
    "name": "Daniel Imms",
    "email": "2193314+Tyriar@users.noreply.github.com"
  },
  "author_info_b": {
    "name": "Daniel Imms",
    "email": "2193314+Tyriar@users.noreply.github.com"
  },
  "num_conflict_regions": 4,
  "conflict_region_spans": [
    {
      "conflict_id": 1,
      "a": {
        "start": 19,
        "end": 21
      },
      "base": {
        "start": 19,
        "end": 20
      },
      "b": {
        "start": 19,
        "end": 20
      }
    },
    {
      "conflict_id": 2,
      "a": {
        "start": 142,
        "end": 157
      },
      "base": {
        "start": 141,
        "end": 142
      },
      "b": {
        "start": 141,
        "end": 143
      }
    },
    {
      "conflict_id": 3,
      "a": {
        "start": 161,
        "end": 168
      },
      "base": {
        "start": 146,
        "end": 147
      },
      "b": {
        "start": 147,
        "end": 148
      }
    },
    {
      "conflict_id": 4,
      "a": {
        "start": 169,
        "end": 172
      },
      "base": {
        "start": 148,
        "end": 150
      },
      "b": {
        "start": 149,
        "end": 150
      }
    }
  ]
}