{
  "repository_origin_url": "https://github.com/microsoft/vscode.git",
  "commit_id": "cadb56785abb91076b7d60e345703ca0e8df1bf5",
  "commit_date": "Fri, 26 Feb 2021 04:35:03 -0800",
  "commit_message": "Remove exthost terminal processes\nFixes #116864\n\n",
  "conflict_file_id": 51,
  "filename": "src/vs/workbench/contrib/terminal/browser/terminalService.ts",
  "last_commit_on_a": "df5d7c257df3b5930c739428f94157d197797b46",
  "last_commit_on_b": "fc7005d93f10b972b909e4f8f603c6031485733b",
  "author_info_a": {
    "name": "Daniel Imms",
    "email": "tyriar@tyriar.com"
  },
  "author_info_b": {
    "name": "Megan Rogge",
    "email": "merogge@microsoft.com"
  },
  "num_conflict_regions": 1,
  "conflict_region_spans": [
    {
      "conflict_id": 1,
      "a": {
        "start": 143,
        "end": 145
      },
      "base": {
        "start": 143,
        "end": 145
      },
      "b": {
        "start": 143,
        "end": 144
      }
    }
  ]
}