{
  "repository_origin_url": "https://github.com/microsoft/vscode.git",
  "commit_id": "6e3e72705a8be6d4ed3358e94656b9136edc3081",
  "commit_date": "Sun, 21 Feb 2021 19:35:26 -0800",
  "commit_message": "differenciate selection and focus.\n\n",
  "conflict_file_id": 52,
  "filename": "src/vs/workbench/contrib/notebook/browser/notebookEditorWidget.ts",
  "last_commit_on_a": "de956ce8bdfad4d7093cbc17a3798cd32c48c9ae",
  "last_commit_on_b": "719256e1f140eaac45442b4c116c1e4d9672893d",
  "author_info_a": {
    "name": "rebornix",
    "email": "penn.lv@gmail.com"
  },
  "author_info_b": {
    "name": "Matt Bierner",
    "email": "matb@microsoft.com"
  },
  "num_conflict_regions": 1,
  "conflict_region_spans": [
    {
      "conflict_id": 1,
      "a": {
        "start": 1923,
        "end": 1925
      },
      "base": {
        "start": 1923,
        "end": 1925
      },
      "b": {
        "start": 1923,
        "end": 1927
      }
    }
  ]
}