{
  "repository_origin_url": "https://github.com/microsoft/vscode.git",
  "commit_id": "2efcd2bcd2b9d1227fc98897592595726676a051",
  "commit_date": "Fri, 19 Feb 2021 11:03:37 +0100",
  "commit_message": "Add icon column\n\n",
  "conflict_file_id": 53,
  "filename": "src/vs/workbench/contrib/remote/browser/tunnelView.ts",
  "last_commit_on_a": "c96f842dc586637c52b8883c021a02ed119fc456",
  "last_commit_on_b": "7a0caf4d86e400d82e401c8c37f36ae510145134",
  "author_info_a": {
    "name": "Alex Ross",
    "email": "alros@microsoft.com"
  },
  "author_info_b": {
    "name": "Alex Ross",
    "email": "alros@microsoft.com"
  },
  "num_conflict_regions": 1,
  "conflict_region_spans": [
    {
      "conflict_id": 1,
      "a": {
        "start": 26,
        "end": 27
      },
      "base": {
        "start": 26,
        "end": 27
      },
      "b": {
        "start": 26,
        "end": 27
      }
    }
  ]
}