{
  "repository_origin_url": "https://github.com/microsoft/vscode.git",
  "commit_id": "7130344e98f0fc434ba048d29acda9165a644ea5",
  "commit_date": "Thu, 18 Feb 2021 09:47:29 -0800",
  "commit_message": "only start process once Co-authored by: Daniel Imms <daimms@microsoft.com>\n\n",
  "conflict_file_id": 54,
  "filename": "src/vs/workbench/contrib/terminal/electron-browser/terminalInstanceService.ts",
  "last_commit_on_a": "3fbab260e39d5444c5fec6aaebfb39226ba8edff",
  "last_commit_on_b": "b827a113d406cb07fd7173ce68738b9e747c6633",
  "author_info_a": {
    "name": "Megan Rogge",
    "email": "merogge@microsoft.com"
  },
  "author_info_b": {
    "name": "Daniel Imms",
    "email": "tyriar@tyriar.com"
  },
  "num_conflict_regions": 1,
  "conflict_region_spans": [
    {
      "conflict_id": 1,
      "a": {
        "start": 29,
        "end": 32
      },
      "base": {
        "start": 29,
        "end": 30
      },
      "b": {
        "start": 29,
        "end": 31
      }
    }
  ]
}