{
  "repository_origin_url": "https://github.com/microsoft/vscode.git",
  "commit_id": "7130344e98f0fc434ba048d29acda9165a644ea5",
  "commit_date": "Thu, 18 Feb 2021 09:47:29 -0800",
  "commit_message": "only start process once Co-authored by: Daniel Imms <daimms@microsoft.com>\n\n",
  "conflict_file_id": 55,
  "filename": "src/vs/platform/terminal/common/terminal.ts",
  "last_commit_on_a": "3fbab260e39d5444c5fec6aaebfb39226ba8edff",
  "last_commit_on_b": "7d57388aebe2831c2c63bf642bd43fe1376d7ae1",
  "author_info_a": {
    "name": "Megan Rogge",
    "email": "merogge@microsoft.com"
  },
  "author_info_b": {
    "name": "Daniel Imms",
    "email": "tyriar@tyriar.com"
  },
  "num_conflict_regions": 2,
  "conflict_region_spans": [
    {
      "conflict_id": 1,
      "a": {
        "start": 179,
        "end": 182
      },
      "base": {
        "start": 179,
        "end": 180
      },
      "b": {
        "start": 179,
        "end": 182
      }
    },
    {
      "conflict_id": 2,
      "a": {
        "start": 196,
        "end": 201
      },
      "base": {
        "start": 194,
        "end": 194
      },
      "b": {
        "start": 196,
        "end": 226
      }
    }
  ]
}