{
  "repository_origin_url": "https://github.com/microsoft/vscode.git",
  "commit_id": "7130344e98f0fc434ba048d29acda9165a644ea5",
  "commit_date": "Thu, 18 Feb 2021 10:55:44 -0800",
  "commit_message": "move terminalDataBuffering from workbench to common\n\n",
  "conflict_file_id": 56,
  "filename": "src/vs/platform/terminal/node/ptyService.ts",
  "last_commit_on_a": "e3dc574a51eda0d2f304575339ce0cfceb058cf4",
  "last_commit_on_b": "b827a113d406cb07fd7173ce68738b9e747c6633",
  "author_info_a": {
    "name": "Megan Rogge",
    "email": "merogge@microsoft.com"
  },
  "author_info_b": {
    "name": "Daniel Imms",
    "email": "tyriar@tyriar.com"
  },
  "num_conflict_regions": 2,
  "conflict_region_spans": [
    {
      "conflict_id": 1,
      "a": {
        "start": 17,
        "end": 20
      },
      "base": {
        "start": 17,
        "end": 18
      },
      "b": {
        "start": 17,
        "end": 19
      }
    },
    {
      "conflict_id": 2,
      "a": {
        "start": 105,
        "end": 108
      },
      "base": {
        "start": 103,
        "end": 105
      },
      "b": {
        "start": 104,
        "end": 110
      }
    }
  ]
}