{
  "repository_origin_url": "https://github.com/microsoft/vscode.git",
  "commit_id": "7130344e98f0fc434ba048d29acda9165a644ea5",
  "commit_date": "Thu, 18 Feb 2021 09:47:29 -0800",
  "commit_message": "only start process once Co-authored by: Daniel Imms <daimms@microsoft.com>\n\n",
  "conflict_file_id": 57,
  "filename": "src/vs/platform/terminal/electron-browser/localPtyService.ts",
  "last_commit_on_a": "3fbab260e39d5444c5fec6aaebfb39226ba8edff",
  "last_commit_on_b": "b827a113d406cb07fd7173ce68738b9e747c6633",
  "author_info_a": {
    "name": "Megan Rogge",
    "email": "merogge@microsoft.com"
  },
  "author_info_b": {
    "name": "Daniel Imms",
    "email": "tyriar@tyriar.com"
  },
  "num_conflict_regions": 5,
  "conflict_region_spans": [
    {
      "conflict_id": 1,
      "a": {
        "start": 8,
        "end": 9
      },
      "base": {
        "start": 8,
        "end": 9
      },
      "b": {
        "start": 8,
        "end": 9
      }
    },
    {
      "conflict_id": 2,
      "a": {
        "start": 38,
        "end": 40
      },
      "base": {
        "start": 38,
        "end": 39
      },
      "b": {
        "start": 38,
        "end": 41
      }
    },
    {
      "conflict_id": 3,
      "a": {
        "start": 112,
        "end": 117
      },
      "base": {
        "start": 111,
        "end": 112
      },
      "b": {
        "start": 113,
        "end": 114
      }
    },
    {
      "conflict_id": 4,
      "a": {
        "start": 123,
        "end": 130
      },
      "base": {
        "start": 118,
        "end": 121
      },
      "b": {
        "start": 120,
        "end": 126
      }
    },
    {
      "conflict_id": 5,
      "a": {
        "start": 155,
        "end": 164
      },
      "base": {
        "start": 146,
        "end": 146
      },
      "b": {
        "start": 151,
        "end": 197
      }
    }
  ]
}