{
  "repository_origin_url": "https://github.com/microsoft/vscode.git",
  "commit_id": "7130344e98f0fc434ba048d29acda9165a644ea5",
  "commit_date": "Thu, 18 Feb 2021 09:47:29 -0800",
  "commit_message": "only start process once Co-authored by: Daniel Imms <daimms@microsoft.com>\n\n",
  "conflict_file_id": 58,
  "filename": "src/vs/workbench/contrib/terminal/electron-sandbox/localPty.ts",
  "last_commit_on_a": "3fbab260e39d5444c5fec6aaebfb39226ba8edff",
  "last_commit_on_b": "c714b56e80488bac7ae0f49c1576e82aa4b9bcbd",
  "author_info_a": {
    "name": "Megan Rogge",
    "email": "merogge@microsoft.com"
  },
  "author_info_b": {
    "name": "Daniel Imms",
    "email": "tyriar@tyriar.com"
  },
  "num_conflict_regions": 2,
  "conflict_region_spans": [
    {
      "conflict_id": 1,
      "a": {
        "start": 18,
        "end": 21
      },
      "base": {
        "start": 18,
        "end": 19
      },
      "b": {
        "start": 18,
        "end": 19
      }
    },
    {
      "conflict_id": 2,
      "a": {
        "start": 30,
        "end": 32
      },
      "base": {
        "start": 28,
        "end": 30
      },
      "b": {
        "start": 28,
        "end": 30
      }
    }
  ]
}