{
  "repository_origin_url": "https://github.com/microsoft/vscode.git",
  "commit_id": "c519854acd11f7fc48a900dd1692275b4881e247",
  "commit_date": "Wed, 6 Jan 2021 15:42:54 +0100",
  "commit_message": "enable vscode-file for workbench and shared process\n\n",
  "conflict_file_id": 59,
  "filename": "src/vs/code/electron-main/protocol.ts",
  "last_commit_on_a": "b2f84dc60fcb2a73f0dcbabb22b6d200dcb361b1",
  "last_commit_on_b": "795db5b71948cd494423b2c42a91d020d421979e",
  "author_info_a": {
    "name": "Benjamin Pasero",
    "email": "benjpas@microsoft.com"
  },
  "author_info_b": {
    "name": "Benjamin Pasero",
    "email": "benjpas@microsoft.com"
  },
  "num_conflict_regions": 1,
  "conflict_region_spans": [
    {
      "conflict_id": 1,
      "a": {
        "start": 40,
        "end": 42
      },
      "base": {
        "start": 40,
        "end": 46
      },
      "b": {
        "start": 40,
        "end": 42
      }
    }
  ]
}