{
  "repository_origin_url": "https://github.com/microsoft/vscode.git",
  "commit_id": "749f29fea028cd5d7df774ad1fefedf86cd19042",
  "commit_date": "Thu, 11 Feb 2021 08:50:12 +0100",
  "commit_message": "Merge branch 'master' into ben/108920\n\n",
  "conflict_file_id": 60,
  "filename": "src/vs/code/electron-sandbox/issue/issueReporterMain.ts",
  "last_commit_on_a": "b717d1349293a7007463f05cb7866aab225ed0e1",
  "last_commit_on_b": "ea048b877175ae2736ee5ff93273490cf57c4e68",
  "author_info_a": {
    "name": "Benjamin Pasero",
    "email": "benjpas@microsoft.com"
  },
  "author_info_b": {
    "name": "Jo\u00e3o Moreno",
    "email": "joao.moreno@microsoft.com"
  },
  "num_conflict_regions": 1,
  "conflict_region_spans": [
    {
      "conflict_id": 1,
      "a": {
        "start": 30,
        "end": 31
      },
      "base": {
        "start": 30,
        "end": 30
      },
      "b": {
        "start": 30,
        "end": 31
      }
    }
  ]
}