{
  "repository_origin_url": "https://github.com/microsoft/vscode.git",
  "commit_id": "e4d8575cafbd5e6c018396fdcbab29b301a65066",
  "commit_date": "Thu, 11 Feb 2021 11:44:14 -0800",
  "commit_message": "Dispose localPtyService on shared proc\n\n",
  "conflict_file_id": 61,
  "filename": "src/vs/code/electron-browser/sharedProcess/sharedProcessMain.ts",
  "last_commit_on_a": "b49c2cba98a80b008dc77a90b0486981b4b04312",
  "last_commit_on_b": "e7f29d65c37fb411366b8a3e94b81cac0f84e923",
  "author_info_a": {
    "name": "Daniel Imms",
    "email": "tyriar@tyriar.com"
  },
  "author_info_b": {
    "name": "Sandeep Somavarapu",
    "email": "sasomava@microsoft.com"
  },
  "num_conflict_regions": 1,
  "conflict_region_spans": [
    {
      "conflict_id": 1,
      "a": {
        "start": 84,
        "end": 87
      },
      "base": {
        "start": 84,
        "end": 84
      },
      "b": {
        "start": 84,
        "end": 85
      }
    }
  ]
}