{
  "repository_origin_url": "https://github.com/microsoft/vscode.git",
  "commit_id": "bc72e7ab7e315a346c31cfa0cb77619375f94d6f",
  "commit_date": "Fri, 5 Feb 2021 16:55:20 +0100",
  "commit_message": "wip: support overlay context key service\nrelated to #114901\n\n",
  "conflict_file_id": 62,
  "filename": "src/vs/platform/contextkey/common/contextkey.ts",
  "last_commit_on_a": "c88888aa9bcc76b05779edb21c19eb8c7ebac787",
  "last_commit_on_b": "2033439e485dd3a2b39387e9bd8c94c123501dbe",
  "author_info_a": {
    "name": "Jo\u00e3o Moreno",
    "email": "joao.moreno@microsoft.com"
  },
  "author_info_b": {
    "name": "Johannes Rieken",
    "email": "johannes.rieken@gmail.com"
  },
  "num_conflict_regions": 1,
  "conflict_region_spans": [
    {
      "conflict_id": 1,
      "a": {
        "start": 1276,
        "end": 1277
      },
      "base": {
        "start": 1276,
        "end": 1277
      },
      "b": {
        "start": 1276,
        "end": 1277
      }
    }
  ]
}