{
  "repository_origin_url": "https://github.com/microsoft/vscode.git",
  "commit_id": "8dd7a21bd66d1128a385ff959d9312a2d72ef987",
  "commit_date": "Thu, 11 Feb 2021 12:19:25 -0800",
  "commit_message": "move things back to platform and delete duplicate code\n\n",
  "conflict_file_id": 63,
  "filename": "src/vs/platform/terminal/node/ptyService.ts",
  "last_commit_on_a": "68a47518f87e20189a186e8b636b56d0092ca895",
  "last_commit_on_b": "2869ec9458c0bd55bfd856acb2436c5e5b91d546",
  "author_info_a": {
    "name": "Megan Rogge",
    "email": "merogge@microsoft.com"
  },
  "author_info_b": {
    "name": "Daniel Imms",
    "email": "tyriar@tyriar.com"
  },
  "num_conflict_regions": 2,
  "conflict_region_spans": [
    {
      "conflict_id": 1,
      "a": {
        "start": 15,
        "end": 16
      },
      "base": {
        "start": 15,
        "end": 17
      },
      "b": {
        "start": 15,
        "end": 17
      }
    },
    {
      "conflict_id": 2,
      "a": {
        "start": 42,
        "end": 50
      },
      "base": {
        "start": 43,
        "end": 43
      },
      "b": {
        "start": 43,
        "end": 50
      }
    }
  ]
}