{
  "repository_origin_url": "https://github.com/microsoft/vscode.git",
  "commit_id": "e498c28de118bea79e2be41623382b45c059cc49",
  "commit_date": "Thu, 11 Feb 2021 14:21:40 +0100",
  "commit_message": "Remove languages property from NotebookData and NotebookDocument\n\n",
  "conflict_file_id": 64,
  "filename": "src/vs/workbench/contrib/notebook/test/testNotebookEditor.ts",
  "last_commit_on_a": "ccc28e3726a6d8e2266f9d8990961b22c6e7d6c4",
  "last_commit_on_b": "6c92a6605cb735cf891e497fbb8367fd64a33f3e",
  "author_info_a": {
    "name": "Johannes Rieken",
    "email": "johannes.rieken@gmail.com"
  },
  "author_info_b": {
    "name": "Johannes Rieken",
    "email": "johannes.rieken@gmail.com"
  },
  "num_conflict_regions": 1,
  "conflict_region_spans": [
    {
      "conflict_id": 1,
      "a": {
        "start": 89,
        "end": 90
      },
      "base": {
        "start": 89,
        "end": 90
      },
      "b": {
        "start": 89,
        "end": 102
      }
    }
  ]
}