{
  "repository_origin_url": "https://github.com/microsoft/vscode.git",
  "commit_id": "e498c28de118bea79e2be41623382b45c059cc49",
  "commit_date": "Thu, 11 Feb 2021 11:58:03 +0100",
  "commit_message": "move INotebookKernelInfoDto2 to protocol, separate kernel from dto, renames\n\n",
  "conflict_file_id": 65,
  "filename": "src/vs/workbench/contrib/notebook/common/notebookService.ts",
  "last_commit_on_a": "9737b1aad1034fac8cbb65f4aff5bac355ce93d7",
  "last_commit_on_b": "6c92a6605cb735cf891e497fbb8367fd64a33f3e",
  "author_info_a": {
    "name": "Johannes Rieken",
    "email": "johannes.rieken@gmail.com"
  },
  "author_info_b": {
    "name": "Johannes Rieken",
    "email": "johannes.rieken@gmail.com"
  },
  "num_conflict_regions": 1,
  "conflict_region_spans": [
    {
      "conflict_id": 1,
      "a": {
        "start": 11,
        "end": 12
      },
      "base": {
        "start": 11,
        "end": 15
      },
      "b": {
        "start": 11,
        "end": 15
      }
    }
  ]
}