{
  "repository_origin_url": "https://github.com/microsoft/vscode.git",
  "commit_id": "e498c28de118bea79e2be41623382b45c059cc49",
  "commit_date": "Thu, 11 Feb 2021 12:38:28 +0100",
  "commit_message": "stop using `resolvedLanguages`, only use kernel languages or all languages\n\n",
  "conflict_file_id": 67,
  "filename": "src/vs/workbench/contrib/notebook/browser/notebookEditorWidget.ts",
  "last_commit_on_a": "474e769014cccc35a8389e93562addcacdf8ceb9",
  "last_commit_on_b": "6c92a6605cb735cf891e497fbb8367fd64a33f3e",
  "author_info_a": {
    "name": "Johannes Rieken",
    "email": "johannes.rieken@gmail.com"
  },
  "author_info_b": {
    "name": "Johannes Rieken",
    "email": "johannes.rieken@gmail.com"
  },
  "num_conflict_regions": 1,
  "conflict_region_spans": [
    {
      "conflict_id": 1,
      "a": {
        "start": 67,
        "end": 68
      },
      "base": {
        "start": 67,
        "end": 67
      },
      "b": {
        "start": 67,
        "end": 68
      }
    }
  ]
}