{
  "repository_origin_url": "https://github.com/microsoft/vscode.git",
  "commit_id": "73e5f518cdb167d94f0ec53744b18a2f3c2aceb1",
  "commit_date": "Wed, 10 Feb 2021 19:53:39 -0800",
  "commit_message": "Merge branch 'tyriar_megan_reconnect' into tyriar/megan\n\n",
  "conflict_file_id": 68,
  "filename": "src/vs/workbench/contrib/terminal/electron-browser/terminalInstanceService.ts",
  "last_commit_on_a": "cd9704db38edfc5d6e3d6938c21c4c7d06fe0864",
  "last_commit_on_b": "5de7be246ec61b118fd13e7f03a089235e2d6f27",
  "author_info_a": {
    "name": "Megan Rogge",
    "email": "merogge@microsoft.com"
  },
  "author_info_b": {
    "name": "Daniel Imms",
    "email": "tyriar@tyriar.com"
  },
  "num_conflict_regions": 1,
  "conflict_region_spans": [
    {
      "conflict_id": 1,
      "a": {
        "start": 25,
        "end": 26
      },
      "base": {
        "start": 25,
        "end": 27
      },
      "b": {
        "start": 25,
        "end": 30
      }
    }
  ]
}