{
  "repository_origin_url": "https://github.com/microsoft/vscode.git",
  "commit_id": "73e5f518cdb167d94f0ec53744b18a2f3c2aceb1",
  "commit_date": "Wed, 10 Feb 2021 20:22:57 -0800",
  "commit_message": "add log service\n\n",
  "conflict_file_id": 69,
  "filename": "src/vs/platform/terminal/node/ptyService.ts",
  "last_commit_on_a": "233890f2eb02f3113881e09a228ab6f07c57344c",
  "last_commit_on_b": "5fc19f5f59baf5c732f1c775de1f6a810113b061",
  "author_info_a": {
    "name": "Megan Rogge",
    "email": "merogge@microsoft.com"
  },
  "author_info_b": {
    "name": "Daniel Imms",
    "email": "tyriar@tyriar.com"
  },
  "num_conflict_regions": 1,
  "conflict_region_spans": [
    {
      "conflict_id": 1,
      "a": {
        "start": 8,
        "end": 17
      },
      "base": {
        "start": 8,
        "end": 9
      },
      "b": {
        "start": 8,
        "end": 9
      }
    }
  ]
}