{
  "repository_origin_url": "https://github.com/microsoft/vscode.git",
  "commit_id": "d059d7028ca14b9f88634c04b351e86db1cc36bb",
  "commit_date": "Tue, 6 Apr 2021 11:52:28 +0200",
  "commit_message": "Merge branch 'main' into ben/enable-vscode-file\n\n",
  "conflict_file_id": 6,
  "filename": "src/vs/platform/windows/electron-main/window.ts",
  "last_commit_on_a": "640d5ce0d6ec6a7a20a15c7c88f68a3f56437966",
  "last_commit_on_b": "58186680eb97fe979e1d986bcfa983ab0a6228e4",
  "author_info_a": {
    "name": "Benjamin Pasero",
    "email": "benjamin.pasero@microsoft.com"
  },
  "author_info_b": {
    "name": "Benjamin Pasero",
    "email": "benjamin.pasero@microsoft.com"
  },
  "num_conflict_regions": 1,
  "conflict_region_spans": [
    {
      "conflict_id": 1,
      "a": {
        "start": 211,
        "end": 211
      },
      "base": {
        "start": 211,
        "end": 215
      },
      "b": {
        "start": 211,
        "end": 217
      }
    }
  ]
}