{
  "repository_origin_url": "https://github.com/microsoft/vscode.git",
  "commit_id": "73e5f518cdb167d94f0ec53744b18a2f3c2aceb1",
  "commit_date": "Wed, 10 Feb 2021 15:26:05 -0800",
  "commit_message": "create PersistentTerminalProcess and move terminal and environmentVariable files from workbench -> platform\n\n",
  "conflict_file_id": 70,
  "filename": "src/vs/workbench/contrib/terminal/browser/terminalInstanceService.ts",
  "last_commit_on_a": "da39b7af3ea45f4a3fb7d9e3d045afa4bdb403f5",
  "last_commit_on_b": "1b72bb62498b36b8b4e9e819db40301cfe76e651",
  "author_info_a": {
    "name": "Megan Rogge",
    "email": "merogge@microsoft.com"
  },
  "author_info_b": {
    "name": "Daniel Imms",
    "email": "tyriar@tyriar.com"
  },
  "num_conflict_regions": 1,
  "conflict_region_spans": [
    {
      "conflict_id": 1,
      "a": {
        "start": 15,
        "end": 15
      },
      "base": {
        "start": 15,
        "end": 16
      },
      "b": {
        "start": 15,
        "end": 17
      }
    }
  ]
}