{
  "repository_origin_url": "https://github.com/microsoft/vscode.git",
  "commit_id": "6c92a6605cb735cf891e497fbb8367fd64a33f3e",
  "commit_date": "Tue, 9 Feb 2021 13:46:03 -0800",
  "commit_message": "send mimetype specific metadata to webview\n\n",
  "conflict_file_id": 71,
  "filename": "src/vs/workbench/contrib/notebook/browser/view/renderers/backLayerWebView.ts",
  "last_commit_on_a": "aa1e745af36506d60b9c1c77872b7029f9c4d584",
  "last_commit_on_b": "6dd156d04b2f476b1b9dc77790124749f29f445c",
  "author_info_a": {
    "name": "rebornix",
    "email": "penn.lv@gmail.com"
  },
  "author_info_b": {
    "name": "Matt Bierner",
    "email": "matb@microsoft.com"
  },
  "num_conflict_regions": 3,
  "conflict_region_spans": [
    {
      "conflict_id": 1,
      "a": {
        "start": 20,
        "end": 21
      },
      "base": {
        "start": 20,
        "end": 21
      },
      "b": {
        "start": 20,
        "end": 20
      }
    },
    {
      "conflict_id": 2,
      "a": {
        "start": 23,
        "end": 24
      },
      "base": {
        "start": 23,
        "end": 24
      },
      "b": {
        "start": 22,
        "end": 24
      }
    },
    {
      "conflict_id": 3,
      "a": {
        "start": 317,
        "end": 320
      },
      "base": {
        "start": 317,
        "end": 320
      },
      "b": {
        "start": 317,
        "end": 321
      }
    }
  ]
}