{
  "repository_origin_url": "https://github.com/microsoft/vscode.git",
  "commit_id": "6c92a6605cb735cf891e497fbb8367fd64a33f3e",
  "commit_date": "Fri, 5 Feb 2021 14:34:40 -0800",
  "commit_message": "convert output exthost/main. not optimized.\n\n",
  "conflict_file_id": 73,
  "filename": "src/vs/workbench/contrib/notebook/common/notebookService.ts",
  "last_commit_on_a": "5024a7053a03ef0fc77fa7c2ee084d62ded55cf4",
  "last_commit_on_b": "35f855796b9cd88d3a33af767d6d6aec3479bb83",
  "author_info_a": {
    "name": "rebornix",
    "email": "penn.lv@gmail.com"
  },
  "author_info_b": {
    "name": "Matt Bierner",
    "email": "matb@microsoft.com"
  },
  "num_conflict_regions": 1,
  "conflict_region_spans": [
    {
      "conflict_id": 1,
      "a": {
        "start": 13,
        "end": 14
      },
      "base": {
        "start": 13,
        "end": 14
      },
      "b": {
        "start": 13,
        "end": 14
      }
    }
  ]
}