{
  "repository_origin_url": "https://github.com/microsoft/vscode.git",
  "commit_id": "6c92a6605cb735cf891e497fbb8367fd64a33f3e",
  "commit_date": "Wed, 10 Feb 2021 18:20:40 +0100",
  "commit_message": "Merge branch 'master' into notebook/outputs\n\n",
  "conflict_file_id": 74,
  "filename": "src/vs/workbench/contrib/notebook/browser/notebookServiceImpl.ts",
  "last_commit_on_a": "b881f37fccccd3d731c87b5e52acf1eeb9e6d4aa",
  "last_commit_on_b": "35f855796b9cd88d3a33af767d6d6aec3479bb83",
  "author_info_a": {
    "name": "Johannes Rieken",
    "email": "johannes.rieken@gmail.com"
  },
  "author_info_b": {
    "name": "Matt Bierner",
    "email": "matb@microsoft.com"
  },
  "num_conflict_regions": 1,
  "conflict_region_spans": [
    {
      "conflict_id": 1,
      "a": {
        "start": 35,
        "end": 36
      },
      "base": {
        "start": 35,
        "end": 36
      },
      "b": {
        "start": 35,
        "end": 37
      }
    }
  ]
}