{
  "repository_origin_url": "https://github.com/microsoft/vscode.git",
  "commit_id": "6c92a6605cb735cf891e497fbb8367fd64a33f3e",
  "commit_date": "Thu, 4 Feb 2021 16:10:36 -0800",
  "commit_message": "reuse display output as the single output type for rendering\n\n",
  "conflict_file_id": 75,
  "filename": "src/vs/workbench/contrib/notebook/browser/diff/notebookTextDiffEditor.ts",
  "last_commit_on_a": "4d6d2266fac8a40890b1839d6c9ac9e28fe35bf6",
  "last_commit_on_b": "35f855796b9cd88d3a33af767d6d6aec3479bb83",
  "author_info_a": {
    "name": "rebornix",
    "email": "penn.lv@gmail.com"
  },
  "author_info_b": {
    "name": "Matt Bierner",
    "email": "matb@microsoft.com"
  },
  "num_conflict_regions": 1,
  "conflict_region_spans": [
    {
      "conflict_id": 1,
      "a": {
        "start": 26,
        "end": 27
      },
      "base": {
        "start": 26,
        "end": 27
      },
      "b": {
        "start": 26,
        "end": 27
      }
    }
  ]
}