{
  "repository_origin_url": "https://github.com/microsoft/vscode.git",
  "commit_id": "6c92a6605cb735cf891e497fbb8367fd64a33f3e",
  "commit_date": "Wed, 10 Feb 2021 19:14:22 +0100",
  "commit_message": "remove CellOutputKind type\n\n",
  "conflict_file_id": 76,
  "filename": "src/vs/workbench/api/common/extHostTypes.ts",
  "last_commit_on_a": "cf7fc3918f88e0b6049da2b3c096cbe23719e8e5",
  "last_commit_on_b": "969910839d95a11ecf935a7cfc5a28d8e03d4d85",
  "author_info_a": {
    "name": "Johannes Rieken",
    "email": "johannes.rieken@gmail.com"
  },
  "author_info_b": {
    "name": "Johannes Rieken",
    "email": "johannes.rieken@gmail.com"
  },
  "num_conflict_regions": 1,
  "conflict_region_spans": [
    {
      "conflict_id": 1,
      "a": {
        "start": 16,
        "end": 17
      },
      "base": {
        "start": 16,
        "end": 17
      },
      "b": {
        "start": 16,
        "end": 17
      }
    }
  ]
}