{
  "repository_origin_url": "https://github.com/microsoft/vscode.git",
  "commit_id": "6c92a6605cb735cf891e497fbb8367fd64a33f3e",
  "commit_date": "Wed, 10 Feb 2021 19:14:35 +0100",
  "commit_message": "fix metadata complile error\n\n",
  "conflict_file_id": 77,
  "filename": "src/vs/workbench/contrib/notebook/common/notebookCommon.ts",
  "last_commit_on_a": "6ed5c53fb7e8e25d7cea50aadb53b5f09948a5e9",
  "last_commit_on_b": "35f855796b9cd88d3a33af767d6d6aec3479bb83",
  "author_info_a": {
    "name": "Johannes Rieken",
    "email": "johannes.rieken@gmail.com"
  },
  "author_info_b": {
    "name": "Matt Bierner",
    "email": "matb@microsoft.com"
  },
  "num_conflict_regions": 1,
  "conflict_region_spans": [
    {
      "conflict_id": 1,
      "a": {
        "start": 136,
        "end": 136
      },
      "base": {
        "start": 136,
        "end": 157
      },
      "b": {
        "start": 136,
        "end": 164
      }
    }
  ]
}