{
  "repository_origin_url": "https://github.com/microsoft/vscode.git",
  "commit_id": "b717d1349293a7007463f05cb7866aab225ed0e1",
  "commit_date": "Fri, 8 Jan 2021 09:49:09 +0100",
  "commit_message": "Zoom: remove webFrame dependency from renderer (has bugs) (fix #108920)\n\n",
  "conflict_file_id": 79,
  "filename": "src/vs/base/parts/sandbox/electron-sandbox/globals.ts",
  "last_commit_on_a": "954e84d448538380fc4faeb8b49bf2b2e3f65720",
  "last_commit_on_b": "f5ac4f42cc25b96531b73c8d34375a00406ddb2f",
  "author_info_a": {
    "name": "Benjamin Pasero",
    "email": "benjpas@microsoft.com"
  },
  "author_info_b": {
    "name": "Benjamin Pasero",
    "email": "benjpas@microsoft.com"
  },
  "num_conflict_regions": 2,
  "conflict_region_spans": [
    {
      "conflict_id": 1,
      "a": {
        "start": 6,
        "end": 8
      },
      "base": {
        "start": 6,
        "end": 8
      },
      "b": {
        "start": 6,
        "end": 8
      }
    },
    {
      "conflict_id": 2,
      "a": {
        "start": 113,
        "end": 113
      },
      "base": {
        "start": 113,
        "end": 114
      },
      "b": {
        "start": 113,
        "end": 115
      }
    }
  ]
}