{
  "repository_origin_url": "https://github.com/microsoft/vscode.git",
  "commit_id": "d059d7028ca14b9f88634c04b351e86db1cc36bb",
  "commit_date": "Sat, 27 Feb 2021 08:40:05 +0000",
  "commit_message": "Merge branch 'main' into ben/enable-vscode-file\n\n",
  "conflict_file_id": 7,
  "filename": "src/vs/base/common/network.ts",
  "last_commit_on_a": "4fc2f863f77adbb01292d79af34097ef7d68cbac",
  "last_commit_on_b": "58186680eb97fe979e1d986bcfa983ab0a6228e4",
  "author_info_a": {
    "name": "Benjamin Pasero",
    "email": "benjpas@microsoft.com"
  },
  "author_info_b": {
    "name": "Benjamin Pasero",
    "email": "benjamin.pasero@microsoft.com"
  },
  "num_conflict_regions": 1,
  "conflict_region_spans": [
    {
      "conflict_id": 1,
      "a": {
        "start": 164,
        "end": 165
      },
      "base": {
        "start": 164,
        "end": 166
      },
      "b": {
        "start": 164,
        "end": 166
      }
    }
  ]
}