{
  "repository_origin_url": "https://github.com/microsoft/vscode.git",
  "commit_id": "37e41cbfc4a054acb8d80a5f559959991dac7f5d",
  "commit_date": "Wed, 10 Feb 2021 21:20:58 +0100",
  "commit_message": "Merge branch 'master' into sandy081/settingsSync/align\n\n",
  "conflict_file_id": 80,
  "filename": "src/vs/workbench/contrib/update/browser/update.ts",
  "last_commit_on_a": "f57bdeab80e15859c24664038ff4273b572f77c3",
  "last_commit_on_b": "20b8e5fddd203964e164ddaac99664dfc2f3a544",
  "author_info_a": {
    "name": "Sandeep Somavarapu",
    "email": "sasomava@microsoft.com"
  },
  "author_info_b": {
    "name": "Ladislau Szomoru",
    "email": "3372902+lszomoru@users.noreply.github.com"
  },
  "num_conflict_regions": 1,
  "conflict_region_spans": [
    {
      "conflict_id": 1,
      "a": {
        "start": 543,
        "end": 594
      },
      "base": {
        "start": 543,
        "end": 549
      },
      "b": {
        "start": 543,
        "end": 549
      }
    }
  ]
}