{
  "repository_origin_url": "https://github.com/microsoft/vscode.git",
  "commit_id": "e3d0d9c00cf4f2e3cdbc16736b601f72ff06f148",
  "commit_date": "Fri, 5 Feb 2021 16:11:47 -0800",
  "commit_message": "append/replace output items\n\n",
  "conflict_file_id": 81,
  "filename": "src/vs/vscode.proposed.d.ts",
  "last_commit_on_a": "03fdd53f968cfca3b789e21634beb0ab4415a34e",
  "last_commit_on_b": "d0205792b0e01ae323cd9c7ef4c10b517e820da4",
  "author_info_a": {
    "name": "rebornix",
    "email": "penn.lv@gmail.com"
  },
  "author_info_b": {
    "name": "Johannes Rieken",
    "email": "johannes.rieken@gmail.com"
  },
  "num_conflict_regions": 2,
  "conflict_region_spans": [
    {
      "conflict_id": 1,
      "a": {
        "start": 1084,
        "end": 1087
      },
      "base": {
        "start": 1084,
        "end": 1088
      },
      "b": {
        "start": 1084,
        "end": 1089
      }
    },
    {
      "conflict_id": 2,
      "a": {
        "start": 1506,
        "end": 1508
      },
      "base": {
        "start": 1507,
        "end": 1508
      },
      "b": {
        "start": 1508,
        "end": 1510
      }
    }
  ]
}