{
  "repository_origin_url": "https://github.com/microsoft/vscode.git",
  "commit_id": "bfa8e4e400562585e93024ed8bc349c866e857b7",
  "commit_date": "Thu, 4 Feb 2021 13:01:18 -0800",
  "commit_message": "Move configure terminal settings to registerAction2\n\n",
  "conflict_file_id": 82,
  "filename": "src/vs/workbench/contrib/terminal/browser/terminalActions.ts",
  "last_commit_on_a": "28b81efa20f1f332bfec4bfd1682ba713f1bc25e",
  "last_commit_on_b": "7c0be00b979a865a2cb49cc5a447d7ccefd2b227",
  "author_info_a": {
    "name": "Daniel Imms",
    "email": "tyriar@tyriar.com"
  },
  "author_info_b": {
    "name": "Megan Rogge",
    "email": "megan.rogge@microsoft.com"
  },
  "num_conflict_regions": 2,
  "conflict_region_spans": [
    {
      "conflict_id": 1,
      "a": {
        "start": 38,
        "end": 49
      },
      "base": {
        "start": 38,
        "end": 40
      },
      "b": {
        "start": 38,
        "end": 41
      }
    },
    {
      "conflict_id": 2,
      "a": {
        "start": 94,
        "end": 94
      },
      "base": {
        "start": 85,
        "end": 203
      },
      "b": {
        "start": 86,
        "end": 208
      }
    }
  ]
}