{
  "repository_origin_url": "https://github.com/microsoft/vscode.git",
  "commit_id": "abc7ec3ad3bc0c11820f0be5dee61db4f489c5ff",
  "commit_date": "Thu, 4 Feb 2021 22:56:50 +0000",
  "commit_message": "Merge branch 'master' into feature/selection-paste-in-terminal\n\n",
  "conflict_file_id": 83,
  "filename": "src/vs/workbench/contrib/terminal/browser/terminal.contribution.ts",
  "last_commit_on_a": "ab34fa90e9969ff883163f49654541530b19f1c8",
  "last_commit_on_b": "db2809fe44335e484a502a5a42b8e4d59a5772bf",
  "author_info_a": {
    "name": "Adrian Wilkins",
    "email": "adrian.wilkins@infinityworks.com"
  },
  "author_info_b": {
    "name": "Adrian Wilkins",
    "email": "adrian.wilkins@infinityworks.com"
  },
  "num_conflict_regions": 1,
  "conflict_region_spans": [
    {
      "conflict_id": 1,
      "a": {
        "start": 22,
        "end": 23
      },
      "base": {
        "start": 22,
        "end": 23
      },
      "b": {
        "start": 22,
        "end": 23
      }
    }
  ]
}