{
  "repository_origin_url": "https://github.com/microsoft/vscode.git",
  "commit_id": "ab34fa90e9969ff883163f49654541530b19f1c8",
  "commit_date": "Fri, 11 Dec 2020 15:24:14 +0000",
  "commit_message": "Merge branch 'master' into feature/selection-paste-in-terminal\n\n",
  "conflict_file_id": 84,
  "filename": "src/vs/workbench/contrib/terminal/browser/terminal.contribution.ts",
  "last_commit_on_a": "db2809fe44335e484a502a5a42b8e4d59a5772bf",
  "last_commit_on_b": "7690293ae208f91f4e3612e309ac130a85244486",
  "author_info_a": {
    "name": "Adrian Wilkins",
    "email": "adrian.wilkins@infinityworks.com"
  },
  "author_info_b": {
    "name": "Sandeep Somavarapu",
    "email": "sasomava@microsoft.com"
  },
  "num_conflict_regions": 1,
  "conflict_region_spans": [
    {
      "conflict_id": 1,
      "a": {
        "start": 22,
        "end": 23
      },
      "base": {
        "start": 22,
        "end": 23
      },
      "b": {
        "start": 22,
        "end": 23
      }
    }
  ]
}