{
  "repository_origin_url": "https://github.com/microsoft/vscode.git",
  "commit_id": "116f8f61e1fd1bed1bcddcd2c9db671e03ab0485",
  "commit_date": "Tue, 19 Jan 2021 04:28:36 -0800",
  "commit_message": "wip\n\n",
  "conflict_file_id": 85,
  "filename": "src/vs/workbench/contrib/terminal/browser/terminal.contribution.ts",
  "last_commit_on_a": "03c59637b6933a1c9896fa28f5e0a26cb7a22cb7",
  "last_commit_on_b": "7690293ae208f91f4e3612e309ac130a85244486",
  "author_info_a": {
    "name": "Daniel Imms",
    "email": "tyriar@tyriar.com"
  },
  "author_info_b": {
    "name": "Sandeep Somavarapu",
    "email": "sasomava@microsoft.com"
  },
  "num_conflict_regions": 1,
  "conflict_region_spans": [
    {
      "conflict_id": 1,
      "a": {
        "start": 22,
        "end": 23
      },
      "base": {
        "start": 22,
        "end": 23
      },
      "b": {
        "start": 22,
        "end": 23
      }
    }
  ]
}