{
  "repository_origin_url": "https://github.com/microsoft/vscode.git",
  "commit_id": "2525f3e27632ba3096f7136ee51149f8709602c7",
  "commit_date": "Fri, 1 Jan 2021 21:20:12 -0600",
  "commit_message": "rename run to exec for consistency\n\n",
  "conflict_file_id": 87,
  "filename": "extensions/git/src/git.ts",
  "last_commit_on_a": "3563e2b7403537f104daaa08f57909442ff4c255",
  "last_commit_on_b": "e6d5a20944074d2a74985a4eb169b8d96594b7ea",
  "author_info_a": {
    "name": "Nick Rayburn",
    "email": "nrayburn@cybermemphis.com"
  },
  "author_info_b": {
    "name": "Eric Amodio",
    "email": "eamodio@microsoft.com"
  },
  "num_conflict_regions": 4,
  "conflict_region_spans": [
    {
      "conflict_id": 1,
      "a": {
        "start": 1630,
        "end": 1631
      },
      "base": {
        "start": 1630,
        "end": 1631
      },
      "b": {
        "start": 1630,
        "end": 1634
      }
    },
    {
      "conflict_id": 2,
      "a": {
        "start": 1699,
        "end": 1700
      },
      "base": {
        "start": 1699,
        "end": 1700
      },
      "b": {
        "start": 1702,
        "end": 1703
      }
    },
    {
      "conflict_id": 3,
      "a": {
        "start": 1977,
        "end": 1988
      },
      "base": {
        "start": 1977,
        "end": 1988
      },
      "b": {
        "start": 1980,
        "end": 1985
      }
    },
    {
      "conflict_id": 4,
      "a": {
        "start": 1990,
        "end": 2012
      },
      "base": {
        "start": 1990,
        "end": 2012
      },
      "b": {
        "start": 1987,
        "end": 2000
      }
    }
  ]
}