{
  "repository_origin_url": "https://github.com/microsoft/vscode.git",
  "commit_id": "c3c0db94f3d6930066fdd501256d77c484dd61af",
  "commit_date": "Mon, 1 Feb 2021 21:01:38 -0800",
  "commit_message": "transient metadata should be used to control the content change and dirty state.\n\n",
  "conflict_file_id": 88,
  "filename": "src/vs/vscode.proposed.d.ts",
  "last_commit_on_a": "d45a8915d277d2c2b2603e882e6077c2ce3f1cae",
  "last_commit_on_b": "7e714f4d25e64dd57ca78c166a4956bd140abe0b",
  "author_info_a": {
    "name": "rebornix",
    "email": "penn.lv@gmail.com"
  },
  "author_info_b": {
    "name": "Johannes Rieken",
    "email": "johannes.rieken@gmail.com"
  },
  "num_conflict_regions": 1,
  "conflict_region_spans": [
    {
      "conflict_id": 1,
      "a": {
        "start": 1240,
        "end": 1240
      },
      "base": {
        "start": 1240,
        "end": 1266
      },
      "b": {
        "start": 1240,
        "end": 1264
      }
    }
  ]
}