{
  "repository_origin_url": "https://github.com/microsoft/vscode.git",
  "commit_id": "92089800007ce33616f459c30b988fdca642583f",
  "commit_date": "Thu, 24 Sep 2020 15:10:53 -0500",
  "commit_message": "Merge branch 'master' into roblou/notebookRandomActionTest\n\n",
  "conflict_file_id": 89,
  "filename": "test/smoke/src/main.ts",
  "last_commit_on_a": "d83eafe34fde0eed01f6cf510479aa4ff5c88992",
  "last_commit_on_b": "00f8540d793cb5eac1333f35fd68a355d89639f0",
  "author_info_a": {
    "name": "Rob Lourens",
    "email": "roblourens@gmail.com"
  },
  "author_info_b": {
    "name": "Alexandru Dima",
    "email": "alexdima@microsoft.com"
  },
  "num_conflict_regions": 1,
  "conflict_region_spans": [
    {
      "conflict_id": 1,
      "a": {
        "start": 282,
        "end": 284
      },
      "base": {
        "start": 282,
        "end": 284
      },
      "b": {
        "start": 282,
        "end": 284
      }
    }
  ]
}