{
  "repository_origin_url": "https://github.com/microsoft/vscode.git",
  "commit_id": "bb4b451c17be3bea4536b72c40d61cfe71f8613f",
  "commit_date": "Thu, 1 Apr 2021 15:53:15 -0700",
  "commit_message": "move layout cell into cell list.\n\n",
  "conflict_file_id": 8,
  "filename": "src/vs/workbench/contrib/notebook/browser/view/notebookCellList.ts",
  "last_commit_on_a": "b0a7f84a1783e04a1774cd804b5d223e65ad6f14",
  "last_commit_on_b": "f6b67b6cc32bf0aebb0176f989f2de228b0fa56c",
  "author_info_a": {
    "name": "rebornix",
    "email": "penn.lv@gmail.com"
  },
  "author_info_b": {
    "name": "Matt Bierner",
    "email": "matb@microsoft.com"
  },
  "num_conflict_regions": 3,
  "conflict_region_spans": [
    {
      "conflict_id": 1,
      "a": {
        "start": 11,
        "end": 12
      },
      "base": {
        "start": 11,
        "end": 12
      },
      "b": {
        "start": 11,
        "end": 12
      }
    },
    {
      "conflict_id": 2,
      "a": {
        "start": 266,
        "end": 273
      },
      "base": {
        "start": 266,
        "end": 273
      },
      "b": {
        "start": 266,
        "end": 266
      }
    },
    {
      "conflict_id": 3,
      "a": {
        "start": 278,
        "end": 290
      },
      "base": {
        "start": 278,
        "end": 290
      },
      "b": {
        "start": 271,
        "end": 271
      }
    }
  ]
}