{
  "repository_origin_url": "https://github.com/microsoft/vscode.git",
  "commit_id": "b32d137681dbfc7c9112fd8489d28764c6333632",
  "commit_date": "Thu, 14 Jan 2021 18:08:47 -0800",
  "commit_message": "Downgrade simple browser to prompt instead of being the default on web\nWe need more testing in codespaces before enabling it automatically\n\n",
  "conflict_file_id": 90,
  "filename": "extensions/simple-browser/src/extension.ts",
  "last_commit_on_a": "d87041eddef956f7a18fe8fe5cdb6e9a9be110cf",
  "last_commit_on_b": "47aa3ad09ab147001d73bd150e90eeb9dbcbac8d",
  "author_info_a": {
    "name": "Matt Bierner",
    "email": "matb@microsoft.com"
  },
  "author_info_b": {
    "name": "Matt Bierner",
    "email": "matb@microsoft.com"
  },
  "num_conflict_regions": 3,
  "conflict_region_spans": [
    {
      "conflict_id": 1,
      "a": {
        "start": 51,
        "end": 56
      },
      "base": {
        "start": 51,
        "end": 67
      },
      "b": {
        "start": 51,
        "end": 59
      }
    },
    {
      "conflict_id": 2,
      "a": {
        "start": 58,
        "end": 59
      },
      "base": {
        "start": 69,
        "end": 70
      },
      "b": {
        "start": 61,
        "end": 62
      }
    },
    {
      "conflict_id": 3,
      "a": {
        "start": 60,
        "end": 64
      },
      "base": {
        "start": 71,
        "end": 73
      },
      "b": {
        "start": 63,
        "end": 65
      }
    }
  ]
}