{
  "repository_origin_url": "https://github.com/microsoft/vscode.git",
  "commit_id": "b32d137681dbfc7c9112fd8489d28764c6333632",
  "commit_date": "Thu, 14 Jan 2021 17:43:52 -0800",
  "commit_message": "Move defaultExternalUriOpenerId into configuration to avoid cycle\n\n",
  "conflict_file_id": 91,
  "filename": "src/vs/workbench/contrib/externalUriOpener/common/configuration.ts",
  "last_commit_on_a": "4207c4ee13ef8102cf7324670d6fb80d0f50d7f8",
  "last_commit_on_b": "47aa3ad09ab147001d73bd150e90eeb9dbcbac8d",
  "author_info_a": {
    "name": "Matt Bierner",
    "email": "matb@microsoft.com"
  },
  "author_info_b": {
    "name": "Matt Bierner",
    "email": "matb@microsoft.com"
  },
  "num_conflict_regions": 3,
  "conflict_region_spans": [
    {
      "conflict_id": 1,
      "a": {
        "start": 9,
        "end": 13
      },
      "base": {
        "start": 9,
        "end": 9
      },
      "b": {
        "start": 9,
        "end": 10
      }
    },
    {
      "conflict_id": 2,
      "a": {
        "start": 21,
        "end": 38
      },
      "base": {
        "start": 17,
        "end": 17
      },
      "b": {
        "start": 18,
        "end": 23
      }
    },
    {
      "conflict_id": 3,
      "a": {
        "start": 59,
        "end": 72
      },
      "base": {
        "start": 38,
        "end": 40
      },
      "b": {
        "start": 44,
        "end": 51
      }
    }
  ]
}