{
  "repository_origin_url": "https://github.com/microsoft/vscode.git",
  "commit_id": "b32d137681dbfc7c9112fd8489d28764c6333632",
  "commit_date": "Tue, 19 Jan 2021 11:45:49 +0100",
  "commit_message": "add open tunnels to test resolver\n\n",
  "conflict_file_id": 92,
  "filename": "extensions/vscode-test-resolver/src/extension.ts",
  "last_commit_on_a": "ff393a3349e5efca1bc1e4680d653b82cf6caf9f",
  "last_commit_on_b": "31a15b5b9a30d3c1f2b6cbd5ddffb80494294569",
  "author_info_a": {
    "name": "Martin Aeschlimann",
    "email": "martinae@microsoft.com"
  },
  "author_info_b": {
    "name": "Alex Dima",
    "email": "alexdima@microsoft.com"
  },
  "num_conflict_regions": 1,
  "conflict_region_spans": [
    {
      "conflict_id": 1,
      "a": {
        "start": 227,
        "end": 243
      },
      "base": {
        "start": 227,
        "end": 229
      },
      "b": {
        "start": 227,
        "end": 240
      }
    }
  ]
}