{
  "repository_origin_url": "https://github.com/microsoft/vscode.git",
  "commit_id": "b32d137681dbfc7c9112fd8489d28764c6333632",
  "commit_date": "Fri, 15 Jan 2021 17:02:32 +0000",
  "commit_message": "adopt useCustom for permanent connection failure\n\n",
  "conflict_file_id": 93,
  "filename": "src/vs/workbench/contrib/remote/browser/remote.ts",
  "last_commit_on_a": "7c4248780c846d030f1359a75b4af36120e6a302",
  "last_commit_on_b": "2774f79df3f3dca7344c757f3d1af4f6b0fc1395",
  "author_info_a": {
    "name": "SteVen Batten",
    "email": "6561887+sbatten@users.noreply.github.com"
  },
  "author_info_b": {
    "name": "Alex Dima",
    "email": "alexdima@microsoft.com"
  },
  "num_conflict_regions": 1,
  "conflict_region_spans": [
    {
      "conflict_id": 1,
      "a": {
        "start": 57,
        "end": 59
      },
      "base": {
        "start": 57,
        "end": 57
      },
      "b": {
        "start": 57,
        "end": 58
      }
    }
  ]
}