{
  "repository_origin_url": "https://github.com/microsoft/vscode.git",
  "commit_id": "b32d137681dbfc7c9112fd8489d28764c6333632",
  "commit_date": "Thu, 14 Jan 2021 16:33:02 -0800",
  "commit_message": "Continue work on url opener api\nFor #109277\n\n- Add `option` opener priority. This means the oper will only be shown if requested but will not replace the default opener\n- Persist registered openers for IntelliSense suggestions\n\n",
  "conflict_file_id": 94,
  "filename": "src/vs/workbench/api/common/extHostUriOpener.ts",
  "last_commit_on_a": "cc5e8b22faf55984a7751e6776dbea63d88a6dcf",
  "last_commit_on_b": "47aa3ad09ab147001d73bd150e90eeb9dbcbac8d",
  "author_info_a": {
    "name": "Matt Bierner",
    "email": "matb@microsoft.com"
  },
  "author_info_b": {
    "name": "Matt Bierner",
    "email": "matb@microsoft.com"
  },
  "num_conflict_regions": 4,
  "conflict_region_spans": [
    {
      "conflict_id": 1,
      "a": {
        "start": 40,
        "end": 43
      },
      "base": {
        "start": 40,
        "end": 41
      },
      "b": {
        "start": 40,
        "end": 44
      }
    },
    {
      "conflict_id": 2,
      "a": {
        "start": 58,
        "end": 63
      },
      "base": {
        "start": 56,
        "end": 74
      },
      "b": {
        "start": 59,
        "end": 78
      }
    },
    {
      "conflict_id": 3,
      "a": {
        "start": 64,
        "end": 66
      },
      "base": {
        "start": 75,
        "end": 76
      },
      "b": {
        "start": 79,
        "end": 80
      }
    },
    {
      "conflict_id": 4,
      "a": {
        "start": 68,
        "end": 70
      },
      "base": {
        "start": 78,
        "end": 80
      },
      "b": {
        "start": 82,
        "end": 84
      }
    }
  ]
}