{
  "repository_origin_url": "https://github.com/microsoft/vscode.git",
  "commit_id": "b32d137681dbfc7c9112fd8489d28764c6333632",
  "commit_date": "Tue, 19 Jan 2021 17:06:06 +0100",
  "commit_message": "Use port auto forwarding setting to disable port finding (#114574)\n\n",
  "conflict_file_id": 95,
  "filename": "src/vs/workbench/api/common/extHost.protocol.ts",
  "last_commit_on_a": "c0c033ff4f7bbb03a26386414fdb09d1c35311fb",
  "last_commit_on_b": "47aa3ad09ab147001d73bd150e90eeb9dbcbac8d",
  "author_info_a": {
    "name": "Alex Ross",
    "email": "alros@microsoft.com"
  },
  "author_info_b": {
    "name": "Matt Bierner",
    "email": "matb@microsoft.com"
  },
  "num_conflict_regions": 1,
  "conflict_region_spans": [
    {
      "conflict_id": 1,
      "a": {
        "start": 818,
        "end": 820
      },
      "base": {
        "start": 818,
        "end": 820
      },
      "b": {
        "start": 818,
        "end": 820
      }
    }
  ]
}