{
  "repository_origin_url": "https://github.com/microsoft/vscode.git",
  "commit_id": "b32d137681dbfc7c9112fd8489d28764c6333632",
  "commit_date": "Thu, 14 Jan 2021 16:33:02 -0800",
  "commit_message": "Continue work on url opener api\nFor #109277\n\n- Add `option` opener priority. This means the oper will only be shown if requested but will not replace the default opener\n- Persist registered openers for IntelliSense suggestions\n\n",
  "conflict_file_id": 96,
  "filename": "src/vs/workbench/api/browser/mainThreadUriOpeners.ts",
  "last_commit_on_a": "cc5e8b22faf55984a7751e6776dbea63d88a6dcf",
  "last_commit_on_b": "47aa3ad09ab147001d73bd150e90eeb9dbcbac8d",
  "author_info_a": {
    "name": "Matt Bierner",
    "email": "matb@microsoft.com"
  },
  "author_info_b": {
    "name": "Matt Bierner",
    "email": "matb@microsoft.com"
  },
  "num_conflict_regions": 11,
  "conflict_region_spans": [
    {
      "conflict_id": 1,
      "a": {
        "start": 6,
        "end": 7
      },
      "base": {
        "start": 6,
        "end": 7
      },
      "b": {
        "start": 6,
        "end": 8
      }
    },
    {
      "conflict_id": 2,
      "a": {
        "start": 12,
        "end": 14
      },
      "base": {
        "start": 12,
        "end": 12
      },
      "b": {
        "start": 13,
        "end": 14
      }
    },
    {
      "conflict_id": 3,
      "a": {
        "start": 15,
        "end": 17
      },
      "base": {
        "start": 13,
        "end": 14
      },
      "b": {
        "start": 15,
        "end": 17
      }
    },
    {
      "conflict_id": 4,
      "a": {
        "start": 30,
        "end": 32
      },
      "base": {
        "start": 27,
        "end": 28
      },
      "b": {
        "start": 30,
        "end": 31
      }
    },
    {
      "conflict_id": 5,
      "a": {
        "start": 57,
        "end": 61
      },
      "base": {
        "start": 53,
        "end": 57
      },
      "b": {
        "start": 56,
        "end": 60
      }
    },
    {
      "conflict_id": 6,
      "a": {
        "start": 62,
        "end": 62
      },
      "base": {
        "start": 58,
        "end": 62
      },
      "b": {
        "start": 61,
        "end": 64
      }
    },
    {
      "conflict_id": 7,
      "a": {
        "start": 64,
        "end": 65
      },
      "base": {
        "start": 64,
        "end": 66
      },
      "b": {
        "start": 66,
        "end": 68
      }
    },
    {
      "conflict_id": 8,
      "a": {
        "start": 66,
        "end": 67
      },
      "base": {
        "start": 67,
        "end": 68
      },
      "b": {
        "start": 69,
        "end": 70
      }
    },
    {
      "conflict_id": 9,
      "a": {
        "start": 68,
        "end": 79
      },
      "base": {
        "start": 69,
        "end": 72
      },
      "b": {
        "start": 71,
        "end": 80
      }
    },
    {
      "conflict_id": 10,
      "a": {
        "start": 99,
        "end": 101
      },
      "base": {
        "start": 92,
        "end": 92
      },
      "b": {
        "start": 100,
        "end": 102
      }
    },
    {
      "conflict_id": 11,
      "a": {
        "start": 103,
        "end": 106
      },
      "base": {
        "start": 94,
        "end": 96
      },
      "b": {
        "start": 104,
        "end": 106
      }
    }
  ]
}