{
  "repository_origin_url": "https://github.com/microsoft/vscode.git",
  "commit_id": "84865c05eccc045d38b68c0f2cd66be8fce269cb",
  "commit_date": "Mon, 18 Jan 2021 11:16:53 +0100",
  "commit_message": "use URI for VSIX paths\n\n",
  "conflict_file_id": 97,
  "filename": "src/vs/code/node/cliProcessMain.ts",
  "last_commit_on_a": "22e02e008049622519e11041550c34774c71128d",
  "last_commit_on_b": "ff9fbcb077b097d7ffb074f04f6301476578abc3",
  "author_info_a": {
    "name": "Martin Aeschlimann",
    "email": "martinae@microsoft.com"
  },
  "author_info_b": {
    "name": "Benjamin Pasero",
    "email": "benjpas@microsoft.com"
  },
  "num_conflict_regions": 5,
  "conflict_region_spans": [
    {
      "conflict_id": 1,
      "a": {
        "start": 6,
        "end": 7
      },
      "base": {
        "start": 6,
        "end": 7
      },
      "b": {
        "start": 6,
        "end": 8
      }
    },
    {
      "conflict_id": 2,
      "a": {
        "start": 8,
        "end": 8
      },
      "base": {
        "start": 8,
        "end": 9
      },
      "b": {
        "start": 9,
        "end": 10
      }
    },
    {
      "conflict_id": 3,
      "a": {
        "start": 9,
        "end": 9
      },
      "base": {
        "start": 10,
        "end": 11
      },
      "b": {
        "start": 11,
        "end": 12
      }
    },
    {
      "conflict_id": 4,
      "a": {
        "start": 69,
        "end": 71
      },
      "base": {
        "start": 71,
        "end": 207
      },
      "b": {
        "start": 72,
        "end": 208
      }
    },
    {
      "conflict_id": 5,
      "a": {
        "start": 73,
        "end": 75
      },
      "base": {
        "start": 209,
        "end": 327
      },
      "b": {
        "start": 210,
        "end": 328
      }
    }
  ]
}