{
  "repository_origin_url": "https://github.com/microsoft/vscode.git",
  "commit_id": "3c2c937f991d87067f5dca14e2e4f25fa2da17e3",
  "commit_date": "Mon, 18 Jan 2021 17:24:23 +0800",
  "commit_message": "Avoid ts changes (#2)\n* Add ts server for inline hints\n\n* Add some feature related configure\n\n* Add more config\n\n* Rename all options\n\n* Support range\n\n* Add new contribution point to allow specific context menu of inline hints.\n\n* Fix filename\n\n* Pass range into command\n\n* Support trigger position and prefix/postfix\n\n* Support hover message and contextValue\n\n* Add event listener\n\n* Avoid demo command\n\n* Avoid ts changes\n",
  "conflict_file_id": 98,
  "filename": "src/vs/platform/actions/common/actions.ts",
  "last_commit_on_a": "fcc00b29f5e2d5265f76e3881a5a057787bb8651",
  "last_commit_on_b": "40d6f79875b2ad8c4755773243263686679e9cc6",
  "author_info_a": {
    "name": "Wenlu Wang",
    "email": "kingwenlu@gmail.com"
  },
  "author_info_b": {
    "name": "isidor",
    "email": "inikolic@microsoft.com"
  },
  "num_conflict_regions": 1,
  "conflict_region_spans": [
    {
      "conflict_id": 1,
      "a": {
        "start": 151,
        "end": 153
      },
      "base": {
        "start": 151,
        "end": 152
      },
      "b": {
        "start": 151,
        "end": 151
      }
    }
  ]
}