{
  "repository_origin_url": "https://github.com/microsoft/vscode.git",
  "commit_id": "0324150670f1dd8d3fedfbe96d06aa894c28511d",
  "commit_date": "Fri, 8 Jan 2021 16:13:26 +0100",
  "commit_message": "bulk file edits: make sure to use textFileService when creating files\n\n",
  "conflict_file_id": 99,
  "filename": "src/vs/workbench/contrib/files/browser/editors/textFileEditor.ts",
  "last_commit_on_a": "8ae693bee2c5f24375d7b5caf9f45dd2dad2a102",
  "last_commit_on_b": "7a8c7f5731262df445c8270dc4f5a992aca32add",
  "author_info_a": {
    "name": "isidor",
    "email": "inikolic@microsoft.com"
  },
  "author_info_b": {
    "name": "Benjamin Pasero",
    "email": "benjpas@microsoft.com"
  },
  "num_conflict_regions": 1,
  "conflict_region_spans": [
    {
      "conflict_id": 1,
      "a": {
        "start": 179,
        "end": 188
      },
      "base": {
        "start": 179,
        "end": 188
      },
      "b": {
        "start": 179,
        "end": 190
      }
    }
  ]
}