{
  "repository_origin_url": "https://github.com/microsoft/vscode.git",
  "commit_id": "ef1e9bfa2ca8e107238b957ec02356c23d69ebb2",
  "commit_date": "Wed, 31 Mar 2021 19:51:04 -0700",
  "commit_message": "cellAt can actually return undefined.\n\n",
  "conflict_file_id": 9,
  "filename": "src/vs/workbench/contrib/notebook/browser/notebookEditorWidget.ts",
  "last_commit_on_a": "78a974700f6d7e63e6591b714ab3f5e41314ea9c",
  "last_commit_on_b": "470e37c3d85b547a81c1253c3165619bafe65c89",
  "author_info_a": {
    "name": "rebornix",
    "email": "penn.lv@gmail.com"
  },
  "author_info_b": {
    "name": "Matt Bierner",
    "email": "matb@microsoft.com"
  },
  "num_conflict_regions": 2,
  "conflict_region_spans": [
    {
      "conflict_id": 1,
      "a": {
        "start": 1147,
        "end": 1161
      },
      "base": {
        "start": 1147,
        "end": 1162
      },
      "b": {
        "start": 1147,
        "end": 1154
      }
    },
    {
      "conflict_id": 2,
      "a": {
        "start": 1313,
        "end": 1315
      },
      "base": {
        "start": 1314,
        "end": 1316
      },
      "b": {
        "start": 1306,
        "end": 1307
      }
    }
  ]
}