{
  "repository_origin_url": "https://github.com/microsoft/ApplicationInsights-Java.git",
  "commit_id": "258986e4d0b003bad70b29ff5f3eb7d71b5fc776",
  "commit_date": "Fri, 19 Feb 2021 15:08:09 -0800",
  "commit_message": "Add premain vendor hook\n\n",
  "conflict_file_id": 0,
  "filename": "javaagent-bootstrap/src/main/java/io/opentelemetry/javaagent/OpenTelemetryAgent.java",
  "last_commit_on_a": "7430a7303dd9bc41764d79984f8fc632cea9f580",
  "last_commit_on_b": "d08db423c0e1e1527feb98707823f901a4ff1594",
  "author_info_a": {
    "name": "Trask Stalnaker",
    "email": "trask.stalnaker@gmail.com"
  },
  "author_info_b": {
    "name": "Trask Stalnaker",
    "email": "trask.stalnaker@gmail.com"
  },
  "num_conflict_regions": 1,
  "conflict_region_spans": [
    {
      "conflict_id": 1,
      "a": {
        "start": 185,
        "end": 205
      },
      "base": {
        "start": 185,
        "end": 204
      },
      "b": {
        "start": 185,
        "end": 189
      }
    }
  ]
}