{
  "repository_origin_url": "https://github.com/microsoft/ApplicationInsights-Java.git",
  "commit_id": "3d4ab938889b5a43908427e02a113787ab76b013",
  "commit_date": "Thu, 27 Feb 2020 10:47:13 +0100",
  "commit_message": "Make FieldBackedProvider inject fields only once\n\n",
  "conflict_file_id": 100,
  "filename": "dd-java-agent/agent-tooling/src/main/java/datadog/trace/agent/tooling/context/FieldBackedProvider.java",
  "last_commit_on_a": "d53c1380161bf383d5455f43f471cb4999c06dba",
  "last_commit_on_b": "35e00686b304534d7e5cb54daedd45e1011a9915",
  "author_info_a": {
    "name": "Nikolay Martynov",
    "email": "nikolay.martynov@datadoghq.com"
  },
  "author_info_b": {
    "name": "Tyler Benson",
    "email": "tyler.benson@datadoghq.com"
  },
  "num_conflict_regions": 1,
  "conflict_region_spans": [
    {
      "conflict_id": 1,
      "a": {
        "start": 372,
        "end": 381
      },
      "base": {
        "start": 372,
        "end": 382
      },
      "b": {
        "start": 372,
        "end": 380
      }
    }
  ]
}