{
  "repository_origin_url": "https://github.com/microsoft/ApplicationInsights-Java.git",
  "commit_id": "0b196ed3ec9f3d4d2ae8daf570d2ada9d2aca691",
  "commit_date": "Thu, 27 Feb 2020 17:52:20 +0100",
  "commit_message": "Constantify non decorator matcher\n\n",
  "conflict_file_id": 101,
  "filename": "dd-java-agent/agent-tooling/src/main/java/datadog/trace/agent/tooling/context/FieldBackedProvider.java",
  "last_commit_on_a": "2f71ad850f6f8da92795ace0578e4220741d6c23",
  "last_commit_on_b": "35e00686b304534d7e5cb54daedd45e1011a9915",
  "author_info_a": {
    "name": "Nikolay Martynov",
    "email": "nikolay.martynov@datadoghq.com"
  },
  "author_info_b": {
    "name": "Tyler Benson",
    "email": "tyler.benson@datadoghq.com"
  },
  "num_conflict_regions": 1,
  "conflict_region_spans": [
    {
      "conflict_id": 1,
      "a": {
        "start": 5,
        "end": 6
      },
      "base": {
        "start": 5,
        "end": 7
      },
      "b": {
        "start": 5,
        "end": 6
      }
    }
  ]
}