{
  "repository_origin_url": "https://github.com/microsoft/ApplicationInsights-Java.git",
  "commit_id": "a6d2b855d7a0a3d161450160315ea827941bfd74",
  "commit_date": "Tue, 22 Oct 2019 18:11:26 -0700",
  "commit_message": "Fix sporadic test failures\n\n",
  "conflict_file_id": 102,
  "filename": "test/smoke/testApps/CoreAndFilter/src/smokeTest/java/com/microsoft/applicationinsights/smoketest/CoreAndFilterTests.java",
  "last_commit_on_a": "1bc60ed8228f8cb89415c187f366a46ab09374aa",
  "last_commit_on_b": "20a8015cc9ebd82ee816130b54fa512a66e0c13a",
  "author_info_a": {
    "name": "Trask Stalnaker",
    "email": "trask.stalnaker@gmail.com"
  },
  "author_info_b": {
    "name": "Trask Stalnaker",
    "email": "trask.stalnaker@gmail.com"
  },
  "num_conflict_regions": 3,
  "conflict_region_spans": [
    {
      "conflict_id": 1,
      "a": {
        "start": 82,
        "end": 83
      },
      "base": {
        "start": 82,
        "end": 83
      },
      "b": {
        "start": 82,
        "end": 85
      }
    },
    {
      "conflict_id": 2,
      "a": {
        "start": 222,
        "end": 223
      },
      "base": {
        "start": 222,
        "end": 223
      },
      "b": {
        "start": 224,
        "end": 227
      }
    },
    {
      "conflict_id": 3,
      "a": {
        "start": 253,
        "end": 254
      },
      "base": {
        "start": 253,
        "end": 254
      },
      "b": {
        "start": 257,
        "end": 260
      }
    }
  ]
}