{
  "repository_origin_url": "https://github.com/microsoft/ApplicationInsights-Java.git",
  "commit_id": "a6d2b855d7a0a3d161450160315ea827941bfd74",
  "commit_date": "Tue, 22 Oct 2019 18:11:26 -0700",
  "commit_message": "Fix sporadic test failures\n\n",
  "conflict_file_id": 103,
  "filename": "test/smoke/testApps/TraceLogBackUsingAgent/src/smokeTest/java/com/microsoft/applicationinsights/smoketest/TraceLogBackTest.java",
  "last_commit_on_a": "1bc60ed8228f8cb89415c187f366a46ab09374aa",
  "last_commit_on_b": "20a8015cc9ebd82ee816130b54fa512a66e0c13a",
  "author_info_a": {
    "name": "Trask Stalnaker",
    "email": "trask.stalnaker@gmail.com"
  },
  "author_info_b": {
    "name": "Trask Stalnaker",
    "email": "trask.stalnaker@gmail.com"
  },
  "num_conflict_regions": 1,
  "conflict_region_spans": [
    {
      "conflict_id": 1,
      "a": {
        "start": 39,
        "end": 40
      },
      "base": {
        "start": 39,
        "end": 40
      },
      "b": {
        "start": 39,
        "end": 42
      }
    }
  ]
}