{
  "repository_origin_url": "https://github.com/microsoft/ApplicationInsights-Java.git",
  "commit_id": "28f3e679389afde915bf26822f104ccea7e7f41d",
  "commit_date": "Wed, 23 Oct 2019 22:36:29 -0700",
  "commit_message": "Reduce memory allocation, part 2\n\n",
  "conflict_file_id": 106,
  "filename": "core/src/main/java/com/microsoft/applicationinsights/telemetry/JsonTelemetryDataSerializer.java",
  "last_commit_on_a": "dd8601a96263b232ce49d6f4d9528eafcb27705f",
  "last_commit_on_b": "b219a88909d7d5b79611d8d34d8c694c52a34173",
  "author_info_a": {
    "name": "Trask Stalnaker",
    "email": "trask.stalnaker@gmail.com"
  },
  "author_info_b": {
    "name": "littleaj",
    "email": "1690572+littleaj@users.noreply.github.com"
  },
  "num_conflict_regions": 1,
  "conflict_region_spans": [
    {
      "conflict_id": 1,
      "a": {
        "start": 229,
        "end": 236
      },
      "base": {
        "start": 229,
        "end": 237
      },
      "b": {
        "start": 229,
        "end": 235
      }
    }
  ]
}