{
  "repository_origin_url": "https://github.com/microsoft/ApplicationInsights-Java.git",
  "commit_id": "01c1476509df66652387f05db64d348ea0a61ef4",
  "commit_date": "Tue, 5 Nov 2019 16:39:52 -0800",
  "commit_message": "Merge remote-tracking branch 'origin/master' into codeless-merge-from-master\n\n",
  "conflict_file_id": 107,
  "filename": "test/smoke/testApps/HttpClients/src/smokeTest/java/com/microsoft/applicationinsights/smoketestapp/HttpClientSmokeTest.java",
  "last_commit_on_a": "8b4cba26737725ff5aca177c4cdefc09d74bbbf6",
  "last_commit_on_b": "26deab0a20d86f448873d93ac566f15bf9de2bce",
  "author_info_a": {
    "name": "Trask Stalnaker",
    "email": "trask.stalnaker@gmail.com"
  },
  "author_info_b": {
    "name": "Trask Stalnaker",
    "email": "trask.stalnaker@gmail.com"
  },
  "num_conflict_regions": 4,
  "conflict_region_spans": [
    {
      "conflict_id": 1,
      "a": {
        "start": 12,
        "end": 16
      },
      "base": {
        "start": 12,
        "end": 14
      },
      "b": {
        "start": 12,
        "end": 15
      }
    },
    {
      "conflict_id": 2,
      "a": {
        "start": 47,
        "end": 49
      },
      "base": {
        "start": 45,
        "end": 47
      },
      "b": {
        "start": 46,
        "end": 51
      }
    },
    {
      "conflict_id": 3,
      "a": {
        "start": 65,
        "end": 67
      },
      "base": {
        "start": 63,
        "end": 65
      },
      "b": {
        "start": 67,
        "end": 72
      }
    },
    {
      "conflict_id": 4,
      "a": {
        "start": 101,
        "end": 103
      },
      "base": {
        "start": 99,
        "end": 101
      },
      "b": {
        "start": 106,
        "end": 111
      }
    }
  ]
}