{
  "repository_origin_url": "https://github.com/microsoft/ApplicationInsights-Java.git",
  "commit_id": "01c1476509df66652387f05db64d348ea0a61ef4",
  "commit_date": "Thu, 7 Nov 2019 18:29:38 -0800",
  "commit_message": "Remove very old ikey config options\n\n",
  "conflict_file_id": 108,
  "filename": "core/src/main/java/com/microsoft/applicationinsights/internal/config/TelemetryConfigurationFactory.java",
  "last_commit_on_a": "999509bc75017ddf549976720867d2ecf5b992e5",
  "last_commit_on_b": "77fb8b5599ce691ad12eddf2215b2c038d7ee53e",
  "author_info_a": {
    "name": "Trask Stalnaker",
    "email": "trask.stalnaker@gmail.com"
  },
  "author_info_b": {
    "name": "littleaj",
    "email": "1690572+littleaj@users.noreply.github.com"
  },
  "num_conflict_regions": 1,
  "conflict_region_spans": [
    {
      "conflict_id": 1,
      "a": {
        "start": 134,
        "end": 138
      },
      "base": {
        "start": 134,
        "end": 153
      },
      "b": {
        "start": 134,
        "end": 147
      }
    }
  ]
}