{
  "repository_origin_url": "https://github.com/microsoft/ApplicationInsights-Java.git",
  "commit_id": "e84e6eb25d42d844bebabb154024ada079b62e61",
  "commit_date": "Wed, 18 Dec 2019 10:17:50 -0800",
  "commit_message": "Remove OpenTracing interoperability (#44)\n* Remove dependency on OpenTracing constants\n\n* Remove OpenTracing tracer resolver\n\n* Remove dep on OpenTracing Tracer and GlobalTracer\n\n* Remove dep on OpenTracing ScopeManager/Context\n\n* Remove dep on OpenTracing References\n\n* Remove dep on OpenTracing Format\n\n* Remove dep on OpenTracing Scope\n\n* Remove dep on OpenTracing Span\n\n* Remove OpenTracing compatibility tests\n\n* Remove dep on OpenTracing SpanContext\n\n* Remove dep on OpenTracing propagation classes\n\n* Remove dep on OpenTracing log field name constants\n\n* Remove dependency on OpenTracing\n\n* Some last OpenTracing related renaming\n\n* Remove unused code\n\n* Remove code that's not doing anything\n\n* A bit more cleanup\n\n",
  "conflict_file_id": 109,
  "filename": "dd-trace-api/src/main/java/datadog/trace/api/Config.java",
  "last_commit_on_a": "71cd1a69b3a75f8125b1acef805845d40cd689ae",
  "last_commit_on_b": "712a5c14830669e679a3755cb913de154a291526",
  "author_info_a": {
    "name": "Trask Stalnaker",
    "email": "trask.stalnaker@gmail.com"
  },
  "author_info_b": {
    "name": "Laplie Anderson",
    "email": "laplie.anderson@datadoghq.com"
  },
  "num_conflict_regions": 1,
  "conflict_region_spans": [
    {
      "conflict_id": 1,
      "a": {
        "start": 254,
        "end": 254
      },
      "base": {
        "start": 254,
        "end": 312
      },
      "b": {
        "start": 254,
        "end": 316
      }
    }
  ]
}