{
  "repository_origin_url": "https://github.com/microsoft/ApplicationInsights-Java.git",
  "commit_id": "e84e6eb25d42d844bebabb154024ada079b62e61",
  "commit_date": "Fri, 22 Nov 2019 16:02:14 -0800",
  "commit_message": "Merge changes from dd-trace-java 0.38.0\nhttps://github.com/DataDog/dd-trace-java/releases/tag/v0.38.0\n\n",
  "conflict_file_id": 110,
  "filename": "dd-java-agent/agent-bootstrap/src/main/java/datadog/trace/bootstrap/Agent.java",
  "last_commit_on_a": "4dde3a4445ea0bdc07792422c743f547071a0277",
  "last_commit_on_b": "96edbe8b8a1d60a384fcb350d32bffb3eba634b2",
  "author_info_a": {
    "name": "Tyler Benson",
    "email": "tyler.benson@datadoghq.com"
  },
  "author_info_b": {
    "name": "Tyler Benson",
    "email": "tyler.benson@datadoghq.com"
  },
  "num_conflict_regions": 3,
  "conflict_region_spans": [
    {
      "conflict_id": 1,
      "a": {
        "start": 61,
        "end": 61
      },
      "base": {
        "start": 61,
        "end": 67
      },
      "b": {
        "start": 61,
        "end": 67
      }
    },
    {
      "conflict_id": 2,
      "a": {
        "start": 124,
        "end": 124
      },
      "base": {
        "start": 130,
        "end": 146
      },
      "b": {
        "start": 130,
        "end": 146
      }
    },
    {
      "conflict_id": 3,
      "a": {
        "start": 185,
        "end": 185
      },
      "base": {
        "start": 207,
        "end": 226
      },
      "b": {
        "start": 207,
        "end": 227
      }
    }
  ]
}