{
  "repository_origin_url": "https://github.com/microsoft/ApplicationInsights-Java.git",
  "commit_id": "92069fd498317e885b5480c7d32fb7e2b62dd3fa",
  "commit_date": "Thu, 12 Dec 2019 16:20:27 -0800",
  "commit_message": "Remove span type decorators (#38)\n\n",
  "conflict_file_id": 112,
  "filename": "dd-trace-ot/src/main/java/datadog/opentracing/DDTracer.java",
  "last_commit_on_a": "e2f9bfb4c5388a8066542dc0cf6b4e56c498d45f",
  "last_commit_on_b": "ec27930d263ab236be19f0a9e222128385f5f789",
  "author_info_a": {
    "name": "Trask Stalnaker",
    "email": "trask.stalnaker@gmail.com"
  },
  "author_info_b": {
    "name": "dougqh",
    "email": "dougqh@gmail.com"
  },
  "num_conflict_regions": 1,
  "conflict_region_spans": [
    {
      "conflict_id": 1,
      "a": {
        "start": 258,
        "end": 259
      },
      "base": {
        "start": 258,
        "end": 259
      },
      "b": {
        "start": 258,
        "end": 259
      }
    }
  ]
}