{
  "repository_origin_url": "https://github.com/microsoft/ApplicationInsights-Java.git",
  "commit_id": "4dde3a4445ea0bdc07792422c743f547071a0277",
  "commit_date": "Fri, 22 Nov 2019 14:28:03 -0800",
  "commit_message": "Remove propagation formats (#24)\n* Remove Haystack propagation format\n\n* Remove B3 propagation format\n\n* Remove header tags\n\n* Remove origin\n\n* Remove TagContext class\n\n* Remove baggage items\n\n* Remove propagation config\n\n",
  "conflict_file_id": 113,
  "filename": "dd-trace-api/src/main/java/datadog/trace/api/Config.java",
  "last_commit_on_a": "e6ad4271309b0e335edc8a6793829b35af8dfe7b",
  "last_commit_on_b": "c62beec606de3cc8da5f78394e40ca5c30b86e11",
  "author_info_a": {
    "name": "Trask Stalnaker",
    "email": "trask.stalnaker@gmail.com"
  },
  "author_info_b": {
    "name": "Laplie Anderson",
    "email": "laplie.anderson@datadoghq.com"
  },
  "num_conflict_regions": 4,
  "conflict_region_spans": [
    {
      "conflict_id": 1,
      "a": {
        "start": 126,
        "end": 126
      },
      "base": {
        "start": 126,
        "end": 134
      },
      "b": {
        "start": 126,
        "end": 135
      }
    },
    {
      "conflict_id": 2,
      "a": {
        "start": 172,
        "end": 172
      },
      "base": {
        "start": 180,
        "end": 182
      },
      "b": {
        "start": 181,
        "end": 188
      }
    },
    {
      "conflict_id": 3,
      "a": {
        "start": 256,
        "end": 256
      },
      "base": {
        "start": 266,
        "end": 269
      },
      "b": {
        "start": 272,
        "end": 283
      }
    },
    {
      "conflict_id": 4,
      "a": {
        "start": 339,
        "end": 339
      },
      "base": {
        "start": 352,
        "end": 355
      },
      "b": {
        "start": 366,
        "end": 382
      }
    }
  ]
}