{
  "repository_origin_url": "https://github.com/microsoft/ApplicationInsights-Java.git",
  "commit_id": "4dde3a4445ea0bdc07792422c743f547071a0277",
  "commit_date": "Mon, 18 Nov 2019 17:24:37 -0800",
  "commit_message": "Remove jmxfetch module (#13)\n\n",
  "conflict_file_id": 114,
  "filename": "dd-java-agent/src/test/java/datadog/trace/agent/test/IntegrationTestUtils.java",
  "last_commit_on_a": "d86632d648f840e78987625eefc51e7aa2114e56",
  "last_commit_on_b": "42cece67c2d169659636d9da17e200c20a3089af",
  "author_info_a": {
    "name": "Trask Stalnaker",
    "email": "trask.stalnaker@gmail.com"
  },
  "author_info_b": {
    "name": "Nikolay Martynov",
    "email": "mar.kolya@gmail.com"
  },
  "num_conflict_regions": 1,
  "conflict_region_spans": [
    {
      "conflict_id": 1,
      "a": {
        "start": 34,
        "end": 35
      },
      "base": {
        "start": 34,
        "end": 40
      },
      "b": {
        "start": 34,
        "end": 40
      }
    }
  ]
}