{
  "repository_origin_url": "https://github.com/microsoft/ApplicationInsights-Java.git",
  "commit_id": "4dde3a4445ea0bdc07792422c743f547071a0277",
  "commit_date": "Fri, 22 Nov 2019 14:28:03 -0800",
  "commit_message": "Remove propagation formats (#24)\n* Remove Haystack propagation format\n\n* Remove B3 propagation format\n\n* Remove header tags\n\n* Remove origin\n\n* Remove TagContext class\n\n* Remove baggage items\n\n* Remove propagation config\n\n",
  "conflict_file_id": 115,
  "filename": "dd-trace-ot/src/main/java/datadog/opentracing/DDTracer.java",
  "last_commit_on_a": "e6ad4271309b0e335edc8a6793829b35af8dfe7b",
  "last_commit_on_b": "d8afd8b2a41f4f730e1a037ffaefd2ca1211b796",
  "author_info_a": {
    "name": "Trask Stalnaker",
    "email": "trask.stalnaker@gmail.com"
  },
  "author_info_b": {
    "name": "Laplie Anderson",
    "email": "laplie.anderson@datadoghq.com"
  },
  "num_conflict_regions": 2,
  "conflict_region_spans": [
    {
      "conflict_id": 1,
      "a": {
        "start": 10,
        "end": 10
      },
      "base": {
        "start": 10,
        "end": 17
      },
      "b": {
        "start": 10,
        "end": 17
      }
    },
    {
      "conflict_id": 2,
      "a": {
        "start": 285,
        "end": 289
      },
      "base": {
        "start": 292,
        "end": 296
      },
      "b": {
        "start": 292,
        "end": 314
      }
    }
  ]
}