{
  "repository_origin_url": "https://github.com/microsoft/ApplicationInsights-Java.git",
  "commit_id": "f1362a7d578dc989b5bc9f0b9a6831b6cb90aa15",
  "commit_date": "Wed, 20 Nov 2019 13:07:04 -0500",
  "commit_message": "The same classwalking is necessary for @Path\n\n",
  "conflict_file_id": 117,
  "filename": "dd-java-agent/instrumentation/jax-rs-annotations-1/src/main/java/datadog/trace/instrumentation/jaxrs1/JaxRsAnnotationsInstrumentation.java",
  "last_commit_on_a": "7640e683373a9a3bc974e9cb10fb44c87eb16b42",
  "last_commit_on_b": "6b096c2240f8bd43ae9d6b032ff30d05339f711c",
  "author_info_a": {
    "name": "Laplie Anderson",
    "email": "laplie.anderson@datadoghq.com"
  },
  "author_info_b": {
    "name": "dougqh",
    "email": "dougqh@gmail.com"
  },
  "num_conflict_regions": 1,
  "conflict_region_spans": [
    {
      "conflict_id": 1,
      "a": {
        "start": 63,
        "end": 75
      },
      "base": {
        "start": 63,
        "end": 72
      },
      "b": {
        "start": 63,
        "end": 72
      }
    }
  ]
}