{
  "repository_origin_url": "https://github.com/microsoft/ApplicationInsights-Java.git",
  "commit_id": "f1362a7d578dc989b5bc9f0b9a6831b6cb90aa15",
  "commit_date": "Wed, 20 Nov 2019 15:18:25 -0500",
  "commit_message": "Copy instrumentation to jax-rs2\n\n",
  "conflict_file_id": 118,
  "filename": "dd-java-agent/instrumentation/jax-rs-annotations-2/src/main/java/datadog/trace/instrumentation/jaxrs2/JaxRsAnnotationsInstrumentation.java",
  "last_commit_on_a": "aa46e81e1919126d6b58e64846fddc2e14aba0e4",
  "last_commit_on_b": "6b096c2240f8bd43ae9d6b032ff30d05339f711c",
  "author_info_a": {
    "name": "Laplie Anderson",
    "email": "laplie.anderson@datadoghq.com"
  },
  "author_info_b": {
    "name": "dougqh",
    "email": "dougqh@gmail.com"
  },
  "num_conflict_regions": 1,
  "conflict_region_spans": [
    {
      "conflict_id": 1,
      "a": {
        "start": 62,
        "end": 74
      },
      "base": {
        "start": 62,
        "end": 71
      },
      "b": {
        "start": 62,
        "end": 71
      }
    }
  ]
}