{
  "repository_origin_url": "https://github.com/microsoft/ApplicationInsights-Java.git",
  "commit_id": "8b4cba26737725ff5aca177c4cdefc09d74bbbf6",
  "commit_date": "Tue, 22 Oct 2019 12:26:43 -0700",
  "commit_message": "Fix test failures\n\n",
  "conflict_file_id": 119,
  "filename": "test/smoke/testApps/HttpClients/src/smokeTest/java/com/microsoft/applicationinsights/smoketestapp/HttpClientSmokeTest.java",
  "last_commit_on_a": "6ed667cd69604591d579c2ab874ebf456067490b",
  "last_commit_on_b": "9c8d788e1bded586d66d6b3a813311c9e661a812",
  "author_info_a": {
    "name": "Trask Stalnaker",
    "email": "trask.stalnaker@gmail.com"
  },
  "author_info_b": {
    "name": "Trask Stalnaker",
    "email": "trask.stalnaker@gmail.com"
  },
  "num_conflict_regions": 6,
  "conflict_region_spans": [
    {
      "conflict_id": 1,
      "a": {
        "start": 36,
        "end": 38
      },
      "base": {
        "start": 36,
        "end": 38
      },
      "b": {
        "start": 36,
        "end": 38
      }
    },
    {
      "conflict_id": 2,
      "a": {
        "start": 54,
        "end": 56
      },
      "base": {
        "start": 54,
        "end": 56
      },
      "b": {
        "start": 54,
        "end": 56
      }
    },
    {
      "conflict_id": 3,
      "a": {
        "start": 72,
        "end": 74
      },
      "base": {
        "start": 72,
        "end": 74
      },
      "b": {
        "start": 72,
        "end": 74
      }
    },
    {
      "conflict_id": 4,
      "a": {
        "start": 90,
        "end": 92
      },
      "base": {
        "start": 90,
        "end": 92
      },
      "b": {
        "start": 90,
        "end": 92
      }
    },
    {
      "conflict_id": 5,
      "a": {
        "start": 108,
        "end": 110
      },
      "base": {
        "start": 108,
        "end": 110
      },
      "b": {
        "start": 108,
        "end": 110
      }
    },
    {
      "conflict_id": 6,
      "a": {
        "start": 126,
        "end": 137
      },
      "base": {
        "start": 126,
        "end": 128
      },
      "b": {
        "start": 126,
        "end": 128
      }
    }
  ]
}