{
  "repository_origin_url": "https://github.com/microsoft/ApplicationInsights-Java.git",
  "commit_id": "7e1644b5c4f38be7bd8f4552fc1a5021c58c8caa",
  "commit_date": "Fri, 26 Feb 2021 14:19:13 -0800",
  "commit_message": "Merge branch 'applicationinsights-vendor-hooks' into otel-fork-updated\n\n",
  "conflict_file_id": 11,
  "filename": "javaagent-tooling/src/main/java/io/opentelemetry/javaagent/tooling/AgentInstaller.java",
  "last_commit_on_a": "589bc098fcca2c2abd870b91e5826be732c81955",
  "last_commit_on_b": "459c7b4bd483589ca709797fcddb0cda78c8fbba",
  "author_info_a": {
    "name": "Trask Stalnaker",
    "email": "trask.stalnaker@gmail.com"
  },
  "author_info_b": {
    "name": "Trask Stalnaker",
    "email": "trask.stalnaker@gmail.com"
  },
  "num_conflict_regions": 1,
  "conflict_region_spans": [
    {
      "conflict_id": 1,
      "a": {
        "start": 94,
        "end": 96
      },
      "base": {
        "start": 94,
        "end": 101
      },
      "b": {
        "start": 94,
        "end": 94
      }
    }
  ]
}