{
  "repository_origin_url": "https://github.com/microsoft/ApplicationInsights-Java.git",
  "commit_id": "844096a8e79f84da6c5d6e0da678041f874e8c5e",
  "commit_date": "Sat, 11 May 2019 16:23:18 -0700",
  "commit_message": "Split out extracting from request and propagating to response\n\n",
  "conflict_file_id": 120,
  "filename": "web/src/main/java/com/microsoft/applicationinsights/web/internal/correlation/TelemetryCorrelationUtils.java",
  "last_commit_on_a": "cb45d79542e623d9c219d7183e733d76fa1c15f7",
  "last_commit_on_b": "6087b3637be9b53e3aee94a14a87bc933c289013",
  "author_info_a": {
    "name": "Trask Stalnaker",
    "email": "trask.stalnaker@gmail.com"
  },
  "author_info_b": {
    "name": "littleaj",
    "email": "1690572+littleaj@users.noreply.github.com"
  },
  "num_conflict_regions": 2,
  "conflict_region_spans": [
    {
      "conflict_id": 1,
      "a": {
        "start": 78,
        "end": 79
      },
      "base": {
        "start": 78,
        "end": 90
      },
      "b": {
        "start": 78,
        "end": 90
      }
    },
    {
      "conflict_id": 2,
      "a": {
        "start": 103,
        "end": 104
      },
      "base": {
        "start": 114,
        "end": 221
      },
      "b": {
        "start": 114,
        "end": 221
      }
    }
  ]
}