{
  "repository_origin_url": "https://github.com/microsoft/ApplicationInsights-Java.git",
  "commit_id": "844096a8e79f84da6c5d6e0da678041f874e8c5e",
  "commit_date": "Wed, 3 Jul 2019 10:51:55 -0700",
  "commit_message": "Introduce codeless agent\n\n",
  "conflict_file_id": 122,
  "filename": "core/src/main/java/com/microsoft/applicationinsights/internal/config/TelemetryConfigurationFactory.java",
  "last_commit_on_a": "3792709e5d61146f7195f16916338c0c51b9c1cc",
  "last_commit_on_b": "5e9e7de908c99c93f295782cf51593ce27674de6",
  "author_info_a": {
    "name": "Trask Stalnaker",
    "email": "trask.stalnaker@gmail.com"
  },
  "author_info_b": {
    "name": "littleaj",
    "email": "1690572+littleaj@users.noreply.github.com"
  },
  "num_conflict_regions": 2,
  "conflict_region_spans": [
    {
      "conflict_id": 1,
      "a": {
        "start": 140,
        "end": 142
      },
      "base": {
        "start": 140,
        "end": 142
      },
      "b": {
        "start": 140,
        "end": 143
      }
    },
    {
      "conflict_id": 2,
      "a": {
        "start": 143,
        "end": 144
      },
      "base": {
        "start": 143,
        "end": 162
      },
      "b": {
        "start": 144,
        "end": 163
      }
    }
  ]
}