{
  "repository_origin_url": "https://github.com/microsoft/ApplicationInsights-Java.git",
  "commit_id": "8609a07eafaf68ebea5a03752850271ca0e085df",
  "commit_date": "Fri, 19 Jul 2019 16:18:38 +0200",
  "commit_message": "Refactor weak hash map to be able to reuse functionalities\n\n",
  "conflict_file_id": 123,
  "filename": "dd-java-agent/instrumentation/netty-4.0/src/main/java/datadog/trace/instrumentation/netty40/AttributeKeys.java",
  "last_commit_on_a": "edacd7a41dcd29b782b95abc48ece86526d9caf7",
  "last_commit_on_b": "6ccb0d71d8f819a63e66a34042b786c490e9ccdb",
  "author_info_a": {
    "name": "Luca Abbati",
    "email": "luca.abbati@datadoghq.com"
  },
  "author_info_b": {
    "name": "Tyler Benson",
    "email": "tyler.benson@datadoghq.com"
  },
  "num_conflict_regions": 1,
  "conflict_region_spans": [
    {
      "conflict_id": 1,
      "a": {
        "start": 33,
        "end": 53
      },
      "base": {
        "start": 33,
        "end": 34
      },
      "b": {
        "start": 33,
        "end": 37
      }
    }
  ]
}