{
  "repository_origin_url": "https://github.com/microsoft/ApplicationInsights-Java.git",
  "commit_id": "8609a07eafaf68ebea5a03752850271ca0e085df",
  "commit_date": "Mon, 22 Jul 2019 11:19:13 +0200",
  "commit_message": "Improve tests readability moving common instance to test class\n\n",
  "conflict_file_id": 124,
  "filename": "dd-java-agent/instrumentation/netty-4.1/src/main/java/datadog/trace/instrumentation/netty41/AttributeKeys.java",
  "last_commit_on_a": "0ff56b0a9f2b0a8053ac5c32b0c6f27c39d3a830",
  "last_commit_on_b": "6ccb0d71d8f819a63e66a34042b786c490e9ccdb",
  "author_info_a": {
    "name": "Luca Abbati",
    "email": "luca.abbati@datadoghq.com"
  },
  "author_info_b": {
    "name": "Tyler Benson",
    "email": "tyler.benson@datadoghq.com"
  },
  "num_conflict_regions": 1,
  "conflict_region_spans": [
    {
      "conflict_id": 1,
      "a": {
        "start": 37,
        "end": 57
      },
      "base": {
        "start": 37,
        "end": 38
      },
      "b": {
        "start": 37,
        "end": 41
      }
    }
  ]
}