{
  "repository_origin_url": "https://github.com/microsoft/ApplicationInsights-Java.git",
  "commit_id": "8231ea1cb25dffd253859229fd123de201d1a668",
  "commit_date": "Thu, 9 May 2019 12:16:52 +0200",
  "commit_message": "Add configuration param to report hostname\n\n",
  "conflict_file_id": 125,
  "filename": "dd-trace-api/src/main/java/datadog/trace/api/Config.java",
  "last_commit_on_a": "0dd6659c80f601fc0f6abe53183d7f4ff1d8dbce",
  "last_commit_on_b": "076d14f727d7f71384d7ba456cae1bcffdcdeb27",
  "author_info_a": {
    "name": "Luca Abbati",
    "email": "luca.abbati@gmail.com"
  },
  "author_info_b": {
    "name": "Nikolay Martynov",
    "email": "mar.kolya@gmail.com"
  },
  "num_conflict_regions": 3,
  "conflict_region_spans": [
    {
      "conflict_id": 1,
      "a": {
        "start": 152,
        "end": 155
      },
      "base": {
        "start": 152,
        "end": 153
      },
      "b": {
        "start": 152,
        "end": 152
      }
    },
    {
      "conflict_id": 2,
      "a": {
        "start": 230,
        "end": 236
      },
      "base": {
        "start": 228,
        "end": 231
      },
      "b": {
        "start": 227,
        "end": 227
      }
    },
    {
      "conflict_id": 3,
      "a": {
        "start": 316,
        "end": 322
      },
      "base": {
        "start": 311,
        "end": 314
      },
      "b": {
        "start": 307,
        "end": 307
      }
    }
  ]
}