{
  "repository_origin_url": "https://github.com/microsoft/ApplicationInsights-Java.git",
  "commit_id": "f290734d52384d5623d0c6c3ad117d0b45c9768d",
  "commit_date": "Thu, 7 Mar 2019 13:15:43 -0500",
  "commit_message": "Improve injection/extraction styles configuration\n\n",
  "conflict_file_id": 126,
  "filename": "dd-trace-api/src/main/java/datadog/trace/api/Config.java",
  "last_commit_on_a": "42cc3594dce69cdc49f60fb3f080084b8e550a74",
  "last_commit_on_b": "4187bf3eb0142cb33d59e71c125df5be773111ed",
  "author_info_a": {
    "name": "Nikolay Martynov",
    "email": "mar.kolya@gmail.com"
  },
  "author_info_b": {
    "name": "Tyler Benson",
    "email": "tyler.benson@datadoghq.com"
  },
  "num_conflict_regions": 4,
  "conflict_region_spans": [
    {
      "conflict_id": 1,
      "a": {
        "start": 6,
        "end": 7
      },
      "base": {
        "start": 6,
        "end": 6
      },
      "b": {
        "start": 6,
        "end": 7
      }
    },
    {
      "conflict_id": 2,
      "a": {
        "start": 102,
        "end": 109
      },
      "base": {
        "start": 101,
        "end": 101
      },
      "b": {
        "start": 102,
        "end": 105
      }
    },
    {
      "conflict_id": 3,
      "a": {
        "start": 430,
        "end": 455
      },
      "base": {
        "start": 422,
        "end": 422
      },
      "b": {
        "start": 426,
        "end": 437
      }
    },
    {
      "conflict_id": 4,
      "a": {
        "start": 483,
        "end": 498
      },
      "base": {
        "start": 450,
        "end": 450
      },
      "b": {
        "start": 465,
        "end": 476
      }
    }
  ]
}