{
  "repository_origin_url": "https://github.com/microsoft/ApplicationInsights-Java.git",
  "commit_id": "0841a2d2c3917c80902c0105f57e25dc53f521b8",
  "commit_date": "Mon, 4 Mar 2019 17:07:19 -0800",
  "commit_message": "Merge branch 'IntegrateAsyncListner' into IntegrateAsyncLister1\n\n",
  "conflict_file_id": 127,
  "filename": "web/src/main/java/com/microsoft/applicationinsights/web/internal/httputils/AIHttpServletListener.java",
  "last_commit_on_a": "3dba2ad6f6807bcc2832eb445196dd399586a7f4",
  "last_commit_on_b": "b341659e39e6205e0802f1cd2f5df647cb8c68db",
  "author_info_a": {
    "name": "dhaval24",
    "email": "dhavaldoshi24@gmail.com"
  },
  "author_info_b": {
    "name": "dhaval24",
    "email": "dhavaldoshi24@gmail.com"
  },
  "num_conflict_regions": 1,
  "conflict_region_spans": [
    {
      "conflict_id": 1,
      "a": {
        "start": 66,
        "end": 84
      },
      "base": {
        "start": 66,
        "end": 67
      },
      "b": {
        "start": 66,
        "end": 81
      }
    }
  ]
}