{
  "repository_origin_url": "https://github.com/microsoft/ApplicationInsights-Java.git",
  "commit_id": "6317b21d5cdf7a1939592b85fef140a17075f472",
  "commit_date": "Fri, 20 Jul 2018 16:21:06 -0400",
  "commit_message": "Address comments and add test case for extracting non numeric IDs\n\n",
  "conflict_file_id": 129,
  "filename": "dd-trace-ot/src/main/java/datadog/opentracing/PendingTrace.java",
  "last_commit_on_a": "93e70dcef603591e14bbcae7189a35950568f3b4",
  "last_commit_on_b": "7807615605d50de3c35702f65947a7eae9cb77c5",
  "author_info_a": {
    "name": "Gary Huang",
    "email": "gary.huang@datadoghq.com"
  },
  "author_info_b": {
    "name": "Tyler Benson",
    "email": "tyler.benson@datadoghq.com"
  },
  "num_conflict_regions": 2,
  "conflict_region_spans": [
    {
      "conflict_id": 1,
      "a": {
        "start": 33,
        "end": 34
      },
      "base": {
        "start": 33,
        "end": 34
      },
      "b": {
        "start": 33,
        "end": 35
      }
    },
    {
      "conflict_id": 2,
      "a": {
        "start": 52,
        "end": 53
      },
      "base": {
        "start": 52,
        "end": 53
      },
      "b": {
        "start": 53,
        "end": 55
      }
    }
  ]
}