{
  "repository_origin_url": "https://github.com/microsoft/ApplicationInsights-Java.git",
  "commit_id": "7e1644b5c4f38be7bd8f4552fc1a5021c58c8caa",
  "commit_date": "Fri, 19 Feb 2021 15:08:58 -0800",
  "commit_message": "fixup! Implement Application Insights appId exchange\n\n",
  "conflict_file_id": 12,
  "filename": "instrumentation/servlet/servlet-3.0/javaagent/src/main/java/io/opentelemetry/javaagent/instrumentation/servlet/v3_0/Servlet3Advice.java",
  "last_commit_on_a": "02bdbb57786015621d468ccf8f3ac70676c8c2a7",
  "last_commit_on_b": "ee5f459780a2519c5146e369d742865fb98ac4ce",
  "author_info_a": {
    "name": "Trask Stalnaker",
    "email": "trask.stalnaker@gmail.com"
  },
  "author_info_b": {
    "name": "Trask Stalnaker",
    "email": "trask.stalnaker@gmail.com"
  },
  "num_conflict_regions": 4,
  "conflict_region_spans": [
    {
      "conflict_id": 1,
      "a": {
        "start": 44,
        "end": 47
      },
      "base": {
        "start": 44,
        "end": 45
      },
      "b": {
        "start": 44,
        "end": 48
      }
    },
    {
      "conflict_id": 2,
      "a": {
        "start": 54,
        "end": 56
      },
      "base": {
        "start": 52,
        "end": 53
      },
      "b": {
        "start": 55,
        "end": 59
      }
    },
    {
      "conflict_id": 3,
      "a": {
        "start": 69,
        "end": 71
      },
      "base": {
        "start": 66,
        "end": 67
      },
      "b": {
        "start": 72,
        "end": 76
      }
    },
    {
      "conflict_id": 4,
      "a": {
        "start": 78,
        "end": 79
      },
      "base": {
        "start": 74,
        "end": 75
      },
      "b": {
        "start": 83,
        "end": 84
      }
    }
  ]
}