{
  "repository_origin_url": "https://github.com/microsoft/ApplicationInsights-Java.git",
  "commit_id": "e8a0623947179f1d9fcf4bd6355d5e8b494fc43c",
  "commit_date": "Wed, 17 Jan 2018 18:25:36 +0800",
  "commit_message": "change smoe files\n\n",
  "conflict_file_id": 130,
  "filename": "test/smoke/utils/src/main/java/com/microsoft/applicationinsights/smoketest/AiSmokeTest.java",
  "last_commit_on_a": "e3b2a834621dd38a104f0056ed87094c78e45ddb",
  "last_commit_on_b": "488cd713a2809d63edc2752447ea6ab0e4d1034f",
  "author_info_a": {
    "name": "Terry Xu (Wicresoft North America)",
    "email": "v-tex@microsoft.com"
  },
  "author_info_b": {
    "name": "littleaj",
    "email": "1690572+littleaj@users.noreply.github.com"
  },
  "num_conflict_regions": 3,
  "conflict_region_spans": [
    {
      "conflict_id": 1,
      "a": {
        "start": 11,
        "end": 14
      },
      "base": {
        "start": 11,
        "end": 11
      },
      "b": {
        "start": 11,
        "end": 12
      }
    },
    {
      "conflict_id": 2,
      "a": {
        "start": 247,
        "end": 250
      },
      "base": {
        "start": 244,
        "end": 246
      },
      "b": {
        "start": 245,
        "end": 293
      }
    },
    {
      "conflict_id": 3,
      "a": {
        "start": 386,
        "end": 398
      },
      "base": {
        "start": 382,
        "end": 390
      },
      "b": {
        "start": 429,
        "end": 433
      }
    }
  ]
}