{
  "repository_origin_url": "https://github.com/microsoft/ApplicationInsights-Java.git",
  "commit_id": "db2758af19b22e755e63eaba7dcbf9cb3649dfe3",
  "commit_date": "Tue, 22 Aug 2017 10:33:24 -0700",
  "commit_message": "Fix grouping so any rule can allow module to be active.\n\n",
  "conflict_file_id": 131,
  "filename": "dd-java-agent/src/main/java/com/datadoghq/trace/agent/InstrumentationChecker.java",
  "last_commit_on_a": "60cfb392c44382ee78ce9dc9e034222dca8b4a5d",
  "last_commit_on_b": "78c99f45747cde85902d51bd8bf0f2576fa13135",
  "author_info_a": {
    "name": "Tyler Benson",
    "email": "tyler@newrelic.com"
  },
  "author_info_b": {
    "name": "Guillaume Polaert",
    "email": "gpolaert@gmail.com"
  },
  "num_conflict_regions": 4,
  "conflict_region_spans": [
    {
      "conflict_id": 1,
      "a": {
        "start": 26,
        "end": 27
      },
      "base": {
        "start": 26,
        "end": 27
      },
      "b": {
        "start": 26,
        "end": 28
      }
    },
    {
      "conflict_id": 2,
      "a": {
        "start": 29,
        "end": 32
      },
      "base": {
        "start": 29,
        "end": 31
      },
      "b": {
        "start": 30,
        "end": 30
      }
    },
    {
      "conflict_id": 3,
      "a": {
        "start": 64,
        "end": 131
      },
      "base": {
        "start": 63,
        "end": 97
      },
      "b": {
        "start": 62,
        "end": 62
      }
    },
    {
      "conflict_id": 4,
      "a": {
        "start": 189,
        "end": 204
      },
      "base": {
        "start": 155,
        "end": 155
      },
      "b": {
        "start": 120,
        "end": 154
      }
    }
  ]
}