{
  "repository_origin_url": "https://github.com/microsoft/ApplicationInsights-Java.git",
  "commit_id": "24bcb929c4d2bb3723a4ae5457327f193b87ef76",
  "commit_date": "Thu, 13 Jul 2017 12:09:21 +0200",
  "commit_message": "Disabling ES because the contribution throws a NPE. Waiting for the 0.0.3 release of the ES contrib (it's fixed)\n\n",
  "conflict_file_id": 132,
  "filename": "dd-java-agent-ittests/src/test/java/com/datadoghq/trace/agent/integration/ElasticsearchIntegrationTest.java",
  "last_commit_on_a": "b5051ae7c049e84dc8de2a39339cd0731175a382",
  "last_commit_on_b": "232801ab624d34849aec910efd0c32f859878755",
  "author_info_a": {
    "name": "Guillaume Polaert",
    "email": "gpolaert@gmail.com"
  },
  "author_info_b": {
    "name": "Tyler Benson",
    "email": "tyler@newrelic.com"
  },
  "num_conflict_regions": 1,
  "conflict_region_spans": [
    {
      "conflict_id": 1,
      "a": {
        "start": 1,
        "end": 103
      },
      "base": {
        "start": 1,
        "end": 104
      },
      "b": {
        "start": 1,
        "end": 104
      }
    }
  ]
}