{
  "repository_origin_url": "https://github.com/microsoft/ApplicationInsights-Java.git",
  "commit_id": "9c38391a585910467ecd590c10c0bcd36991bac6",
  "commit_date": "Tue, 30 May 2017 14:09:04 +0200",
  "commit_message": "Refactor the configuration\n\n",
  "conflict_file_id": 133,
  "filename": "dd-trace/src/main/java/com/datadoghq/trace/resolver/DDTracerFactory.java",
  "last_commit_on_a": "54597d3edfd8f8ed63cce5ae374ab9336f45c51f",
  "last_commit_on_b": "7587b284dfb50d88ad4e4fb86d4dfa0e417608b7",
  "author_info_a": {
    "name": "Guillaume Polaert",
    "email": "gpolaert@gmail.com"
  },
  "author_info_b": {
    "name": "renaudboutet",
    "email": "support@logmatic.io"
  },
  "num_conflict_regions": 4,
  "conflict_region_spans": [
    {
      "conflict_id": 1,
      "a": {
        "start": 3,
        "end": 3
      },
      "base": {
        "start": 3,
        "end": 6
      },
      "b": {
        "start": 3,
        "end": 10
      }
    },
    {
      "conflict_id": 2,
      "a": {
        "start": 35,
        "end": 36
      },
      "base": {
        "start": 38,
        "end": 39
      },
      "b": {
        "start": 42,
        "end": 44
      }
    },
    {
      "conflict_id": 3,
      "a": {
        "start": 56,
        "end": 65
      },
      "base": {
        "start": 59,
        "end": 66
      },
      "b": {
        "start": 64,
        "end": 80
      }
    },
    {
      "conflict_id": 4,
      "a": {
        "start": 71,
        "end": 73
      },
      "base": {
        "start": 72,
        "end": 73
      },
      "b": {
        "start": 86,
        "end": 87
      }
    }
  ]
}