{
  "repository_origin_url": "https://github.com/microsoft/ApplicationInsights-Java.git",
  "commit_id": "728fe13b83d514569b0351c1509fa7c90821cfd7",
  "commit_date": "Thu, 4 May 2017 11:43:04 +0200",
  "commit_message": "Adding cross boundaries extractor/injector (fix)\n\n",
  "conflict_file_id": 134,
  "filename": "src/main/java/com/datadoghq/trace/impl/DDTracer.java",
  "last_commit_on_a": "f0b562c84bfc32dcb8ac2948701f802c469b23b7",
  "last_commit_on_b": "e44535c7f79ea857f40839a0d4777bfdef5cbd18",
  "author_info_a": {
    "name": "Guillaume Polaert",
    "email": "guillaume@logmatic.io"
  },
  "author_info_b": {
    "name": "renaudboutet",
    "email": "support@logmatic.io"
  },
  "num_conflict_regions": 2,
  "conflict_region_spans": [
    {
      "conflict_id": 1,
      "a": {
        "start": 3,
        "end": 4
      },
      "base": {
        "start": 3,
        "end": 3
      },
      "b": {
        "start": 3,
        "end": 12
      }
    },
    {
      "conflict_id": 2,
      "a": {
        "start": 12,
        "end": 17
      },
      "base": {
        "start": 11,
        "end": 15
      },
      "b": {
        "start": 20,
        "end": 20
      }
    }
  ]
}