{
  "repository_origin_url": "https://github.com/microsoft/ApplicationInsights-Java.git",
  "commit_id": "abdbfffdffe745c57c4fb44f3aa4dddbd84cfd02",
  "commit_date": "Thu, 27 Apr 2017 18:57:45 +0200",
  "commit_message": "Serializer test\n\n",
  "conflict_file_id": 136,
  "filename": "src/main/java/com/datadoghq/trace/impl/DDTracer.java",
  "last_commit_on_a": "6af3f6129eca0f0df1982438aba4285cd9609aec",
  "last_commit_on_b": "df4e0eb76fb729ea89606575ca196b2439a5d805",
  "author_info_a": {
    "name": "renaudboutet",
    "email": "support@logmatic.io"
  },
  "author_info_b": {
    "name": "Guillaume Polaert",
    "email": "guillaume@logmatic.io"
  },
  "num_conflict_regions": 1,
  "conflict_region_spans": [
    {
      "conflict_id": 1,
      "a": {
        "start": 162,
        "end": 165
      },
      "base": {
        "start": 162,
        "end": 165
      },
      "b": {
        "start": 162,
        "end": 163
      }
    }
  ]
}