{
  "repository_origin_url": "https://github.com/microsoft/ApplicationInsights-Java.git",
  "commit_id": "a30b13f9fada98fd6c0dc9648977cf7037ba2921",
  "commit_date": "Thu, 27 Apr 2017 17:30:34 +0200",
  "commit_message": "Logging Writter + AllSampler + Tracer empty constructor\n\n",
  "conflict_file_id": 137,
  "filename": "src/main/java/com/datadoghq/trace/impl/DDSpan.java",
  "last_commit_on_a": "628f2eb483d91511d85ec4c79eef740ec8ed4ac8",
  "last_commit_on_b": "2273454fb71c1124445769ad4926e06ca191268b",
  "author_info_a": {
    "name": "renaudboutet",
    "email": "support@logmatic.io"
  },
  "author_info_b": {
    "name": "Guillaume Polaert",
    "email": "guillaume@logmatic.io"
  },
  "num_conflict_regions": 5,
  "conflict_region_spans": [
    {
      "conflict_id": 1,
      "a": {
        "start": 50,
        "end": 53
      },
      "base": {
        "start": 50,
        "end": 53
      },
      "b": {
        "start": 50,
        "end": 50
      }
    },
    {
      "conflict_id": 2,
      "a": {
        "start": 61,
        "end": 62
      },
      "base": {
        "start": 61,
        "end": 62
      },
      "b": {
        "start": 58,
        "end": 59
      }
    },
    {
      "conflict_id": 3,
      "a": {
        "start": 65,
        "end": 66
      },
      "base": {
        "start": 65,
        "end": 66
      },
      "b": {
        "start": 62,
        "end": 63
      }
    },
    {
      "conflict_id": 4,
      "a": {
        "start": 72,
        "end": 73
      },
      "base": {
        "start": 72,
        "end": 73
      },
      "b": {
        "start": 69,
        "end": 70
      }
    },
    {
      "conflict_id": 5,
      "a": {
        "start": 76,
        "end": 77
      },
      "base": {
        "start": 76,
        "end": 77
      },
      "b": {
        "start": 73,
        "end": 74
      }
    }
  ]
}