{
  "repository_origin_url": "https://github.com/microsoft/ApplicationInsights-Java.git",
  "commit_id": "a30b13f9fada98fd6c0dc9648977cf7037ba2921",
  "commit_date": "Thu, 27 Apr 2017 17:30:34 +0200",
  "commit_message": "Logging Writter + AllSampler + Tracer empty constructor\n\n",
  "conflict_file_id": 138,
  "filename": "src/main/java/com/datadoghq/trace/impl/DDTracer.java",
  "last_commit_on_a": "628f2eb483d91511d85ec4c79eef740ec8ed4ac8",
  "last_commit_on_b": "2273454fb71c1124445769ad4926e06ca191268b",
  "author_info_a": {
    "name": "renaudboutet",
    "email": "support@logmatic.io"
  },
  "author_info_b": {
    "name": "Guillaume Polaert",
    "email": "guillaume@logmatic.io"
  },
  "num_conflict_regions": 1,
  "conflict_region_spans": [
    {
      "conflict_id": 1,
      "a": {
        "start": 167,
        "end": 168
      },
      "base": {
        "start": 167,
        "end": 168
      },
      "b": {
        "start": 167,
        "end": 168
      }
    }
  ]
}