{
  "repository_origin_url": "https://github.com/microsoft/ApplicationInsights-Java.git",
  "commit_id": "628f2eb483d91511d85ec4c79eef740ec8ed4ac8",
  "commit_date": "Thu, 27 Apr 2017 16:42:29 +0200",
  "commit_message": "Test Writer\n\n",
  "conflict_file_id": 139,
  "filename": "src/main/java/com/datadoghq/trace/impl/DDTracer.java",
  "last_commit_on_a": "b36a0f5c554832cd5ab65788551cd54e376ea26a",
  "last_commit_on_b": "f76da5df3c4cc2cdf3acde2ccd7a02be84c5e878",
  "author_info_a": {
    "name": "renaudboutet",
    "email": "support@logmatic.io"
  },
  "author_info_b": {
    "name": "Guillaume Polaert",
    "email": "guillaume@logmatic.io"
  },
  "num_conflict_regions": 1,
  "conflict_region_spans": [
    {
      "conflict_id": 1,
      "a": {
        "start": 130,
        "end": 134
      },
      "base": {
        "start": 130,
        "end": 131
      },
      "b": {
        "start": 130,
        "end": 133
      }
    }
  ]
}