{
  "repository_origin_url": "https://github.com/microsoft/ApplicationInsights-Java.git",
  "commit_id": "d2670885207514f64b6ee8fb67c71c68af859113",
  "commit_date": "Fri, 26 Feb 2021 14:58:16 -0800",
  "commit_message": "working code first iteration\n\n",
  "conflict_file_id": 13,
  "filename": "core/src/main/java/com/microsoft/applicationinsights/internal/channel/common/TransmissionNetworkOutput.java",
  "last_commit_on_a": "82dd0289eebd487b9e67e58241048f10519bde4c",
  "last_commit_on_b": "0fd3d86714492dffff604eefbbf2415a60e44266",
  "author_info_a": {
    "name": "kryalama",
    "email": "66494519+kryalama@users.noreply.github.com"
  },
  "author_info_b": {
    "name": "kryalama",
    "email": "66494519+kryalama@users.noreply.github.com"
  },
  "num_conflict_regions": 3,
  "conflict_region_spans": [
    {
      "conflict_id": 1,
      "a": {
        "start": 50,
        "end": 61
      },
      "base": {
        "start": 50,
        "end": 56
      },
      "b": {
        "start": 50,
        "end": 50
      }
    },
    {
      "conflict_id": 2,
      "a": {
        "start": 72,
        "end": 75
      },
      "base": {
        "start": 67,
        "end": 68
      },
      "b": {
        "start": 61,
        "end": 65
      }
    },
    {
      "conflict_id": 3,
      "a": {
        "start": 218,
        "end": 238
      },
      "base": {
        "start": 211,
        "end": 218
      },
      "b": {
        "start": 208,
        "end": 217
      }
    }
  ]
}