{
  "repository_origin_url": "https://github.com/microsoft/ApplicationInsights-Java.git",
  "commit_id": "5846f45f4f8079d4b0ddea559d9f70a067680a82",
  "commit_date": "Thu, 27 Apr 2017 16:00:25 +0200",
  "commit_message": "cleaning and moving all att to the context\n\n",
  "conflict_file_id": 142,
  "filename": "src/main/java/com/datadoghq/trace/impl/DDTracer.java",
  "last_commit_on_a": "a6bcea9b3d4d0d03ce508ab8a0fcfab2ffb7d916",
  "last_commit_on_b": "348143967a8a5b078ab1df298f357476b1ff4011",
  "author_info_a": {
    "name": "Guillaume Polaert",
    "email": "guillaume@logmatic.io"
  },
  "author_info_b": {
    "name": "renaudboutet",
    "email": "support@logmatic.io"
  },
  "num_conflict_regions": 1,
  "conflict_region_spans": [
    {
      "conflict_id": 1,
      "a": {
        "start": 174,
        "end": 174
      },
      "base": {
        "start": 174,
        "end": 176
      },
      "b": {
        "start": 174,
        "end": 176
      }
    }
  ]
}