{
  "repository_origin_url": "https://github.com/microsoft/ApplicationInsights-Java.git",
  "commit_id": "d364d10008948acf242bec9f72e1e033b031371a",
  "commit_date": "Thu, 27 Apr 2017 09:44:05 +0200",
  "commit_message": "adding ability to report all span in the trace\n\n",
  "conflict_file_id": 144,
  "filename": "src/main/java/com/datadoghq/trace/writer/impl/DDApi.java",
  "last_commit_on_a": "162656296f0b82be2df335a745115a8dd7394cf0",
  "last_commit_on_b": "99977a036e43dabce15a9c4cacdbef9cf07f9359",
  "author_info_a": {
    "name": "Guillaume Polaert",
    "email": "guillaume@logmatic.io"
  },
  "author_info_b": {
    "name": "renaudboutet",
    "email": "support@logmatic.io"
  },
  "num_conflict_regions": 1,
  "conflict_region_spans": [
    {
      "conflict_id": 1,
      "a": {
        "start": 117,
        "end": 120
      },
      "base": {
        "start": 117,
        "end": 120
      },
      "b": {
        "start": 117,
        "end": 123
      }
    }
  ]
}