{
  "repository_origin_url": "https://github.com/microsoft/ApplicationInsights-Java.git",
  "commit_id": "d364d10008948acf242bec9f72e1e033b031371a",
  "commit_date": "Thu, 27 Apr 2017 09:44:05 +0200",
  "commit_message": "adding ability to report all span in the trace\n\n",
  "conflict_file_id": 145,
  "filename": "src/main/java/com/datadoghq/trace/impl/DDSpan.java",
  "last_commit_on_a": "162656296f0b82be2df335a745115a8dd7394cf0",
  "last_commit_on_b": "99977a036e43dabce15a9c4cacdbef9cf07f9359",
  "author_info_a": {
    "name": "Guillaume Polaert",
    "email": "guillaume@logmatic.io"
  },
  "author_info_b": {
    "name": "renaudboutet",
    "email": "support@logmatic.io"
  },
  "num_conflict_regions": 2,
  "conflict_region_spans": [
    {
      "conflict_id": 1,
      "a": {
        "start": 3,
        "end": 5
      },
      "base": {
        "start": 3,
        "end": 7
      },
      "b": {
        "start": 3,
        "end": 6
      }
    },
    {
      "conflict_id": 2,
      "a": {
        "start": 16,
        "end": 191
      },
      "base": {
        "start": 18,
        "end": 190
      },
      "b": {
        "start": 17,
        "end": 194
      }
    }
  ]
}