{
  "repository_origin_url": "https://github.com/microsoft/ApplicationInsights-Java.git",
  "commit_id": "a3b1d24fa80e5f1609385d8606de661434060357",
  "commit_date": "Wed, 26 Apr 2017 16:19:59 +0200",
  "commit_message": "Resolved conflicts\n\n",
  "conflict_file_id": 146,
  "filename": "src/main/java/com/datadoghq/trace/impl/Tracer.java",
  "last_commit_on_a": "ef6dccc7cac23c2358405c6cf9e74a4e86fe02f5",
  "last_commit_on_b": "445e9dac774fd7276f61be9c8bf62cee5bfd5986",
  "author_info_a": {
    "name": "renaudboutet",
    "email": "support@logmatic.io"
  },
  "author_info_b": {
    "name": "Guillaume Polaert",
    "email": "guillaume@logmatic.io"
  },
  "num_conflict_regions": 2,
  "conflict_region_spans": [
    {
      "conflict_id": 1,
      "a": {
        "start": 3,
        "end": 8
      },
      "base": {
        "start": 3,
        "end": 4
      },
      "b": {
        "start": 3,
        "end": 4
      }
    },
    {
      "conflict_id": 2,
      "a": {
        "start": 11,
        "end": 11
      },
      "base": {
        "start": 7,
        "end": 10
      },
      "b": {
        "start": 7,
        "end": 9
      }
    }
  ]
}