{
  "repository_origin_url": "https://github.com/microsoft/ApplicationInsights-Java.git",
  "commit_id": "a3b1d24fa80e5f1609385d8606de661434060357",
  "commit_date": "Wed, 26 Apr 2017 17:07:16 +0200",
  "commit_message": "Fixed serialization and send to DDagent\n\n",
  "conflict_file_id": 147,
  "filename": "src/main/java/com/datadoghq/trace/impl/DDSpan.java",
  "last_commit_on_a": "81656a2b200ddd40c428cc8a338c2138aa7c1c10",
  "last_commit_on_b": "352e10e4c6f0ece3d8cf46bac4294f232b4d36a8",
  "author_info_a": {
    "name": "renaudboutet",
    "email": "support@logmatic.io"
  },
  "author_info_b": {
    "name": "Guillaume Polaert",
    "email": "guillaume@logmatic.io"
  },
  "num_conflict_regions": 1,
  "conflict_region_spans": [
    {
      "conflict_id": 1,
      "a": {
        "start": 40,
        "end": 45
      },
      "base": {
        "start": 40,
        "end": 49
      },
      "b": {
        "start": 40,
        "end": 45
      }
    }
  ]
}