{
  "repository_origin_url": "https://github.com/microsoft/ApplicationInsights-Java.git",
  "commit_id": "ef6dccc7cac23c2358405c6cf9e74a4e86fe02f5",
  "commit_date": "Wed, 26 Apr 2017 16:19:12 +0200",
  "commit_message": "API implem\n\n",
  "conflict_file_id": 148,
  "filename": "src/main/java/com/datadoghq/trace/impl/Tracer.java",
  "last_commit_on_a": "09c0cbb7d203fe4bcb3d1162d351c54face4c2ae",
  "last_commit_on_b": "52626f9dcb6262c7033beb6cd716de8b19a3a870",
  "author_info_a": {
    "name": "renaudboutet",
    "email": "support@logmatic.io"
  },
  "author_info_b": {
    "name": "Guillaume Polaert",
    "email": "guillaume@logmatic.io"
  },
  "num_conflict_regions": 1,
  "conflict_region_spans": [
    {
      "conflict_id": 1,
      "a": {
        "start": 12,
        "end": 12
      },
      "base": {
        "start": 12,
        "end": 15
      },
      "b": {
        "start": 12,
        "end": 15
      }
    }
  ]
}