{
  "repository_origin_url": "https://github.com/microsoft/ApplicationInsights-Java.git",
  "commit_id": "dae7e563b7d648785dd512147cbf5fc6bd625e5d",
  "commit_date": "Wed, 26 Apr 2017 15:29:58 +0200",
  "commit_message": "Changed id generations + fixed serialization\n\n",
  "conflict_file_id": 149,
  "filename": "src/main/java/com/datadoghq/trace/impl/DDSpan.java",
  "last_commit_on_a": "7e38848abb7d789e396446680dab5c5fb77f9d24",
  "last_commit_on_b": "4dd11b59461a7417b6c1264b740151db7e35c9a5",
  "author_info_a": {
    "name": "renaudboutet",
    "email": "support@logmatic.io"
  },
  "author_info_b": {
    "name": "Guillaume Polaert",
    "email": "guillaume@logmatic.io"
  },
  "num_conflict_regions": 1,
  "conflict_region_spans": [
    {
      "conflict_id": 1,
      "a": {
        "start": 15,
        "end": 21
      },
      "base": {
        "start": 15,
        "end": 21
      },
      "b": {
        "start": 15,
        "end": 21
      }
    }
  ]
}