{
  "repository_origin_url": "https://github.com/microsoft/ApplicationInsights-Java.git",
  "commit_id": "9b288a5ebe664db0feb96ffea6f284190d5de1ca",
  "commit_date": "Fri, 3 Apr 2020 09:57:50 -0700",
  "commit_message": "Add Micrometer instrumentation\nUnfortunately this is only Application Insights specific so far, but\nthat will change soon.\n\n",
  "conflict_file_id": 14,
  "filename": "javaagent-tooling/src/main/java/io/opentelemetry/javaagent/tooling/matcher/AdditionalLibraryIgnoresMatcher.java",
  "last_commit_on_a": "47def93b460c589d53a8123dfd65574aa7c5dbbe",
  "last_commit_on_b": "9f34e9572f96ea894260e99c5d6944cd38049175",
  "author_info_a": {
    "name": "Trask Stalnaker",
    "email": "trask.stalnaker@gmail.com"
  },
  "author_info_b": {
    "name": "Trask Stalnaker",
    "email": "trask.stalnaker@gmail.com"
  },
  "num_conflict_regions": 1,
  "conflict_region_spans": [
    {
      "conflict_id": 1,
      "a": {
        "start": 322,
        "end": 339
      },
      "base": {
        "start": 322,
        "end": 337
      },
      "b": {
        "start": 322,
        "end": 349
      }
    }
  ]
}