{
  "repository_origin_url": "https://github.com/microsoft/ApplicationInsights-Java.git",
  "commit_id": "ee9f91219b179d9e83efa03baaa51592ffe233b6",
  "commit_date": "Wed, 26 Apr 2017 15:14:50 +0200",
  "commit_message": "trying to fix inherits\n\n",
  "conflict_file_id": 150,
  "filename": "src/main/java/com/datadoghq/trace/impl/DDSpan.java",
  "last_commit_on_a": "1955dcd65cc615906ec66d7449453408eb4c88c6",
  "last_commit_on_b": "638f303d76cdc3adda3dc0fed0187ab35905b464",
  "author_info_a": {
    "name": "Guillaume Polaert",
    "email": "guillaume@logmatic.io"
  },
  "author_info_b": {
    "name": "renaudboutet",
    "email": "support@logmatic.io"
  },
  "num_conflict_regions": 1,
  "conflict_region_spans": [
    {
      "conflict_id": 1,
      "a": {
        "start": 92,
        "end": 95
      },
      "base": {
        "start": 92,
        "end": 94
      },
      "b": {
        "start": 92,
        "end": 94
      }
    }
  ]
}