{
  "repository_origin_url": "https://github.com/microsoft/ApplicationInsights-Java.git",
  "commit_id": "638f303d76cdc3adda3dc0fed0187ab35905b464",
  "commit_date": "Wed, 26 Apr 2017 14:38:25 +0200",
  "commit_message": "Serialization of spans\n\n",
  "conflict_file_id": 151,
  "filename": "src/main/java/com/datadoghq/trace/impl/Tracer.java",
  "last_commit_on_a": "0399cb03e31cd32326e8897b967643102b529ecb",
  "last_commit_on_b": "8b66116aebe1c8b70bc02ac4642c49f641de1e9b",
  "author_info_a": {
    "name": "renaudboutet",
    "email": "support@logmatic.io"
  },
  "author_info_b": {
    "name": "Guillaume Polaert",
    "email": "guillaume@logmatic.io"
  },
  "num_conflict_regions": 1,
  "conflict_region_spans": [
    {
      "conflict_id": 1,
      "a": {
        "start": 29,
        "end": 30
      },
      "base": {
        "start": 29,
        "end": 30
      },
      "b": {
        "start": 29,
        "end": 30
      }
    }
  ]
}