{
  "repository_origin_url": "https://github.com/microsoft/ApplicationInsights-Java.git",
  "commit_id": "638f303d76cdc3adda3dc0fed0187ab35905b464",
  "commit_date": "Wed, 26 Apr 2017 14:38:25 +0200",
  "commit_message": "Serialization of spans\n\n",
  "conflict_file_id": 153,
  "filename": "src/main/java/com/datadoghq/trace/impl/DDSpan.java",
  "last_commit_on_a": "0399cb03e31cd32326e8897b967643102b529ecb",
  "last_commit_on_b": "df1c528c6d3b7bd0980039fadc8d9ccd5def1fdb",
  "author_info_a": {
    "name": "renaudboutet",
    "email": "support@logmatic.io"
  },
  "author_info_b": {
    "name": "Guillaume Polaert",
    "email": "guillaume@logmatic.io"
  },
  "num_conflict_regions": 5,
  "conflict_region_spans": [
    {
      "conflict_id": 1,
      "a": {
        "start": 54,
        "end": 56
      },
      "base": {
        "start": 54,
        "end": 56
      },
      "b": {
        "start": 54,
        "end": 56
      }
    },
    {
      "conflict_id": 2,
      "a": {
        "start": 58,
        "end": 60
      },
      "base": {
        "start": 58,
        "end": 60
      },
      "b": {
        "start": 58,
        "end": 60
      }
    },
    {
      "conflict_id": 3,
      "a": {
        "start": 62,
        "end": 64
      },
      "base": {
        "start": 62,
        "end": 64
      },
      "b": {
        "start": 62,
        "end": 65
      }
    },
    {
      "conflict_id": 4,
      "a": {
        "start": 82,
        "end": 84
      },
      "base": {
        "start": 82,
        "end": 84
      },
      "b": {
        "start": 83,
        "end": 86
      }
    },
    {
      "conflict_id": 5,
      "a": {
        "start": 118,
        "end": 154
      },
      "base": {
        "start": 118,
        "end": 121
      },
      "b": {
        "start": 120,
        "end": 127
      }
    }
  ]
}