{
  "repository_origin_url": "https://github.com/microsoft/ApplicationInsights-Java.git",
  "commit_id": "69ea8573b952524030bdc24053afe64fa022076c",
  "commit_date": "Wed, 26 Apr 2017 10:46:59 +0200",
  "commit_message": "pre merge\n\n",
  "conflict_file_id": 154,
  "filename": "src/main/java/com/datadoghq/trace/impl/Tracer.java",
  "last_commit_on_a": "c769fa638623cfb31400bd73fcb4bf0ea2eaab0c",
  "last_commit_on_b": "1a981bb9f30bf1c6bdbdac5e1e8d6342c6ca5d9f",
  "author_info_a": {
    "name": "Guillaume Polaert",
    "email": "guillaume@logmatic.io"
  },
  "author_info_b": {
    "name": "renaudboutet",
    "email": "support@logmatic.io"
  },
  "num_conflict_regions": 5,
  "conflict_region_spans": [
    {
      "conflict_id": 1,
      "a": {
        "start": 28,
        "end": 29
      },
      "base": {
        "start": 28,
        "end": 29
      },
      "b": {
        "start": 28,
        "end": 29
      }
    },
    {
      "conflict_id": 2,
      "a": {
        "start": 30,
        "end": 31
      },
      "base": {
        "start": 30,
        "end": 31
      },
      "b": {
        "start": 30,
        "end": 31
      }
    },
    {
      "conflict_id": 3,
      "a": {
        "start": 37,
        "end": 38
      },
      "base": {
        "start": 37,
        "end": 38
      },
      "b": {
        "start": 37,
        "end": 38
      }
    },
    {
      "conflict_id": 4,
      "a": {
        "start": 93,
        "end": 94
      },
      "base": {
        "start": 93,
        "end": 94
      },
      "b": {
        "start": 93,
        "end": 94
      }
    },
    {
      "conflict_id": 5,
      "a": {
        "start": 96,
        "end": 98
      },
      "base": {
        "start": 96,
        "end": 98
      },
      "b": {
        "start": 96,
        "end": 98
      }
    }
  ]
}