{
  "repository_origin_url": "https://github.com/microsoft/ApplicationInsights-Java.git",
  "commit_id": "68521972ae98a1f852580681510a7ee64b8740ae",
  "commit_date": "Sun, 15 Mar 2015 15:28:00 +0200",
  "commit_message": "Performance counter phase 1\n\n",
  "conflict_file_id": 155,
  "filename": "core/src/main/java/com/microsoft/applicationinsights/internal/config/TelemetryConfigurationFactory.java",
  "last_commit_on_a": "95c520f0e8640fbee1400d6f7802e04847c2f493",
  "last_commit_on_b": "3dc5f2be16e24dc20acfbd44732b321f585e32cf",
  "author_info_a": {
    "name": "Guy Peleg",
    "email": "gupele@microsoft.com"
  },
  "author_info_b": {
    "name": "Guy Peleg",
    "email": "gupele@microsoft.com"
  },
  "num_conflict_regions": 9,
  "conflict_region_spans": [
    {
      "conflict_id": 1,
      "a": {
        "start": 26,
        "end": 28
      },
      "base": {
        "start": 26,
        "end": 27
      },
      "b": {
        "start": 26,
        "end": 32
      }
    },
    {
      "conflict_id": 2,
      "a": {
        "start": 37,
        "end": 38
      },
      "base": {
        "start": 36,
        "end": 36
      },
      "b": {
        "start": 41,
        "end": 43
      }
    },
    {
      "conflict_id": 3,
      "a": {
        "start": 52,
        "end": 67
      },
      "base": {
        "start": 50,
        "end": 62
      },
      "b": {
        "start": 57,
        "end": 57
      }
    },
    {
      "conflict_id": 4,
      "a": {
        "start": 68,
        "end": 69
      },
      "base": {
        "start": 63,
        "end": 63
      },
      "b": {
        "start": 58,
        "end": 61
      }
    },
    {
      "conflict_id": 5,
      "a": {
        "start": 115,
        "end": 121
      },
      "base": {
        "start": 109,
        "end": 111
      },
      "b": {
        "start": 107,
        "end": 108
      }
    },
    {
      "conflict_id": 6,
      "a": {
        "start": 137,
        "end": 144
      },
      "base": {
        "start": 127,
        "end": 134
      },
      "b": {
        "start": 124,
        "end": 131
      }
    },
    {
      "conflict_id": 7,
      "a": {
        "start": 145,
        "end": 148
      },
      "base": {
        "start": 135,
        "end": 142
      },
      "b": {
        "start": 132,
        "end": 135
      }
    },
    {
      "conflict_id": 8,
      "a": {
        "start": 149,
        "end": 161
      },
      "base": {
        "start": 143,
        "end": 167
      },
      "b": {
        "start": 136,
        "end": 138
      }
    },
    {
      "conflict_id": 9,
      "a": {
        "start": 251,
        "end": 254
      },
      "base": {
        "start": 257,
        "end": 260
      },
      "b": {
        "start": 228,
        "end": 231
      }
    }
  ]
}