{
  "repository_origin_url": "https://github.com/microsoft/ApplicationInsights-Java.git",
  "commit_id": "9a69a06873ec0504da1d70d6dc62745de57088a3",
  "commit_date": "Thu, 15 Jan 2015 06:58:42 +0200",
  "commit_message": "Removed all printings, fixed typos and CR stuff\n\n",
  "conflict_file_id": 156,
  "filename": "Core/src/main/java/com/microsoft/applicationinsights/internal/config/TelemetryConfigurationFactory.java",
  "last_commit_on_a": "1a2e66b2b17c8d182fba88cc23865f8e1da97646",
  "last_commit_on_b": "d894d1a3aa4e423230ed6a5bd73896821ace749f",
  "author_info_a": {
    "name": "Guy Peleg",
    "email": "gupele@microsoft.com"
  },
  "author_info_b": {
    "name": "Guy Peleg",
    "email": "gupele@microsoft.com"
  },
  "num_conflict_regions": 10,
  "conflict_region_spans": [
    {
      "conflict_id": 1,
      "a": {
        "start": 271,
        "end": 272
      },
      "base": {
        "start": 271,
        "end": 272
      },
      "b": {
        "start": 271,
        "end": 272
      }
    },
    {
      "conflict_id": 2,
      "a": {
        "start": 273,
        "end": 274
      },
      "base": {
        "start": 273,
        "end": 274
      },
      "b": {
        "start": 273,
        "end": 274
      }
    },
    {
      "conflict_id": 3,
      "a": {
        "start": 275,
        "end": 276
      },
      "base": {
        "start": 275,
        "end": 276
      },
      "b": {
        "start": 275,
        "end": 276
      }
    },
    {
      "conflict_id": 4,
      "a": {
        "start": 277,
        "end": 278
      },
      "base": {
        "start": 277,
        "end": 278
      },
      "b": {
        "start": 277,
        "end": 278
      }
    },
    {
      "conflict_id": 5,
      "a": {
        "start": 279,
        "end": 280
      },
      "base": {
        "start": 279,
        "end": 280
      },
      "b": {
        "start": 279,
        "end": 280
      }
    },
    {
      "conflict_id": 6,
      "a": {
        "start": 307,
        "end": 308
      },
      "base": {
        "start": 307,
        "end": 308
      },
      "b": {
        "start": 307,
        "end": 308
      }
    },
    {
      "conflict_id": 7,
      "a": {
        "start": 309,
        "end": 310
      },
      "base": {
        "start": 309,
        "end": 310
      },
      "b": {
        "start": 309,
        "end": 310
      }
    },
    {
      "conflict_id": 8,
      "a": {
        "start": 311,
        "end": 312
      },
      "base": {
        "start": 311,
        "end": 312
      },
      "b": {
        "start": 311,
        "end": 312
      }
    },
    {
      "conflict_id": 9,
      "a": {
        "start": 313,
        "end": 314
      },
      "base": {
        "start": 313,
        "end": 314
      },
      "b": {
        "start": 313,
        "end": 314
      }
    },
    {
      "conflict_id": 10,
      "a": {
        "start": 315,
        "end": 316
      },
      "base": {
        "start": 315,
        "end": 316
      },
      "b": {
        "start": 315,
        "end": 316
      }
    }
  ]
}