{
  "repository_origin_url": "https://github.com/microsoft/ApplicationInsights-Java.git",
  "commit_id": "9a69a06873ec0504da1d70d6dc62745de57088a3",
  "commit_date": "Thu, 15 Jan 2015 06:58:42 +0200",
  "commit_message": "Removed all printings, fixed typos and CR stuff\n\n",
  "conflict_file_id": 157,
  "filename": "Core/src/main/java/com/microsoft/applicationinsights/internal/channel/common/TransmissionNetworkOutput.java",
  "last_commit_on_a": "1a2e66b2b17c8d182fba88cc23865f8e1da97646",
  "last_commit_on_b": "f0df2acadb875e7beea21a81bea8c55f948a95f4",
  "author_info_a": {
    "name": "Guy Peleg",
    "email": "gupele@microsoft.com"
  },
  "author_info_b": {
    "name": "Guy Peleg",
    "email": "gupele@microsoft.com"
  },
  "num_conflict_regions": 4,
  "conflict_region_spans": [
    {
      "conflict_id": 1,
      "a": {
        "start": 81,
        "end": 82
      },
      "base": {
        "start": 81,
        "end": 82
      },
      "b": {
        "start": 81,
        "end": 82
      }
    },
    {
      "conflict_id": 2,
      "a": {
        "start": 106,
        "end": 107
      },
      "base": {
        "start": 106,
        "end": 107
      },
      "b": {
        "start": 106,
        "end": 107
      }
    },
    {
      "conflict_id": 3,
      "a": {
        "start": 112,
        "end": 114
      },
      "base": {
        "start": 112,
        "end": 116
      },
      "b": {
        "start": 112,
        "end": 114
      }
    },
    {
      "conflict_id": 4,
      "a": {
        "start": 116,
        "end": 119
      },
      "base": {
        "start": 118,
        "end": 119
      },
      "b": {
        "start": 116,
        "end": 117
      }
    }
  ]
}