{
  "repository_origin_url": "https://github.com/microsoft/ApplicationInsights-Java.git",
  "commit_id": "9a69a06873ec0504da1d70d6dc62745de57088a3",
  "commit_date": "Thu, 15 Jan 2015 06:58:42 +0200",
  "commit_message": "Removed all printings, fixed typos and CR stuff\n\n",
  "conflict_file_id": 158,
  "filename": "Core/src/main/java/com/microsoft/applicationinsights/internal/channel/common/GzipTelemetrySerializer.java",
  "last_commit_on_a": "1a2e66b2b17c8d182fba88cc23865f8e1da97646",
  "last_commit_on_b": "012cebd0a3984f1d3dc5fecde81bde1390d0de87",
  "author_info_a": {
    "name": "Guy Peleg",
    "email": "gupele@microsoft.com"
  },
  "author_info_b": {
    "name": "Guy Peleg",
    "email": "gupele@microsoft.com"
  },
  "num_conflict_regions": 1,
  "conflict_region_spans": [
    {
      "conflict_id": 1,
      "a": {
        "start": 52,
        "end": 53
      },
      "base": {
        "start": 52,
        "end": 52
      },
      "b": {
        "start": 52,
        "end": 53
      }
    }
  ]
}