{
  "repository_origin_url": "https://github.com/microsoft/ApplicationInsights-Java.git",
  "commit_id": "932a3ed56924428e0b2e2f609d84fcb4e85f93e4",
  "commit_date": "Sat, 13 Jun 2020 18:27:06 -0700",
  "commit_message": "Build with Java 8\n\n",
  "conflict_file_id": 15,
  "filename": "instrumentation/akka-http-10.0/javaagent/src/main/java/io/opentelemetry/javaagent/instrumentation/akkahttp/AkkaHttpClientInstrumentationModule.java",
  "last_commit_on_a": "1fd63e5af0352f050ea05e389123d5279c380cbc",
  "last_commit_on_b": "2348dbf58fdd0a6c8686c85b1a0fb8928ee54d7f",
  "author_info_a": {
    "name": "Trask Stalnaker",
    "email": "trask.stalnaker@gmail.com"
  },
  "author_info_b": {
    "name": "Trask Stalnaker",
    "email": "trask.stalnaker@gmail.com"
  },
  "num_conflict_regions": 1,
  "conflict_region_spans": [
    {
      "conflict_id": 1,
      "a": {
        "start": 147,
        "end": 149
      },
      "base": {
        "start": 147,
        "end": 148
      },
      "b": {
        "start": 147,
        "end": 150
      }
    }
  ]
}