{
  "repository_origin_url": "https://github.com/microsoft/ApplicationInsights-Java.git",
  "commit_id": "24a50c4da10967477135134ebfcdf54e7336a4a6",
  "commit_date": "Mon, 29 Dec 2014 05:53:52 +0200",
  "commit_message": "TelemetryClient to interface\n\n",
  "conflict_file_id": 163,
  "filename": "Core/src/test/java/com/microsoft/applicationinsights/logging/log4j/v1_2/ApplicationInsightsAppenderTests.java",
  "last_commit_on_a": "d38d82d77fd4482d9e2a561619c1c65cb8361de9",
  "last_commit_on_b": "f9e9c345dd0a9a2351558884eec318372d83c1b9",
  "author_info_a": {
    "name": "Guy Peleg",
    "email": "gupele@microsoft.com"
  },
  "author_info_b": {
    "name": "Yoni Shalom",
    "email": "yonisha@microsoft.com"
  },
  "num_conflict_regions": 1,
  "conflict_region_spans": [
    {
      "conflict_id": 1,
      "a": {
        "start": 3,
        "end": 6
      },
      "base": {
        "start": 3,
        "end": 6
      },
      "b": {
        "start": 3,
        "end": 5
      }
    }
  ]
}