{
  "repository_origin_url": "https://github.com/microsoft/ApplicationInsights-Java.git",
  "commit_id": "932a3ed56924428e0b2e2f609d84fcb4e85f93e4",
  "commit_date": "Sun, 29 Mar 2020 20:29:51 -0700",
  "commit_message": "Implement Application Insights appId exchange\n\n",
  "conflict_file_id": 16,
  "filename": "instrumentation-api/src/main/java/io/opentelemetry/instrumentation/api/tracer/HttpClientTracer.java",
  "last_commit_on_a": "867bf72a8ee492ff7c4704c597dff13fb872196b",
  "last_commit_on_b": "fb74f8394b58cd5f0428381aa83c03727764778f",
  "author_info_a": {
    "name": "Trask Stalnaker",
    "email": "trask.stalnaker@gmail.com"
  },
  "author_info_b": {
    "name": "Trask Stalnaker",
    "email": "trask.stalnaker@gmail.com"
  },
  "num_conflict_regions": 1,
  "conflict_region_spans": [
    {
      "conflict_id": 1,
      "a": {
        "start": 16,
        "end": 19
      },
      "base": {
        "start": 16,
        "end": 18
      },
      "b": {
        "start": 16,
        "end": 18
      }
    }
  ]
}