{
  "repository_origin_url": "https://github.com/microsoft/ApplicationInsights-Java.git",
  "commit_id": "932a3ed56924428e0b2e2f609d84fcb4e85f93e4",
  "commit_date": "Tue, 2 Feb 2021 17:10:16 -0800",
  "commit_message": "Update to otel 0.15.0 (#1469)\n\n",
  "conflict_file_id": 17,
  "filename": "instrumentation/jetty-8.0/javaagent/src/main/java/io/opentelemetry/javaagent/instrumentation/jetty/JettyInstrumentationModule.java",
  "last_commit_on_a": "a344431c7a86c2d6c38b74c2c606de85e5874018",
  "last_commit_on_b": "80f389c77837878a307358d6b0b107b0c353ec05",
  "author_info_a": {
    "name": "Trask Stalnaker",
    "email": "trask.stalnaker@gmail.com"
  },
  "author_info_b": {
    "name": "Lauri Tulmin",
    "email": "ltulmin@splunk.com"
  },
  "num_conflict_regions": 1,
  "conflict_region_spans": [
    {
      "conflict_id": 1,
      "a": {
        "start": 60,
        "end": 74
      },
      "base": {
        "start": 60,
        "end": 70
      },
      "b": {
        "start": 60,
        "end": 61
      }
    }
  ]
}