{
  "repository_origin_url": "https://github.com/microsoft/ApplicationInsights-Java.git",
  "commit_id": "932a3ed56924428e0b2e2f609d84fcb4e85f93e4",
  "commit_date": "Tue, 2 Feb 2021 17:10:16 -0800",
  "commit_message": "Update to otel 0.15.0 (#1469)\n\n",
  "conflict_file_id": 18,
  "filename": "javaagent-bootstrap/src/main/java/io/opentelemetry/javaagent/bootstrap/AgentInitializer.java",
  "last_commit_on_a": "a344431c7a86c2d6c38b74c2c606de85e5874018",
  "last_commit_on_b": "74d1836928fc689e4392e22b1cea64a4a4726830",
  "author_info_a": {
    "name": "Trask Stalnaker",
    "email": "trask.stalnaker@gmail.com"
  },
  "author_info_b": {
    "name": "Trask Stalnaker",
    "email": "trask.stalnaker@gmail.com"
  },
  "num_conflict_regions": 5,
  "conflict_region_spans": [
    {
      "conflict_id": 1,
      "a": {
        "start": 24,
        "end": 59
      },
      "base": {
        "start": 24,
        "end": 44
      },
      "b": {
        "start": 24,
        "end": 24
      }
    },
    {
      "conflict_id": 2,
      "a": {
        "start": 63,
        "end": 74
      },
      "base": {
        "start": 48,
        "end": 49
      },
      "b": {
        "start": 28,
        "end": 30
      }
    },
    {
      "conflict_id": 3,
      "a": {
        "start": 80,
        "end": 86
      },
      "base": {
        "start": 55,
        "end": 55
      },
      "b": {
        "start": 36,
        "end": 38
      }
    },
    {
      "conflict_id": 4,
      "a": {
        "start": 87,
        "end": 91
      },
      "base": {
        "start": 56,
        "end": 71
      },
      "b": {
        "start": 39,
        "end": 44
      }
    },
    {
      "conflict_id": 5,
      "a": {
        "start": 92,
        "end": 118
      },
      "base": {
        "start": 72,
        "end": 97
      },
      "b": {
        "start": 45,
        "end": 55
      }
    }
  ]
}