{
  "repository_origin_url": "https://github.com/microsoft/ApplicationInsights-Java.git",
  "commit_id": "932a3ed56924428e0b2e2f609d84fcb4e85f93e4",
  "commit_date": "Tue, 9 Feb 2021 10:58:45 -0800",
  "commit_message": "Fix tests\n\n",
  "conflict_file_id": 20,
  "filename": "instrumentation/servlet/servlet-2.2/javaagent/src/main/java/io/opentelemetry/javaagent/instrumentation/servlet/v2_2/Servlet2Advice.java",
  "last_commit_on_a": "b01574ddecdf8f8be3de6704fdf7d0965ece0c7f",
  "last_commit_on_b": "02bdbb57786015621d468ccf8f3ac70676c8c2a7",
  "author_info_a": {
    "name": "Trask Stalnaker",
    "email": "trask.stalnaker@gmail.com"
  },
  "author_info_b": {
    "name": "Trask Stalnaker",
    "email": "trask.stalnaker@gmail.com"
  },
  "num_conflict_regions": 1,
  "conflict_region_spans": [
    {
      "conflict_id": 1,
      "a": {
        "start": 51,
        "end": 57
      },
      "base": {
        "start": 51,
        "end": 52
      },
      "b": {
        "start": 51,
        "end": 52
      }
    }
  ]
}