{
  "repository_origin_url": "https://github.com/microsoft/ApplicationInsights-Java.git",
  "commit_id": "932a3ed56924428e0b2e2f609d84fcb4e85f93e4",
  "commit_date": "Tue, 9 Feb 2021 20:48:29 -0800",
  "commit_message": "Merge branch 'applicationinsights-vendor-hooks' into otel-fork-updated\n\n",
  "conflict_file_id": 21,
  "filename": "javaagent-tooling/src/main/java/io/opentelemetry/javaagent/tooling/AgentInstaller.java",
  "last_commit_on_a": "134f3aed1073319da9654bdf6688e3eed0f9f652",
  "last_commit_on_b": "5c0105a63ffcc301cad64faa1cac761b67f3f12f",
  "author_info_a": {
    "name": "Trask Stalnaker",
    "email": "trask.stalnaker@gmail.com"
  },
  "author_info_b": {
    "name": "Trask Stalnaker",
    "email": "trask.stalnaker@gmail.com"
  },
  "num_conflict_regions": 3,
  "conflict_region_spans": [
    {
      "conflict_id": 1,
      "a": {
        "start": 28,
        "end": 29
      },
      "base": {
        "start": 28,
        "end": 28
      },
      "b": {
        "start": 28,
        "end": 29
      }
    },
    {
      "conflict_id": 2,
      "a": {
        "start": 95,
        "end": 98
      },
      "base": {
        "start": 94,
        "end": 99
      },
      "b": {
        "start": 95,
        "end": 95
      }
    },
    {
      "conflict_id": 3,
      "a": {
        "start": 99,
        "end": 114
      },
      "base": {
        "start": 100,
        "end": 100
      },
      "b": {
        "start": 96,
        "end": 97
      }
    }
  ]
}