{
  "repository_origin_url": "https://github.com/microsoft/ApplicationInsights-Java.git",
  "commit_id": "932a3ed56924428e0b2e2f609d84fcb4e85f93e4",
  "commit_date": "Tue, 2 Feb 2021 17:10:16 -0800",
  "commit_message": "Update to otel 0.15.0 (#1469)\n\n",
  "conflict_file_id": 23,
  "filename": "instrumentation/http-url-connection/javaagent/src/main/java/io/opentelemetry/javaagent/instrumentation/httpurlconnection/HttpUrlConnectionInstrumentationModule.java",
  "last_commit_on_a": "a344431c7a86c2d6c38b74c2c606de85e5874018",
  "last_commit_on_b": "fb74f8394b58cd5f0428381aa83c03727764778f",
  "author_info_a": {
    "name": "Trask Stalnaker",
    "email": "trask.stalnaker@gmail.com"
  },
  "author_info_b": {
    "name": "Trask Stalnaker",
    "email": "trask.stalnaker@gmail.com"
  },
  "num_conflict_regions": 1,
  "conflict_region_spans": [
    {
      "conflict_id": 1,
      "a": {
        "start": 159,
        "end": 163
      },
      "base": {
        "start": 159,
        "end": 159
      },
      "b": {
        "start": 159,
        "end": 180
      }
    }
  ]
}