{
  "repository_origin_url": "https://github.com/microsoft/ApplicationInsights-Java.git",
  "commit_id": "6f30f0cb42d812b8317c5e5eb94cf31144b20c59",
  "commit_date": "Tue, 2 Feb 2021 17:10:16 -0800",
  "commit_message": "Update to otel 0.15.0 (#1469)\n\n",
  "conflict_file_id": 24,
  "filename": "javaagent-api/src/main/java/io/opentelemetry/javaagent/instrumentation/api/CallDepth.java",
  "last_commit_on_a": "a344431c7a86c2d6c38b74c2c606de85e5874018",
  "last_commit_on_b": "27d5786d65f7484b918896aa4c8035e004e5e7ac",
  "author_info_a": {
    "name": "Trask Stalnaker",
    "email": "trask.stalnaker@gmail.com"
  },
  "author_info_b": {
    "name": "Mateusz Rzeszutek",
    "email": "mrzeszutek@splunk.com"
  },
  "num_conflict_regions": 1,
  "conflict_region_spans": [
    {
      "conflict_id": 1,
      "a": {
        "start": 23,
        "end": 27
      },
      "base": {
        "start": 23,
        "end": 23
      },
      "b": {
        "start": 23,
        "end": 31
      }
    }
  ]
}