{
  "repository_origin_url": "https://github.com/microsoft/ApplicationInsights-Java.git",
  "commit_id": "6f30f0cb42d812b8317c5e5eb94cf31144b20c59",
  "commit_date": "Sun, 29 Mar 2020 20:29:51 -0700",
  "commit_message": "Implement Application Insights appId exchange\n\n",
  "conflict_file_id": 25,
  "filename": "instrumentation/netty/netty-4.1/javaagent/src/main/java/io/opentelemetry/javaagent/instrumentation/netty/v4_1/server/HttpServerResponseTracingHandler.java",
  "last_commit_on_a": "7200852dd039a9b008cd2caaaaefce03da1eedca",
  "last_commit_on_b": "b01574ddecdf8f8be3de6704fdf7d0965ece0c7f",
  "author_info_a": {
    "name": "Trask Stalnaker",
    "email": "trask.stalnaker@gmail.com"
  },
  "author_info_b": {
    "name": "Trask Stalnaker",
    "email": "trask.stalnaker@gmail.com"
  },
  "num_conflict_regions": 1,
  "conflict_region_spans": [
    {
      "conflict_id": 1,
      "a": {
        "start": 28,
        "end": 34
      },
      "base": {
        "start": 28,
        "end": 28
      },
      "b": {
        "start": 28,
        "end": 33
      }
    }
  ]
}