{
  "repository_origin_url": "https://github.com/microsoft/ApplicationInsights-Java.git",
  "commit_id": "c3b9169d6ccc659a485c500c8e93c7b7a05d9fc6",
  "commit_date": "Tue, 2 Feb 2021 17:10:16 -0800",
  "commit_message": "Update to otel 0.15.0 (#1469)\n\n",
  "conflict_file_id": 29,
  "filename": "instrumentation-api/src/main/java/io/opentelemetry/instrumentation/api/tracer/HttpServerTracer.java",
  "last_commit_on_a": "a344431c7a86c2d6c38b74c2c606de85e5874018",
  "last_commit_on_b": "eb6c9524f75caeb6532e45af2752adf4994539dc",
  "author_info_a": {
    "name": "Trask Stalnaker",
    "email": "trask.stalnaker@gmail.com"
  },
  "author_info_b": {
    "name": "Trask Stalnaker",
    "email": "trask.stalnaker@gmail.com"
  },
  "num_conflict_regions": 1,
  "conflict_region_spans": [
    {
      "conflict_id": 1,
      "a": {
        "start": 161,
        "end": 166
      },
      "base": {
        "start": 161,
        "end": 161
      },
      "b": {
        "start": 161,
        "end": 166
      }
    }
  ]
}