{
  "repository_origin_url": "https://github.com/microsoft/ApplicationInsights-Java.git",
  "commit_id": "1876ff04d82438de528209dc831217a1e75aa781",
  "commit_date": "Sun, 29 Mar 2020 20:29:51 -0700",
  "commit_message": "Implement Application Insights appId exchange\n\n",
  "conflict_file_id": 31,
  "filename": "instrumentation-api/src/main/java/io/opentelemetry/instrumentation/api/tracer/HttpClientTracer.java",
  "last_commit_on_a": "a6a9c59d5d098676a22fff26757888f4b13ff662",
  "last_commit_on_b": "7200852dd039a9b008cd2caaaaefce03da1eedca",
  "author_info_a": {
    "name": "Trask Stalnaker",
    "email": "trask.stalnaker@gmail.com"
  },
  "author_info_b": {
    "name": "Trask Stalnaker",
    "email": "trask.stalnaker@gmail.com"
  },
  "num_conflict_regions": 1,
  "conflict_region_spans": [
    {
      "conflict_id": 1,
      "a": {
        "start": 17,
        "end": 19
      },
      "base": {
        "start": 17,
        "end": 18
      },
      "b": {
        "start": 17,
        "end": 18
      }
    }
  ]
}