{
  "repository_origin_url": "https://github.com/microsoft/ApplicationInsights-Java.git",
  "commit_id": "1876ff04d82438de528209dc831217a1e75aa781",
  "commit_date": "Wed, 9 Dec 2020 15:33:49 -0800",
  "commit_message": "Fix apache http request not captured through Azure Function (#1408)\n* add debug logs for apacheHttpclient\n\n* Comment out classLoaderOptimization\n\n* Use a system property to turn off class loader optimization for azure function\n\n* Clean up debug logs\n\n* Clean up imports\n\n* Remove unused logger\n\n* Undo newline\n\n* rename system property\n\nCo-authored-by: Trask Stalnaker <trask.stalnaker@gmail.com>\n\nCo-authored-by: Trask Stalnaker <trask.stalnaker@gmail.com>\n",
  "conflict_file_id": 32,
  "filename": "javaagent-tooling/src/main/java/io/opentelemetry/javaagent/tooling/InstrumentationModule.java",
  "last_commit_on_a": "f9a4c610c24a063a498f93bfaeb70bf5c6cee6ba",
  "last_commit_on_b": "e9c88dc74ee9a876fb8f596be727a20765ba3691",
  "author_info_a": {
    "name": "Helen Y",
    "email": "56097766+heyams@users.noreply.github.com"
  },
  "author_info_b": {
    "name": "Helen Y",
    "email": "56097766+heyams@users.noreply.github.com"
  },
  "num_conflict_regions": 2,
  "conflict_region_spans": [
    {
      "conflict_id": 1,
      "a": {
        "start": 53,
        "end": 55
      },
      "base": {
        "start": 53,
        "end": 53
      },
      "b": {
        "start": 53,
        "end": 56
      }
    },
    {
      "conflict_id": 2,
      "a": {
        "start": 149,
        "end": 150
      },
      "base": {
        "start": 147,
        "end": 148
      },
      "b": {
        "start": 150,
        "end": 154
      }
    }
  ]
}