{
  "repository_origin_url": "https://github.com/microsoft/ApplicationInsights-Java.git",
  "commit_id": "1876ff04d82438de528209dc831217a1e75aa781",
  "commit_date": "Tue, 7 Apr 2020 20:57:12 -0700",
  "commit_message": "Add backcompat header support\n\n",
  "conflict_file_id": 33,
  "filename": "instrumentation-api/src/main/java/io/opentelemetry/instrumentation/api/tracer/HttpServerTracer.java",
  "last_commit_on_a": "d27d0b4e958801cd2c08613ff9212fed15faf0a6",
  "last_commit_on_b": "b38095920b25cb19103dfc858f9b84183058ca61",
  "author_info_a": {
    "name": "Trask Stalnaker",
    "email": "trask.stalnaker@gmail.com"
  },
  "author_info_b": {
    "name": "Trask Stalnaker",
    "email": "trask.stalnaker@gmail.com"
  },
  "num_conflict_regions": 2,
  "conflict_region_spans": [
    {
      "conflict_id": 1,
      "a": {
        "start": 16,
        "end": 19
      },
      "base": {
        "start": 16,
        "end": 18
      },
      "b": {
        "start": 16,
        "end": 17
      }
    },
    {
      "conflict_id": 2,
      "a": {
        "start": 20,
        "end": 24
      },
      "base": {
        "start": 19,
        "end": 21
      },
      "b": {
        "start": 18,
        "end": 20
      }
    }
  ]
}