{
  "repository_origin_url": "https://github.com/microsoft/ApplicationInsights-Java.git",
  "commit_id": "4a481b6a999adc7a923c1307e7f389c00c0edb27",
  "commit_date": "Sun, 1 Nov 2020 18:31:15 -0800",
  "commit_message": "Misc\n\n",
  "conflict_file_id": 34,
  "filename": "javaagent-tooling/src/main/java/io/opentelemetry/javaagent/tooling/AgentInstaller.java",
  "last_commit_on_a": "aaf5f88a98ebcf5e2848d22365e2d8f4a7f5584e",
  "last_commit_on_b": "9dc36cf03b4f567753e368b90287e8366fb59151",
  "author_info_a": {
    "name": "Trask Stalnaker",
    "email": "trask.stalnaker@gmail.com"
  },
  "author_info_b": {
    "name": "Trask Stalnaker",
    "email": "trask.stalnaker@gmail.com"
  },
  "num_conflict_regions": 2,
  "conflict_region_spans": [
    {
      "conflict_id": 1,
      "a": {
        "start": 84,
        "end": 99
      },
      "base": {
        "start": 84,
        "end": 84
      },
      "b": {
        "start": 84,
        "end": 99
      }
    },
    {
      "conflict_id": 2,
      "a": {
        "start": 102,
        "end": 104
      },
      "base": {
        "start": 87,
        "end": 90
      },
      "b": {
        "start": 102,
        "end": 104
      }
    }
  ]
}