{
  "repository_origin_url": "https://github.com/microsoft/ApplicationInsights-Java.git",
  "commit_id": "4a481b6a999adc7a923c1307e7f389c00c0edb27",
  "commit_date": "Wed, 15 Apr 2020 16:32:04 -0700",
  "commit_message": "Better startup exceptions\n\n",
  "conflict_file_id": 35,
  "filename": "javaagent/src/main/java/io/opentelemetry/javaagent/OpenTelemetryAgent.java",
  "last_commit_on_a": "d20e35cca4fcb7a825b04bf5abce509657753372",
  "last_commit_on_b": "4d2009ef7a4a78c4db0451f49622aaa4fa68fbdd",
  "author_info_a": {
    "name": "Trask Stalnaker",
    "email": "trask.stalnaker@gmail.com"
  },
  "author_info_b": {
    "name": "Trask Stalnaker",
    "email": "trask.stalnaker@gmail.com"
  },
  "num_conflict_regions": 1,
  "conflict_region_spans": [
    {
      "conflict_id": 1,
      "a": {
        "start": 63,
        "end": 66
      },
      "base": {
        "start": 63,
        "end": 66
      },
      "b": {
        "start": 63,
        "end": 67
      }
    }
  ]
}