{
  "repository_origin_url": "https://github.com/microsoft/ApplicationInsights-Java.git",
  "commit_id": "4a481b6a999adc7a923c1307e7f389c00c0edb27",
  "commit_date": "Sun, 18 Oct 2020 13:29:30 -0700",
  "commit_message": "Merge branch 'applicationinsights-vendor-hooks' into applicationinsights\n\n",
  "conflict_file_id": 36,
  "filename": "javaagent-bootstrap/src/main/java/io/opentelemetry/javaagent/bootstrap/AgentInitializer.java",
  "last_commit_on_a": "5b51c4cf1b3f0971a8e041358908a870b0419053",
  "last_commit_on_b": "28c924bbecfb7ada78d266886d1ef2b850a875be",
  "author_info_a": {
    "name": "Trask Stalnaker",
    "email": "trask.stalnaker@gmail.com"
  },
  "author_info_b": {
    "name": "Trask Stalnaker",
    "email": "trask.stalnaker@gmail.com"
  },
  "num_conflict_regions": 4,
  "conflict_region_spans": [
    {
      "conflict_id": 1,
      "a": {
        "start": 40,
        "end": 56
      },
      "base": {
        "start": 40,
        "end": 41
      },
      "b": {
        "start": 40,
        "end": 56
      }
    },
    {
      "conflict_id": 2,
      "a": {
        "start": 62,
        "end": 79
      },
      "base": {
        "start": 47,
        "end": 49
      },
      "b": {
        "start": 62,
        "end": 79
      }
    },
    {
      "conflict_id": 3,
      "a": {
        "start": 165,
        "end": 167
      },
      "base": {
        "start": 135,
        "end": 136
      },
      "b": {
        "start": 165,
        "end": 167
      }
    },
    {
      "conflict_id": 4,
      "a": {
        "start": 168,
        "end": 175
      },
      "base": {
        "start": 137,
        "end": 148
      },
      "b": {
        "start": 168,
        "end": 175
      }
    }
  ]
}