{
  "repository_origin_url": "https://github.com/microsoft/ApplicationInsights-Java.git",
  "commit_id": "4a481b6a999adc7a923c1307e7f389c00c0edb27",
  "commit_date": "Tue, 7 Apr 2020 20:57:12 -0700",
  "commit_message": "Add backcompat header support\n\n",
  "conflict_file_id": 37,
  "filename": "instrumentation-api/src/main/java/io/opentelemetry/instrumentation/api/tracer/HttpServerTracer.java",
  "last_commit_on_a": "41edd5efac4931bbf3facd3b02b43970865a8032",
  "last_commit_on_b": "d27d0b4e958801cd2c08613ff9212fed15faf0a6",
  "author_info_a": {
    "name": "Trask Stalnaker",
    "email": "trask.stalnaker@gmail.com"
  },
  "author_info_b": {
    "name": "Trask Stalnaker",
    "email": "trask.stalnaker@gmail.com"
  },
  "num_conflict_regions": 1,
  "conflict_region_spans": [
    {
      "conflict_id": 1,
      "a": {
        "start": 24,
        "end": 25
      },
      "base": {
        "start": 24,
        "end": 25
      },
      "b": {
        "start": 24,
        "end": 26
      }
    }
  ]
}