{
  "repository_origin_url": "https://github.com/microsoft/ApplicationInsights-Java.git",
  "commit_id": "b2cc2ff3f892e7356944d8dba1d89c3fd3d373c3",
  "commit_date": "Fri, 3 Apr 2020 09:57:50 -0700",
  "commit_message": "Add Micrometer instrumentation\nUnfortunately this is only Application Insights specific so far, but\nthat will change soon.\n\n",
  "conflict_file_id": 3,
  "filename": "javaagent-tooling/src/main/java/io/opentelemetry/javaagent/tooling/matcher/AdditionalLibraryIgnoresMatcher.java",
  "last_commit_on_a": "9f34e9572f96ea894260e99c5d6944cd38049175",
  "last_commit_on_b": "d6d99eeb33adf783808ceea4f79bae2e195720c8",
  "author_info_a": {
    "name": "Trask Stalnaker",
    "email": "trask.stalnaker@gmail.com"
  },
  "author_info_b": {
    "name": "Trask Stalnaker",
    "email": "trask.stalnaker@gmail.com"
  },
  "num_conflict_regions": 1,
  "conflict_region_spans": [
    {
      "conflict_id": 1,
      "a": {
        "start": 346,
        "end": 348
      },
      "base": {
        "start": 346,
        "end": 346
      },
      "b": {
        "start": 346,
        "end": 349
      }
    }
  ]
}