{
  "repository_origin_url": "https://github.com/microsoft/ApplicationInsights-Java.git",
  "commit_id": "2b2c12923ba6458f222678f444e8711c5d18c8af",
  "commit_date": "Sun, 18 Oct 2020 13:29:30 -0700",
  "commit_message": "Merge branch 'applicationinsights-vendor-hooks' into applicationinsights\n\n",
  "conflict_file_id": 40,
  "filename": "javaagent-bootstrap/src/main/java/io/opentelemetry/javaagent/bootstrap/AgentInitializer.java",
  "last_commit_on_a": "5b51c4cf1b3f0971a8e041358908a870b0419053",
  "last_commit_on_b": "b7b4ce3eec05f0130b117d5f954247e82dd1e932",
  "author_info_a": {
    "name": "Trask Stalnaker",
    "email": "trask.stalnaker@gmail.com"
  },
  "author_info_b": {
    "name": "Trask Stalnaker",
    "email": "trask.stalnaker@gmail.com"
  },
  "num_conflict_regions": 5,
  "conflict_region_spans": [
    {
      "conflict_id": 1,
      "a": {
        "start": 40,
        "end": 56
      },
      "base": {
        "start": 40,
        "end": 41
      },
      "b": {
        "start": 40,
        "end": 56
      }
    },
    {
      "conflict_id": 2,
      "a": {
        "start": 60,
        "end": 76
      },
      "base": {
        "start": 45,
        "end": 46
      },
      "b": {
        "start": 60,
        "end": 76
      }
    },
    {
      "conflict_id": 3,
      "a": {
        "start": 77,
        "end": 79
      },
      "base": {
        "start": 47,
        "end": 49
      },
      "b": {
        "start": 77,
        "end": 79
      }
    },
    {
      "conflict_id": 4,
      "a": {
        "start": 165,
        "end": 167
      },
      "base": {
        "start": 135,
        "end": 136
      },
      "b": {
        "start": 165,
        "end": 167
      }
    },
    {
      "conflict_id": 5,
      "a": {
        "start": 168,
        "end": 175
      },
      "base": {
        "start": 137,
        "end": 148
      },
      "b": {
        "start": 168,
        "end": 175
      }
    }
  ]
}