{
  "repository_origin_url": "https://github.com/microsoft/ApplicationInsights-Java.git",
  "commit_id": "2b2c12923ba6458f222678f444e8711c5d18c8af",
  "commit_date": "Sat, 7 Nov 2020 20:08:40 -0800",
  "commit_message": "Fix jdbc instrumentation\n\n",
  "conflict_file_id": 43,
  "filename": "instrumentation/jdbc/src/main/java/io/opentelemetry/javaagent/instrumentation/jdbc/PreparedStatementInstrumentation.java",
  "last_commit_on_a": "3b659a4a77974fc4491777f759e1326cd8f4c9fe",
  "last_commit_on_b": "45646ff367ba605141d389656303eb10768225a7",
  "author_info_a": {
    "name": "Trask Stalnaker",
    "email": "trask.stalnaker@gmail.com"
  },
  "author_info_b": {
    "name": "Mateusz Rzeszutek",
    "email": "mrzeszutek@splunk.com"
  },
  "num_conflict_regions": 1,
  "conflict_region_spans": [
    {
      "conflict_id": 1,
      "a": {
        "start": 41,
        "end": 71
      },
      "base": {
        "start": 41,
        "end": 48
      },
      "b": {
        "start": 41,
        "end": 41
      }
    }
  ]
}