{
  "repository_origin_url": "https://github.com/microsoft/ApplicationInsights-Java.git",
  "commit_id": "2b2c12923ba6458f222678f444e8711c5d18c8af",
  "commit_date": "Sat, 18 Apr 2020 19:33:05 -0700",
  "commit_message": "Add actuator micrometer support\n\n",
  "conflict_file_id": 44,
  "filename": "javaagent-tooling/src/main/java/io/opentelemetry/javaagent/tooling/matcher/AdditionalLibraryIgnoresMatcher.java",
  "last_commit_on_a": "ba7426a68ba02256db325a4ba5c20573a7f3f30b",
  "last_commit_on_b": "00e7d510d145e9fc91d7623ff8f3413008aac7bb",
  "author_info_a": {
    "name": "Trask Stalnaker",
    "email": "trask.stalnaker@gmail.com"
  },
  "author_info_b": {
    "name": "Trask Stalnaker",
    "email": "trask.stalnaker@gmail.com"
  },
  "num_conflict_regions": 1,
  "conflict_region_spans": [
    {
      "conflict_id": 1,
      "a": {
        "start": 329,
        "end": 332
      },
      "base": {
        "start": 329,
        "end": 330
      },
      "b": {
        "start": 329,
        "end": 333
      }
    }
  ]
}