{
  "repository_origin_url": "https://github.com/microsoft/ApplicationInsights-Java.git",
  "commit_id": "2b2c12923ba6458f222678f444e8711c5d18c8af",
  "commit_date": "Sun, 29 Mar 2020 20:29:51 -0700",
  "commit_message": "Implement Application Insights appId exchange\n\n",
  "conflict_file_id": 45,
  "filename": "instrumentation/apache-httpasyncclient-4.0/src/main/java/io/opentelemetry/javaagent/instrumentation/apachehttpasyncclient/ApacheHttpAsyncClientInstrumentation.java",
  "last_commit_on_a": "784a0f99f1a238c4e18f29a29044ac7a887e603b",
  "last_commit_on_b": "a6a9c59d5d098676a22fff26757888f4b13ff662",
  "author_info_a": {
    "name": "Trask Stalnaker",
    "email": "trask.stalnaker@gmail.com"
  },
  "author_info_b": {
    "name": "Trask Stalnaker",
    "email": "trask.stalnaker@gmail.com"
  },
  "num_conflict_regions": 1,
  "conflict_region_spans": [
    {
      "conflict_id": 1,
      "a": {
        "start": 56,
        "end": 67
      },
      "base": {
        "start": 56,
        "end": 66
      },
      "b": {
        "start": 56,
        "end": 56
      }
    }
  ]
}