{
  "repository_origin_url": "https://github.com/microsoft/ApplicationInsights-Java.git",
  "commit_id": "2b2c12923ba6458f222678f444e8711c5d18c8af",
  "commit_date": "Sat, 7 Nov 2020 20:43:56 -0800",
  "commit_message": "Fix couchbase instrumentation\n\n",
  "conflict_file_id": 48,
  "filename": "instrumentation/couchbase/couchbase-2.0/src/main/java/io/opentelemetry/javaagent/instrumentation/couchbase/v2_0/CouchbaseClusterInstrumentation.java",
  "last_commit_on_a": "c992f7c674e8a5bc12f4e5584d76d096de68eb2d",
  "last_commit_on_b": "d307ffc53206317a1632aeff9410d0240520935d",
  "author_info_a": {
    "name": "Trask Stalnaker",
    "email": "trask.stalnaker@gmail.com"
  },
  "author_info_b": {
    "name": "Mateusz Rzeszutek",
    "email": "mrzeszutek@splunk.com"
  },
  "num_conflict_regions": 1,
  "conflict_region_spans": [
    {
      "conflict_id": 1,
      "a": {
        "start": 37,
        "end": 50
      },
      "base": {
        "start": 37,
        "end": 49
      },
      "b": {
        "start": 37,
        "end": 37
      }
    }
  ]
}