{
  "repository_origin_url": "https://github.com/microsoft/ApplicationInsights-Java.git",
  "commit_id": "b2cc2ff3f892e7356944d8dba1d89c3fd3d373c3",
  "commit_date": "Wed, 10 Mar 2021 13:44:26 -0800",
  "commit_message": "lazily set website site name (#1536)\n\n",
  "conflict_file_id": 4,
  "filename": "instrumentation-api/src/main/java/io/opentelemetry/instrumentation/api/tracer/HttpServerTracer.java",
  "last_commit_on_a": "ca1e5558943b449b48e3c8c301c24b80d858f8ab",
  "last_commit_on_b": "0e15c9bf17c567fb41f3bd195488f47ebafed170",
  "author_info_a": {
    "name": "Helen Y",
    "email": "56097766+heyams@users.noreply.github.com"
  },
  "author_info_b": {
    "name": "Trask Stalnaker",
    "email": "trask.stalnaker@gmail.com"
  },
  "num_conflict_regions": 1,
  "conflict_region_spans": [
    {
      "conflict_id": 1,
      "a": {
        "start": 176,
        "end": 184
      },
      "base": {
        "start": 176,
        "end": 179
      },
      "b": {
        "start": 176,
        "end": 180
      }
    }
  ]
}