{
  "repository_origin_url": "https://github.com/microsoft/ApplicationInsights-Java.git",
  "commit_id": "3235c224720337047821a1138c93e92657ddca93",
  "commit_date": "Tue, 27 Oct 2020 14:21:10 -0700",
  "commit_message": "Add context root to the front of the route in the span name (#1418)\n* Add application root to span name\n\n* Reduce duplicate context lookups\n\n* Use servlet path as route\n\n* Test against jetty instrumentation\n\n* Add JAX-RS context path test\n\n* Fix JAX-RS 1.0 span names\n\n",
  "conflict_file_id": 50,
  "filename": "instrumentation-core/servlet-2.2/src/main/java/io/opentelemetry/instrumentation/servlet/ServletHttpServerTracer.java",
  "last_commit_on_a": "d6868a395ff93829f47a23166ad0415283de3aa2",
  "last_commit_on_b": "41edd5efac4931bbf3facd3b02b43970865a8032",
  "author_info_a": {
    "name": "Trask Stalnaker",
    "email": "trask.stalnaker@gmail.com"
  },
  "author_info_b": {
    "name": "Trask Stalnaker",
    "email": "trask.stalnaker@gmail.com"
  },
  "num_conflict_regions": 4,
  "conflict_region_spans": [
    {
      "conflict_id": 1,
      "a": {
        "start": 8,
        "end": 10
      },
      "base": {
        "start": 8,
        "end": 9
      },
      "b": {
        "start": 8,
        "end": 12
      }
    },
    {
      "conflict_id": 2,
      "a": {
        "start": 11,
        "end": 13
      },
      "base": {
        "start": 10,
        "end": 11
      },
      "b": {
        "start": 13,
        "end": 14
      }
    },
    {
      "conflict_id": 3,
      "a": {
        "start": 27,
        "end": 43
      },
      "base": {
        "start": 25,
        "end": 25
      },
      "b": {
        "start": 28,
        "end": 44
      }
    },
    {
      "conflict_id": 4,
      "a": {
        "start": 127,
        "end": 141
      },
      "base": {
        "start": 109,
        "end": 109
      },
      "b": {
        "start": 128,
        "end": 142
      }
    }
  ]
}