{
  "repository_origin_url": "https://github.com/microsoft/ApplicationInsights-Java.git",
  "commit_id": "3235c224720337047821a1138c93e92657ddca93",
  "commit_date": "Tue, 27 Oct 2020 14:21:10 -0700",
  "commit_message": "Add context root to the front of the route in the span name (#1418)\n* Add application root to span name\n\n* Reduce duplicate context lookups\n\n* Use servlet path as route\n\n* Test against jetty instrumentation\n\n* Add JAX-RS context path test\n\n* Fix JAX-RS 1.0 span names\n\n",
  "conflict_file_id": 51,
  "filename": "instrumentation/spring/spring-webmvc-3.1/javaagent/src/main/java/io/opentelemetry/javaagent/instrumentation/springwebmvc/HandlerAdapterInstrumentation.java",
  "last_commit_on_a": "d6868a395ff93829f47a23166ad0415283de3aa2",
  "last_commit_on_b": "8629edd3463143de3ea3de23882db6ad8c6c5ac5",
  "author_info_a": {
    "name": "Trask Stalnaker",
    "email": "trask.stalnaker@gmail.com"
  },
  "author_info_b": {
    "name": "Mateusz Rzeszutek",
    "email": "mrzeszutek@splunk.com"
  },
  "num_conflict_regions": 6,
  "conflict_region_spans": [
    {
      "conflict_id": 1,
      "a": {
        "start": 8,
        "end": 10
      },
      "base": {
        "start": 8,
        "end": 9
      },
      "b": {
        "start": 8,
        "end": 9
      }
    },
    {
      "conflict_id": 2,
      "a": {
        "start": 12,
        "end": 13
      },
      "base": {
        "start": 11,
        "end": 12
      },
      "b": {
        "start": 11,
        "end": 11
      }
    },
    {
      "conflict_id": 3,
      "a": {
        "start": 21,
        "end": 23
      },
      "base": {
        "start": 20,
        "end": 21
      },
      "b": {
        "start": 19,
        "end": 21
      }
    },
    {
      "conflict_id": 4,
      "a": {
        "start": 62,
        "end": 64
      },
      "base": {
        "start": 60,
        "end": 61
      },
      "b": {
        "start": 60,
        "end": 62
      }
    },
    {
      "conflict_id": 5,
      "a": {
        "start": 66,
        "end": 67
      },
      "base": {
        "start": 63,
        "end": 64
      },
      "b": {
        "start": 64,
        "end": 65
      }
    },
    {
      "conflict_id": 6,
      "a": {
        "start": 70,
        "end": 71
      },
      "base": {
        "start": 67,
        "end": 68
      },
      "b": {
        "start": 68,
        "end": 69
      }
    }
  ]
}