{
  "repository_origin_url": "https://github.com/microsoft/ApplicationInsights-Java.git",
  "commit_id": "3235c224720337047821a1138c93e92657ddca93",
  "commit_date": "Sun, 29 Mar 2020 20:29:51 -0700",
  "commit_message": "Implement Application Insights appId exchange\n\n",
  "conflict_file_id": 52,
  "filename": "instrumentation/netty/netty-4.0/src/main/java/io/opentelemetry/javaagent/instrumentation/netty/v4_0/server/HttpServerResponseTracingHandler.java",
  "last_commit_on_a": "5fe4cddbd2933fd96b6a70a2ef9e6a935472bf33",
  "last_commit_on_b": "784a0f99f1a238c4e18f29a29044ac7a887e603b",
  "author_info_a": {
    "name": "Trask Stalnaker",
    "email": "trask.stalnaker@gmail.com"
  },
  "author_info_b": {
    "name": "Trask Stalnaker",
    "email": "trask.stalnaker@gmail.com"
  },
  "num_conflict_regions": 2,
  "conflict_region_spans": [
    {
      "conflict_id": 1,
      "a": {
        "start": 17,
        "end": 20
      },
      "base": {
        "start": 17,
        "end": 19
      },
      "b": {
        "start": 17,
        "end": 18
      }
    },
    {
      "conflict_id": 2,
      "a": {
        "start": 31,
        "end": 39
      },
      "base": {
        "start": 30,
        "end": 32
      },
      "b": {
        "start": 29,
        "end": 37
      }
    }
  ]
}