{
  "repository_origin_url": "https://github.com/microsoft/ApplicationInsights-Java.git",
  "commit_id": "3235c224720337047821a1138c93e92657ddca93",
  "commit_date": "Thu, 27 Feb 2020 21:11:57 -0800",
  "commit_message": "Vendor hook - additionalBootstrapPackagePrefixes\n\n",
  "conflict_file_id": 53,
  "filename": "instrumentation/java-classloader/src/main/java/io/opentelemetry/javaagent/instrumentation/javaclassloader/ClassLoaderInstrumentation.java",
  "last_commit_on_a": "a346b2345d1f55f9b160fbd653659dd7eb6ef4e5",
  "last_commit_on_b": "2d85a46b1dfced378497da933cfe46399c120233",
  "author_info_a": {
    "name": "Trask Stalnaker",
    "email": "trask.stalnaker@gmail.com"
  },
  "author_info_b": {
    "name": "Trask Stalnaker",
    "email": "trask.stalnaker@gmail.com"
  },
  "num_conflict_regions": 1,
  "conflict_region_spans": [
    {
      "conflict_id": 1,
      "a": {
        "start": 21,
        "end": 22
      },
      "base": {
        "start": 21,
        "end": 21
      },
      "b": {
        "start": 21,
        "end": 23
      }
    }
  ]
}