{
  "repository_origin_url": "https://github.com/microsoft/ApplicationInsights-Java.git",
  "commit_id": "3235c224720337047821a1138c93e92657ddca93",
  "commit_date": "Tue, 27 Oct 2020 20:21:00 -0700",
  "commit_message": "More jetty handler exclusions\n\n",
  "conflict_file_id": 54,
  "filename": "instrumentation/jetty-8.0/src/main/java/io/opentelemetry/javaagent/instrumentation/jetty/JettyHandlerInstrumentation.java",
  "last_commit_on_a": "b15566281ab709aa65a924810e1351b3e5fd2a67",
  "last_commit_on_b": "f046e598c6dd7979c468743a6322420b6fef62eb",
  "author_info_a": {
    "name": "Trask Stalnaker",
    "email": "trask.stalnaker@gmail.com"
  },
  "author_info_b": {
    "name": "Trask Stalnaker",
    "email": "trask.stalnaker@gmail.com"
  },
  "num_conflict_regions": 1,
  "conflict_region_spans": [
    {
      "conflict_id": 1,
      "a": {
        "start": 39,
        "end": 52
      },
      "base": {
        "start": 39,
        "end": 40
      },
      "b": {
        "start": 39,
        "end": 48
      }
    }
  ]
}