{
  "repository_origin_url": "https://github.com/microsoft/ApplicationInsights-Java.git",
  "commit_id": "3235c224720337047821a1138c93e92657ddca93",
  "commit_date": "Tue, 27 Oct 2020 14:21:10 -0700",
  "commit_message": "Add context root to the front of the route in the span name (#1418)\n* Add application root to span name\n\n* Reduce duplicate context lookups\n\n* Use servlet path as route\n\n* Test against jetty instrumentation\n\n* Add JAX-RS context path test\n\n* Fix JAX-RS 1.0 span names\n\n",
  "conflict_file_id": 55,
  "filename": "instrumentation/spring/spring-webflux-5.0/javaagent/src/main/java/io/opentelemetry/javaagent/instrumentation/spring/webflux/server/RouteOnSuccessOrError.java",
  "last_commit_on_a": "d6868a395ff93829f47a23166ad0415283de3aa2",
  "last_commit_on_b": "c6eee706604a9edf35758d90dc974e4ee82a0f0a",
  "author_info_a": {
    "name": "Trask Stalnaker",
    "email": "trask.stalnaker@gmail.com"
  },
  "author_info_b": {
    "name": "Anuraag Agrawal",
    "email": "aanuraag@amazon.co.jp"
  },
  "num_conflict_regions": 1,
  "conflict_region_spans": [
    {
      "conflict_id": 1,
      "a": {
        "start": 8,
        "end": 10
      },
      "base": {
        "start": 8,
        "end": 9
      },
      "b": {
        "start": 8,
        "end": 11
      }
    }
  ]
}