{
  "repository_origin_url": "https://github.com/microsoft/ApplicationInsights-Java.git",
  "commit_id": "3235c224720337047821a1138c93e92657ddca93",
  "commit_date": "Mon, 19 Oct 2020 18:52:50 +0100",
  "commit_message": "capture mongodb database name as mongo-db.name attribute instead of client description (#1419)\n\n",
  "conflict_file_id": 56,
  "filename": "instrumentation/mongo/mongo-common/src/main/java/io/opentelemetry/javaagent/instrumentation/mongo/MongoClientTracer.java",
  "last_commit_on_a": "359f6c2c5bc535fb9965d08b7e2722ae959de19b",
  "last_commit_on_b": "d3b60a5e337bb7edf1b68f0fe002d83b4781338b",
  "author_info_a": {
    "name": "Ioannis Mavroukakis",
    "email": "imavroukakis@gmail.com"
  },
  "author_info_b": {
    "name": "Anuraag Agrawal",
    "email": "aanuraag@amazon.co.jp"
  },
  "num_conflict_regions": 2,
  "conflict_region_spans": [
    {
      "conflict_id": 1,
      "a": {
        "start": 14,
        "end": 17
      },
      "base": {
        "start": 14,
        "end": 15
      },
      "b": {
        "start": 14,
        "end": 15
      }
    },
    {
      "conflict_id": 2,
      "a": {
        "start": 44,
        "end": 49
      },
      "base": {
        "start": 42,
        "end": 59
      },
      "b": {
        "start": 42,
        "end": 47
      }
    }
  ]
}