{
  "repository_origin_url": "https://github.com/microsoft/ApplicationInsights-Java.git",
  "commit_id": "3235c224720337047821a1138c93e92657ddca93",
  "commit_date": "Tue, 27 Oct 2020 14:21:10 -0700",
  "commit_message": "Add context root to the front of the route in the span name (#1418)\n* Add application root to span name\n\n* Reduce duplicate context lookups\n\n* Use servlet path as route\n\n* Test against jetty instrumentation\n\n* Add JAX-RS context path test\n\n* Fix JAX-RS 1.0 span names\n\n",
  "conflict_file_id": 57,
  "filename": "instrumentation/jaxrs/jaxrs-2.0/jaxrs-2.0-common/src/main/java/io/opentelemetry/javaagent/instrumentation/jaxrs/v2_0/AbstractRequestContextInstrumentation.java",
  "last_commit_on_a": "d6868a395ff93829f47a23166ad0415283de3aa2",
  "last_commit_on_b": "d3b60a5e337bb7edf1b68f0fe002d83b4781338b",
  "author_info_a": {
    "name": "Trask Stalnaker",
    "email": "trask.stalnaker@gmail.com"
  },
  "author_info_b": {
    "name": "Anuraag Agrawal",
    "email": "aanuraag@amazon.co.jp"
  },
  "num_conflict_regions": 3,
  "conflict_region_spans": [
    {
      "conflict_id": 1,
      "a": {
        "start": 18,
        "end": 19
      },
      "base": {
        "start": 18,
        "end": 18
      },
      "b": {
        "start": 18,
        "end": 20
      }
    },
    {
      "conflict_id": 2,
      "a": {
        "start": 71,
        "end": 75
      },
      "base": {
        "start": 70,
        "end": 73
      },
      "b": {
        "start": 72,
        "end": 76
      }
    },
    {
      "conflict_id": 3,
      "a": {
        "start": 83,
        "end": 84
      },
      "base": {
        "start": 81,
        "end": 82
      },
      "b": {
        "start": 84,
        "end": 85
      }
    }
  ]
}