{
  "repository_origin_url": "https://github.com/microsoft/ApplicationInsights-Java.git",
  "commit_id": "3235c224720337047821a1138c93e92657ddca93",
  "commit_date": "Sun, 29 Mar 2020 20:29:51 -0700",
  "commit_message": "Implement Application Insights appId exchange\n\n",
  "conflict_file_id": 60,
  "filename": "testing-common/src/main/groovy/io/opentelemetry/instrumentation/test/AgentTestRunner.java",
  "last_commit_on_a": "5fe4cddbd2933fd96b6a70a2ef9e6a935472bf33",
  "last_commit_on_b": "784a0f99f1a238c4e18f29a29044ac7a887e603b",
  "author_info_a": {
    "name": "Trask Stalnaker",
    "email": "trask.stalnaker@gmail.com"
  },
  "author_info_b": {
    "name": "Trask Stalnaker",
    "email": "trask.stalnaker@gmail.com"
  },
  "num_conflict_regions": 1,
  "conflict_region_spans": [
    {
      "conflict_id": 1,
      "a": {
        "start": 118,
        "end": 128
      },
      "base": {
        "start": 118,
        "end": 120
      },
      "b": {
        "start": 118,
        "end": 128
      }
    }
  ]
}