{
  "repository_origin_url": "https://github.com/microsoft/ApplicationInsights-Java.git",
  "commit_id": "3235c224720337047821a1138c93e92657ddca93",
  "commit_date": "Tue, 20 Oct 2020 05:34:10 -0700",
  "commit_message": "Fix span name populated by JAX-RS instrumentation (#1425)\n* Fix span name populated by jaxrs instrumentation\n\n* fix\n",
  "conflict_file_id": 62,
  "filename": "instrumentation/jaxrs/jaxrs-2.0/jaxrs-2.0-common/src/main/java/io/opentelemetry/javaagent/instrumentation/jaxrs/v2_0/JaxRsAnnotationsTracer.java",
  "last_commit_on_a": "466831531ca8eda48f96e0ad80e8a23f1593483d",
  "last_commit_on_b": "d3b60a5e337bb7edf1b68f0fe002d83b4781338b",
  "author_info_a": {
    "name": "Trask Stalnaker",
    "email": "trask.stalnaker@gmail.com"
  },
  "author_info_b": {
    "name": "Anuraag Agrawal",
    "email": "aanuraag@amazon.co.jp"
  },
  "num_conflict_regions": 1,
  "conflict_region_spans": [
    {
      "conflict_id": 1,
      "a": {
        "start": 10,
        "end": 12
      },
      "base": {
        "start": 10,
        "end": 10
      },
      "b": {
        "start": 10,
        "end": 13
      }
    }
  ]
}