{
  "repository_origin_url": "https://github.com/microsoft/ApplicationInsights-Java.git",
  "commit_id": "3235c224720337047821a1138c93e92657ddca93",
  "commit_date": "Tue, 20 Oct 2020 16:36:14 +0900",
  "commit_message": "Fix grpc instrumentation cannot be applied due to muzzle error and add smoke test.\n\n",
  "conflict_file_id": 64,
  "filename": "instrumentation/grpc-1.5/library/src/main/java/io/opentelemetry/instrumentation/grpc/v1_5/server/TracingServerInterceptor.java",
  "last_commit_on_a": "11ff8a76d62248988b0da62ef25286f1d699241e",
  "last_commit_on_b": "c6eee706604a9edf35758d90dc974e4ee82a0f0a",
  "author_info_a": {
    "name": "Anuraag Agrawal",
    "email": "aanuraag@amazon.co.jp"
  },
  "author_info_b": {
    "name": "Anuraag Agrawal",
    "email": "aanuraag@amazon.co.jp"
  },
  "num_conflict_regions": 9,
  "conflict_region_spans": [
    {
      "conflict_id": 1,
      "a": {
        "start": 8,
        "end": 11
      },
      "base": {
        "start": 8,
        "end": 10
      },
      "b": {
        "start": 8,
        "end": 8
      }
    },
    {
      "conflict_id": 2,
      "a": {
        "start": 20,
        "end": 23
      },
      "base": {
        "start": 19,
        "end": 20
      },
      "b": {
        "start": 17,
        "end": 23
      }
    },
    {
      "conflict_id": 3,
      "a": {
        "start": 66,
        "end": 67
      },
      "base": {
        "start": 63,
        "end": 64
      },
      "b": {
        "start": 66,
        "end": 67
      }
    },
    {
      "conflict_id": 4,
      "a": {
        "start": 89,
        "end": 90
      },
      "base": {
        "start": 86,
        "end": 87
      },
      "b": {
        "start": 89,
        "end": 90
      }
    },
    {
      "conflict_id": 5,
      "a": {
        "start": 121,
        "end": 124
      },
      "base": {
        "start": 118,
        "end": 119
      },
      "b": {
        "start": 121,
        "end": 124
      }
    },
    {
      "conflict_id": 6,
      "a": {
        "start": 128,
        "end": 129
      },
      "base": {
        "start": 123,
        "end": 124
      },
      "b": {
        "start": 128,
        "end": 129
      }
    },
    {
      "conflict_id": 7,
      "a": {
        "start": 138,
        "end": 139
      },
      "base": {
        "start": 133,
        "end": 134
      },
      "b": {
        "start": 138,
        "end": 139
      }
    },
    {
      "conflict_id": 8,
      "a": {
        "start": 150,
        "end": 151
      },
      "base": {
        "start": 145,
        "end": 146
      },
      "b": {
        "start": 150,
        "end": 151
      }
    },
    {
      "conflict_id": 9,
      "a": {
        "start": 161,
        "end": 162
      },
      "base": {
        "start": 156,
        "end": 157
      },
      "b": {
        "start": 161,
        "end": 162
      }
    }
  ]
}