{
  "repository_origin_url": "https://github.com/microsoft/ApplicationInsights-Java.git",
  "commit_id": "3235c224720337047821a1138c93e92657ddca93",
  "commit_date": "Tue, 27 Oct 2020 14:21:10 -0700",
  "commit_message": "Add context root to the front of the route in the span name (#1418)\n* Add application root to span name\n\n* Reduce duplicate context lookups\n\n* Use servlet path as route\n\n* Test against jetty instrumentation\n\n* Add JAX-RS context path test\n\n* Fix JAX-RS 1.0 span names\n\n",
  "conflict_file_id": 65,
  "filename": "instrumentation/servlet/servlet-3.0/src/main/java/io/opentelemetry/javaagent/instrumentation/servlet/v3_0/Servlet3Advice.java",
  "last_commit_on_a": "d6868a395ff93829f47a23166ad0415283de3aa2",
  "last_commit_on_b": "784a0f99f1a238c4e18f29a29044ac7a887e603b",
  "author_info_a": {
    "name": "Trask Stalnaker",
    "email": "trask.stalnaker@gmail.com"
  },
  "author_info_b": {
    "name": "Trask Stalnaker",
    "email": "trask.stalnaker@gmail.com"
  },
  "num_conflict_regions": 2,
  "conflict_region_spans": [
    {
      "conflict_id": 1,
      "a": {
        "start": 13,
        "end": 15
      },
      "base": {
        "start": 13,
        "end": 15
      },
      "b": {
        "start": 13,
        "end": 15
      }
    },
    {
      "conflict_id": 2,
      "a": {
        "start": 46,
        "end": 53
      },
      "base": {
        "start": 46,
        "end": 48
      },
      "b": {
        "start": 46,
        "end": 54
      }
    }
  ]
}