{
  "repository_origin_url": "https://github.com/microsoft/ApplicationInsights-Java.git",
  "commit_id": "3235c224720337047821a1138c93e92657ddca93",
  "commit_date": "Sun, 1 Nov 2020 18:31:15 -0800",
  "commit_message": "Misc\n\n",
  "conflict_file_id": 66,
  "filename": "javaagent-tooling/src/main/java/io/opentelemetry/javaagent/tooling/AgentInstaller.java",
  "last_commit_on_a": "6559e8f1157523367499d597589e2f69a57aed2a",
  "last_commit_on_b": "aaf5f88a98ebcf5e2848d22365e2d8f4a7f5584e",
  "author_info_a": {
    "name": "Trask Stalnaker",
    "email": "trask.stalnaker@gmail.com"
  },
  "author_info_b": {
    "name": "Trask Stalnaker",
    "email": "trask.stalnaker@gmail.com"
  },
  "num_conflict_regions": 1,
  "conflict_region_spans": [
    {
      "conflict_id": 1,
      "a": {
        "start": 60,
        "end": 80
      },
      "base": {
        "start": 60,
        "end": 60
      },
      "b": {
        "start": 60,
        "end": 82
      }
    }
  ]
}