{
  "repository_origin_url": "https://github.com/microsoft/ApplicationInsights-Java.git",
  "commit_id": "3235c224720337047821a1138c93e92657ddca93",
  "commit_date": "Tue, 27 Oct 2020 16:01:32 -0700",
  "commit_message": "fix\n\n",
  "conflict_file_id": 67,
  "filename": "instrumentation/spring/spring-webmvc-3.1/javaagent/src/main/java/io/opentelemetry/javaagent/instrumentation/springwebmvc/HandlerMappingResourceNameFilter.java",
  "last_commit_on_a": "09ab1c3eaa381ba36d67186584272fc0f20ca981",
  "last_commit_on_b": "d3b60a5e337bb7edf1b68f0fe002d83b4781338b",
  "author_info_a": {
    "name": "Trask Stalnaker",
    "email": "trask.stalnaker@gmail.com"
  },
  "author_info_b": {
    "name": "Anuraag Agrawal",
    "email": "aanuraag@amazon.co.jp"
  },
  "num_conflict_regions": 2,
  "conflict_region_spans": [
    {
      "conflict_id": 1,
      "a": {
        "start": 10,
        "end": 11
      },
      "base": {
        "start": 10,
        "end": 10
      },
      "b": {
        "start": 10,
        "end": 12
      }
    },
    {
      "conflict_id": 2,
      "a": {
        "start": 40,
        "end": 41
      },
      "base": {
        "start": 39,
        "end": 40
      },
      "b": {
        "start": 41,
        "end": 42
      }
    }
  ]
}