{
  "repository_origin_url": "https://github.com/microsoft/ApplicationInsights-Java.git",
  "commit_id": "1b0bc74fc3e499c28501e6c777bae58356d75349",
  "commit_date": "Mon, 2 Nov 2020 13:38:24 -0800",
  "commit_message": "Delete WindowsPerformanceCounterAsPC and WindowsPerformanceCounterAsMetric\n\n",
  "conflict_file_id": 71,
  "filename": "core/src/main/java/com/microsoft/applicationinsights/internal/perfcounter/WindowsPerformanceCounterAsPC.java",
  "last_commit_on_a": "9f4ee706c4883a76df5eec82d25bfb9607afeb07",
  "last_commit_on_b": "ff7240dfc9866a7db83b90625c79ad34ccfd5d07",
  "author_info_a": {
    "name": "Helen Yang",
    "email": "heya@microsoft.com"
  },
  "author_info_b": {
    "name": "Trask Stalnaker",
    "email": "trask.stalnaker@gmail.com"
  },
  "num_conflict_regions": 3,
  "conflict_region_spans": [
    {
      "conflict_id": 1,
      "a": {
        "start": 30,
        "end": 31
      },
      "base": {
        "start": 30,
        "end": 31
      },
      "b": {
        "start": 30,
        "end": 32
      }
    },
    {
      "conflict_id": 2,
      "a": {
        "start": 100,
        "end": 102
      },
      "base": {
        "start": 100,
        "end": 102
      },
      "b": {
        "start": 101,
        "end": 103
      }
    },
    {
      "conflict_id": 3,
      "a": {
        "start": 116,
        "end": 117
      },
      "base": {
        "start": 116,
        "end": 122
      },
      "b": {
        "start": 117,
        "end": 123
      }
    }
  ]
}