{
  "repository_origin_url": "https://github.com/microsoft/ApplicationInsights-Java.git",
  "commit_id": "3e174b44112260afe9d392d416dea371bfcc53b3",
  "commit_date": "Sat, 17 Oct 2020 12:04:58 -0700",
  "commit_message": "Allow BeforeAgentInstaller to override Config\n\n",
  "conflict_file_id": 72,
  "filename": "javaagent-tooling/src/main/java/io/opentelemetry/javaagent/tooling/AgentInstaller.java",
  "last_commit_on_a": "3e5847544d4cbe4571fc244557ae8a2082d38b31",
  "last_commit_on_b": "6559e8f1157523367499d597589e2f69a57aed2a",
  "author_info_a": {
    "name": "Trask Stalnaker",
    "email": "trask.stalnaker@gmail.com"
  },
  "author_info_b": {
    "name": "Trask Stalnaker",
    "email": "trask.stalnaker@gmail.com"
  },
  "num_conflict_regions": 1,
  "conflict_region_spans": [
    {
      "conflict_id": 1,
      "a": {
        "start": 56,
        "end": 73
      },
      "base": {
        "start": 56,
        "end": 56
      },
      "b": {
        "start": 56,
        "end": 76
      }
    }
  ]
}