{
  "repository_origin_url": "https://github.com/microsoft/ApplicationInsights-Java.git",
  "commit_id": "b42fb569d8552a76aa6b2e166bd05a317e99c412",
  "commit_date": "Wed, 28 Oct 2020 23:55:40 -0700",
  "commit_message": "added error messages for invalidate configs and includes changes suggested by Trask\n\n",
  "conflict_file_id": 73,
  "filename": "agent/agent-bootstrap/src/main/java/com/microsoft/applicationinsights/agent/bootstrap/configuration/Configuration.java",
  "last_commit_on_a": "b23ef6373e859f079b78026f4f164cf304e37be4",
  "last_commit_on_b": "429d691b79c5598470d2f3e1d4582608a6d497d5",
  "author_info_a": {
    "name": "kryalama",
    "email": "66494519+kryalama@users.noreply.github.com"
  },
  "author_info_b": {
    "name": "Trask Stalnaker",
    "email": "trask.stalnaker@gmail.com"
  },
  "num_conflict_regions": 1,
  "conflict_region_spans": [
    {
      "conflict_id": 1,
      "a": {
        "start": 96,
        "end": 97
      },
      "base": {
        "start": 96,
        "end": 96
      },
      "b": {
        "start": 96,
        "end": 97
      }
    }
  ]
}