{
  "repository_origin_url": "https://github.com/microsoft/ApplicationInsights-Java.git",
  "commit_id": "151639aed5d8cb4700024b8386ea9e4669996334",
  "commit_date": "Tue, 27 Oct 2020 17:35:54 -0700",
  "commit_message": "side effects of removing instrumentationsettings.java\n\n",
  "conflict_file_id": 74,
  "filename": "agent/agent-bootstrap/src/main/java/com/microsoft/applicationinsights/agent/bootstrap/configuration/Configuration.java",
  "last_commit_on_a": "f35f2065926e3a4ad7a36a5386011a6a0b78fc3f",
  "last_commit_on_b": "a201bd682018ab20ba0b269b10db973f4ab220c8",
  "author_info_a": {
    "name": "kryalama",
    "email": "66494519+kryalama@users.noreply.github.com"
  },
  "author_info_b": {
    "name": "Helen Yang",
    "email": "heya@microsoft.com"
  },
  "num_conflict_regions": 1,
  "conflict_region_spans": [
    {
      "conflict_id": 1,
      "a": {
        "start": 106,
        "end": 260
      },
      "base": {
        "start": 106,
        "end": 106
      },
      "b": {
        "start": 106,
        "end": 112
      }
    }
  ]
}