{
  "repository_origin_url": "https://github.com/microsoft/ApplicationInsights-Java.git",
  "commit_id": "194e021d37f500c114699d9c1355f1159c370bb2",
  "commit_date": "Fri, 23 Oct 2020 16:50:36 -0700",
  "commit_message": "Added span processor and attribute processor, unit tests, smoke tests partial working code\n\n",
  "conflict_file_id": 76,
  "filename": "agent/agent-bootstrap/src/test/java/com/microsoft/applicationinsights/agent/bootstrap/configuration/ConfigurationTest.java",
  "last_commit_on_a": "07ac41c3d7ebcab4ee5489014af4deefcb9e90ea",
  "last_commit_on_b": "e6696c36ad610f76204391cb31765adf210a5fbf",
  "author_info_a": {
    "name": "kryalama",
    "email": "66494519+kryalama@users.noreply.github.com"
  },
  "author_info_b": {
    "name": "Trask Stalnaker",
    "email": "trask.stalnaker@gmail.com"
  },
  "num_conflict_regions": 1,
  "conflict_region_spans": [
    {
      "conflict_id": 1,
      "a": {
        "start": 11,
        "end": 17
      },
      "base": {
        "start": 11,
        "end": 13
      },
      "b": {
        "start": 11,
        "end": 13
      }
    }
  ]
}