{
  "repository_origin_url": "https://github.com/microsoft/ApplicationInsights-Java.git",
  "commit_id": "194e021d37f500c114699d9c1355f1159c370bb2",
  "commit_date": "Tue, 27 Oct 2020 17:01:46 -0700",
  "commit_message": "Working with with unit tests for span processing and attribute processing\n\n",
  "conflict_file_id": 77,
  "filename": "agent/agent-tooling/src/main/java/io/opentelemetry/javaagent/tooling/TracerInstaller.java",
  "last_commit_on_a": "e389a3cb82d8d3bc8774b09e0bba09e5b160ad33",
  "last_commit_on_b": "2d048f42d95feaafdd8a3d0c613625722e4809b3",
  "author_info_a": {
    "name": "kryalama",
    "email": "66494519+kryalama@users.noreply.github.com"
  },
  "author_info_b": {
    "name": "Trask Stalnaker",
    "email": "trask.stalnaker@gmail.com"
  },
  "num_conflict_regions": 1,
  "conflict_region_spans": [
    {
      "conflict_id": 1,
      "a": {
        "start": 13,
        "end": 17
      },
      "base": {
        "start": 13,
        "end": 14
      },
      "b": {
        "start": 13,
        "end": 14
      }
    }
  ]
}