{
  "repository_origin_url": "https://github.com/microsoft/ApplicationInsights-Java.git",
  "commit_id": "b5ff2dd86833e8ffb86da342e11fb9fa611d5763",
  "commit_date": "Tue, 7 Apr 2020 20:57:12 -0700",
  "commit_message": "Add backcompat header support\n\n",
  "conflict_file_id": 78,
  "filename": "instrumentation-core/servlet-2.2/src/main/java/io/opentelemetry/instrumentation/servlet/ServletHttpServerTracer.java",
  "last_commit_on_a": "ab8d8989768810c11e2240fb5b7c2886daddf5ed",
  "last_commit_on_b": "d6868a395ff93829f47a23166ad0415283de3aa2",
  "author_info_a": {
    "name": "Trask Stalnaker",
    "email": "trask.stalnaker@gmail.com"
  },
  "author_info_b": {
    "name": "Trask Stalnaker",
    "email": "trask.stalnaker@gmail.com"
  },
  "num_conflict_regions": 1,
  "conflict_region_spans": [
    {
      "conflict_id": 1,
      "a": {
        "start": 128,
        "end": 133
      },
      "base": {
        "start": 128,
        "end": 128
      },
      "b": {
        "start": 128,
        "end": 142
      }
    }
  ]
}