{
  "repository_origin_url": "https://github.com/microsoft/ApplicationInsights-Java.git",
  "commit_id": "7e1644b5c4f38be7bd8f4552fc1a5021c58c8caa",
  "commit_date": "Fri, 19 Feb 2021 15:08:58 -0800",
  "commit_message": "fixup! Implement Application Insights appId exchange\n\n",
  "conflict_file_id": 7,
  "filename": "instrumentation/liberty/liberty/javaagent/src/main/java/io/opentelemetry/javaagent/instrumentation/liberty/LibertyHttpServerTracer.java",
  "last_commit_on_a": "02bdbb57786015621d468ccf8f3ac70676c8c2a7",
  "last_commit_on_b": "ee5f459780a2519c5146e369d742865fb98ac4ce",
  "author_info_a": {
    "name": "Trask Stalnaker",
    "email": "trask.stalnaker@gmail.com"
  },
  "author_info_b": {
    "name": "Trask Stalnaker",
    "email": "trask.stalnaker@gmail.com"
  },
  "num_conflict_regions": 1,
  "conflict_region_spans": [
    {
      "conflict_id": 1,
      "a": {
        "start": 20,
        "end": 25
      },
      "base": {
        "start": 20,
        "end": 26
      },
      "b": {
        "start": 20,
        "end": 22
      }
    }
  ]
}