{
  "repository_origin_url": "https://github.com/microsoft/ApplicationInsights-Java.git",
  "commit_id": "b5ff2dd86833e8ffb86da342e11fb9fa611d5763",
  "commit_date": "Sun, 29 Mar 2020 20:29:51 -0700",
  "commit_message": "Implement Application Insights appId exchange\n\n",
  "conflict_file_id": 80,
  "filename": "instrumentation/servlet/servlet-3.0/src/main/java/io/opentelemetry/javaagent/instrumentation/servlet/v3_0/Servlet3Advice.java",
  "last_commit_on_a": "5fe4cddbd2933fd96b6a70a2ef9e6a935472bf33",
  "last_commit_on_b": "d6868a395ff93829f47a23166ad0415283de3aa2",
  "author_info_a": {
    "name": "Trask Stalnaker",
    "email": "trask.stalnaker@gmail.com"
  },
  "author_info_b": {
    "name": "Trask Stalnaker",
    "email": "trask.stalnaker@gmail.com"
  },
  "num_conflict_regions": 1,
  "conflict_region_spans": [
    {
      "conflict_id": 1,
      "a": {
        "start": 46,
        "end": 52
      },
      "base": {
        "start": 46,
        "end": 47
      },
      "b": {
        "start": 46,
        "end": 52
      }
    }
  ]
}