{
  "repository_origin_url": "https://github.com/microsoft/ApplicationInsights-Java.git",
  "commit_id": "0e2260b4ae977a3f974a9274e9e680c5da9abae3",
  "commit_date": "Tue, 27 Oct 2020 14:23:28 -0700",
  "commit_message": "Change to avoid race condition, get lastModifiedTime as early as possible\n\n",
  "conflict_file_id": 81,
  "filename": "agent/agent-bootstrap/src/main/java/com/microsoft/applicationinsights/agent/bootstrap/MainEntryPoint.java",
  "last_commit_on_a": "a986fde37afc1e45e80689cd30ec918c648024dd",
  "last_commit_on_b": "18d552773102ba58937403edf808029348e4060c",
  "author_info_a": {
    "name": "Helen Yang",
    "email": "heya@microsoft.com"
  },
  "author_info_b": {
    "name": "Trask Stalnaker",
    "email": "trask.stalnaker@gmail.com"
  },
  "num_conflict_regions": 2,
  "conflict_region_spans": [
    {
      "conflict_id": 1,
      "a": {
        "start": 45,
        "end": 48
      },
      "base": {
        "start": 45,
        "end": 46
      },
      "b": {
        "start": 45,
        "end": 46
      }
    },
    {
      "conflict_id": 2,
      "a": {
        "start": 71,
        "end": 75
      },
      "base": {
        "start": 69,
        "end": 70
      },
      "b": {
        "start": 69,
        "end": 70
      }
    }
  ]
}