{
  "repository_origin_url": "https://github.com/microsoft/ApplicationInsights-Java.git",
  "commit_id": "0e2260b4ae977a3f974a9274e9e680c5da9abae3",
  "commit_date": "Tue, 27 Oct 2020 14:23:28 -0700",
  "commit_message": "Change to avoid race condition, get lastModifiedTime as early as possible\n\n",
  "conflict_file_id": 82,
  "filename": "agent/agent-bootstrap/src/main/java/com/microsoft/applicationinsights/agent/bootstrap/configuration/Configuration.java",
  "last_commit_on_a": "a986fde37afc1e45e80689cd30ec918c648024dd",
  "last_commit_on_b": "e6696c36ad610f76204391cb31765adf210a5fbf",
  "author_info_a": {
    "name": "Helen Yang",
    "email": "heya@microsoft.com"
  },
  "author_info_b": {
    "name": "Trask Stalnaker",
    "email": "trask.stalnaker@gmail.com"
  },
  "num_conflict_regions": 2,
  "conflict_region_spans": [
    {
      "conflict_id": 1,
      "a": {
        "start": 24,
        "end": 26
      },
      "base": {
        "start": 24,
        "end": 24
      },
      "b": {
        "start": 24,
        "end": 31
      }
    },
    {
      "conflict_id": 2,
      "a": {
        "start": 28,
        "end": 35
      },
      "base": {
        "start": 26,
        "end": 27
      },
      "b": {
        "start": 33,
        "end": 85
      }
    }
  ]
}