{
  "repository_origin_url": "https://github.com/microsoft/ApplicationInsights-Java.git",
  "commit_id": "b137607fd73893625d060f6de6917c1c48645420",
  "commit_date": "Fri, 23 Oct 2020 16:50:36 -0700",
  "commit_message": "Added span processor and attribute processor, unit tests, smoke tests partial working code\n\n",
  "conflict_file_id": 83,
  "filename": "agent/agent-tooling/src/main/java/com/microsoft/applicationinsights/agent/internal/BeforeAgentInstaller.java",
  "last_commit_on_a": "07ac41c3d7ebcab4ee5489014af4deefcb9e90ea",
  "last_commit_on_b": "3fe2bab5b41746f16fb8fe172add202102f768f4",
  "author_info_a": {
    "name": "kryalama",
    "email": "66494519+kryalama@users.noreply.github.com"
  },
  "author_info_b": {
    "name": "Trask Stalnaker",
    "email": "trask.stalnaker@gmail.com"
  },
  "num_conflict_regions": 1,
  "conflict_region_spans": [
    {
      "conflict_id": 1,
      "a": {
        "start": 114,
        "end": 119
      },
      "base": {
        "start": 114,
        "end": 115
      },
      "b": {
        "start": 114,
        "end": 115
      }
    }
  ]
}