{
  "repository_origin_url": "https://github.com/microsoft/ApplicationInsights-Java.git",
  "commit_id": "ef8f9b747e8b490504f5042133a194bb207bbeca",
  "commit_date": "Sat, 17 Oct 2020 14:37:32 -0700",
  "commit_message": "Update to otel 0.9.0\n\n",
  "conflict_file_id": 85,
  "filename": "agent/agent-tooling/src/main/java/com/microsoft/applicationinsights/agent/internal/BeforeAgentInstaller.java",
  "last_commit_on_a": "bbde9ae7a0b2a3515d4ba655db00fcc1ee2c3bfd",
  "last_commit_on_b": "ed07c2f6809f56d2b8bc853b412d5d9281e990fc",
  "author_info_a": {
    "name": "Trask Stalnaker",
    "email": "trask.stalnaker@gmail.com"
  },
  "author_info_b": {
    "name": "Trask Stalnaker",
    "email": "trask.stalnaker@gmail.com"
  },
  "num_conflict_regions": 1,
  "conflict_region_spans": [
    {
      "conflict_id": 1,
      "a": {
        "start": 63,
        "end": 63
      },
      "base": {
        "start": 63,
        "end": 64
      },
      "b": {
        "start": 63,
        "end": 65
      }
    }
  ]
}