{
  "repository_origin_url": "https://github.com/microsoft/ApplicationInsights-Java.git",
  "commit_id": "390345f0c244c25fac07a652fc7d0b9f49c8e244",
  "commit_date": "Sun, 29 Mar 2020 20:29:51 -0700",
  "commit_message": "Implement Application Insights appId exchange\n\n",
  "conflict_file_id": 86,
  "filename": "javaagent-tooling/src/main/java/io/opentelemetry/javaagent/tooling/TracerInstaller.java",
  "last_commit_on_a": "85a04f9e958d8a7eec124e4e20830e4be3c49b8a",
  "last_commit_on_b": "3f5c644885c00828967e526083749506b28ae00f",
  "author_info_a": {
    "name": "Trask Stalnaker",
    "email": "trask.stalnaker@gmail.com"
  },
  "author_info_b": {
    "name": "Pavol Loffay",
    "email": "p.loffay@gmail.com"
  },
  "num_conflict_regions": 1,
  "conflict_region_spans": [
    {
      "conflict_id": 1,
      "a": {
        "start": 50,
        "end": 56
      },
      "base": {
        "start": 50,
        "end": 51
      },
      "b": {
        "start": 50,
        "end": 51
      }
    }
  ]
}