{
  "repository_origin_url": "https://github.com/microsoft/ApplicationInsights-Java.git",
  "commit_id": "390345f0c244c25fac07a652fc7d0b9f49c8e244",
  "commit_date": "Thu, 24 Sep 2020 12:58:48 -0700",
  "commit_message": "Merge branch 'applicationinsights-url-with-spaces-fix' into applicationinsights\n\n",
  "conflict_file_id": 87,
  "filename": "instrumentation-api/src/main/java/io/opentelemetry/instrumentation/api/tracer/HttpClientTracer.java",
  "last_commit_on_a": "d4b69c8a67a1387c13dfa06d90df2f603b20aa04",
  "last_commit_on_b": "5fe4cddbd2933fd96b6a70a2ef9e6a935472bf33",
  "author_info_a": {
    "name": "Trask Stalnaker",
    "email": "trask.stalnaker@gmail.com"
  },
  "author_info_b": {
    "name": "Trask Stalnaker",
    "email": "trask.stalnaker@gmail.com"
  },
  "num_conflict_regions": 2,
  "conflict_region_spans": [
    {
      "conflict_id": 1,
      "a": {
        "start": 16,
        "end": 19
      },
      "base": {
        "start": 16,
        "end": 18
      },
      "b": {
        "start": 16,
        "end": 17
      }
    },
    {
      "conflict_id": 2,
      "a": {
        "start": 150,
        "end": 165
      },
      "base": {
        "start": 149,
        "end": 164
      },
      "b": {
        "start": 148,
        "end": 162
      }
    }
  ]
}