{
  "repository_origin_url": "https://github.com/microsoft/ApplicationInsights-Java.git",
  "commit_id": "390345f0c244c25fac07a652fc7d0b9f49c8e244",
  "commit_date": "Thu, 27 Feb 2020 21:11:57 -0800",
  "commit_message": "Vendor hook - additionalBootstrapPackagePrefixes\n\n",
  "conflict_file_id": 88,
  "filename": "instrumentation-api/src/main/java/io/opentelemetry/instrumentation/api/config/Config.java",
  "last_commit_on_a": "89b38bdd13754faf4b0e784258621b651197f708",
  "last_commit_on_b": "3e5847544d4cbe4571fc244557ae8a2082d38b31",
  "author_info_a": {
    "name": "Trask Stalnaker",
    "email": "trask.stalnaker@gmail.com"
  },
  "author_info_b": {
    "name": "Trask Stalnaker",
    "email": "trask.stalnaker@gmail.com"
  },
  "num_conflict_regions": 9,
  "conflict_region_spans": [
    {
      "conflict_id": 1,
      "a": {
        "start": 8,
        "end": 18
      },
      "base": {
        "start": 8,
        "end": 16
      },
      "b": {
        "start": 8,
        "end": 11
      }
    },
    {
      "conflict_id": 2,
      "a": {
        "start": 34,
        "end": 148
      },
      "base": {
        "start": 32,
        "end": 117
      },
      "b": {
        "start": 27,
        "end": 28
      }
    },
    {
      "conflict_id": 3,
      "a": {
        "start": 153,
        "end": 232
      },
      "base": {
        "start": 122,
        "end": 183
      },
      "b": {
        "start": 33,
        "end": 43
      }
    },
    {
      "conflict_id": 4,
      "a": {
        "start": 234,
        "end": 305
      },
      "base": {
        "start": 185,
        "end": 240
      },
      "b": {
        "start": 45,
        "end": 47
      }
    },
    {
      "conflict_id": 5,
      "a": {
        "start": 317,
        "end": 342
      },
      "base": {
        "start": 252,
        "end": 275
      },
      "b": {
        "start": 59,
        "end": 62
      }
    },
    {
      "conflict_id": 6,
      "a": {
        "start": 358,
        "end": 364
      },
      "base": {
        "start": 291,
        "end": 297
      },
      "b": {
        "start": 78,
        "end": 80
      }
    },
    {
      "conflict_id": 7,
      "a": {
        "start": 371,
        "end": 373
      },
      "base": {
        "start": 304,
        "end": 306
      },
      "b": {
        "start": 87,
        "end": 89
      }
    },
    {
      "conflict_id": 8,
      "a": {
        "start": 380,
        "end": 391
      },
      "base": {
        "start": 313,
        "end": 325
      },
      "b": {
        "start": 96,
        "end": 98
      }
    },
    {
      "conflict_id": 9,
      "a": {
        "start": 453,
        "end": 633
      },
      "base": {
        "start": 387,
        "end": 531
      },
      "b": {
        "start": 160,
        "end": 160
      }
    }
  ]
}