{
  "repository_origin_url": "https://github.com/microsoft/ApplicationInsights-Java.git",
  "commit_id": "390345f0c244c25fac07a652fc7d0b9f49c8e244",
  "commit_date": "Wed, 15 Apr 2020 16:32:04 -0700",
  "commit_message": "Better startup exceptions\n\n",
  "conflict_file_id": 89,
  "filename": "javaagent-bootstrap/src/main/java/io/opentelemetry/javaagent/bootstrap/AgentInitializer.java",
  "last_commit_on_a": "1bb2b7dc8b9131421a96dc10df9c655239dfd12b",
  "last_commit_on_b": "5b51c4cf1b3f0971a8e041358908a870b0419053",
  "author_info_a": {
    "name": "Trask Stalnaker",
    "email": "trask.stalnaker@gmail.com"
  },
  "author_info_b": {
    "name": "Trask Stalnaker",
    "email": "trask.stalnaker@gmail.com"
  },
  "num_conflict_regions": 3,
  "conflict_region_spans": [
    {
      "conflict_id": 1,
      "a": {
        "start": 60,
        "end": 76
      },
      "base": {
        "start": 60,
        "end": 61
      },
      "b": {
        "start": 60,
        "end": 61
      }
    },
    {
      "conflict_id": 2,
      "a": {
        "start": 77,
        "end": 78
      },
      "base": {
        "start": 62,
        "end": 63
      },
      "b": {
        "start": 62,
        "end": 78
      }
    },
    {
      "conflict_id": 3,
      "a": {
        "start": 168,
        "end": 175
      },
      "base": {
        "start": 153,
        "end": 164
      },
      "b": {
        "start": 168,
        "end": 175
      }
    }
  ]
}