{
  "repository_origin_url": "https://github.com/microsoft/ApplicationInsights-Java.git",
  "commit_id": "7e1644b5c4f38be7bd8f4552fc1a5021c58c8caa",
  "commit_date": "Fri, 3 Apr 2020 09:57:50 -0700",
  "commit_message": "Add Micrometer instrumentation\nUnfortunately this is only Application Insights specific so far, but\nthat will change soon.\n\n",
  "conflict_file_id": 8,
  "filename": "testing-common/src/main/java/io/opentelemetry/instrumentation/testing/AgentTestRunner.java",
  "last_commit_on_a": "47def93b460c589d53a8123dfd65574aa7c5dbbe",
  "last_commit_on_b": "943022a0c1b299d984252e1131a96f998ac1e02a",
  "author_info_a": {
    "name": "Trask Stalnaker",
    "email": "trask.stalnaker@gmail.com"
  },
  "author_info_b": {
    "name": "Trask Stalnaker",
    "email": "trask.stalnaker@gmail.com"
  },
  "num_conflict_regions": 1,
  "conflict_region_spans": [
    {
      "conflict_id": 1,
      "a": {
        "start": 57,
        "end": 58
      },
      "base": {
        "start": 57,
        "end": 57
      },
      "b": {
        "start": 57,
        "end": 63
      }
    }
  ]
}