{
  "repository_origin_url": "https://github.com/microsoft/ApplicationInsights-Java.git",
  "commit_id": "390345f0c244c25fac07a652fc7d0b9f49c8e244",
  "commit_date": "Tue, 7 Apr 2020 20:57:12 -0700",
  "commit_message": "Add backcompat header support\n\n",
  "conflict_file_id": 90,
  "filename": "instrumentation-api/src/main/java/io/opentelemetry/instrumentation/api/tracer/HttpServerTracer.java",
  "last_commit_on_a": "e9806f7de7d2a8bdd6a714e85c3038000b7856b4",
  "last_commit_on_b": "ab8d8989768810c11e2240fb5b7c2886daddf5ed",
  "author_info_a": {
    "name": "Trask Stalnaker",
    "email": "trask.stalnaker@gmail.com"
  },
  "author_info_b": {
    "name": "Trask Stalnaker",
    "email": "trask.stalnaker@gmail.com"
  },
  "num_conflict_regions": 5,
  "conflict_region_spans": [
    {
      "conflict_id": 1,
      "a": {
        "start": 16,
        "end": 19
      },
      "base": {
        "start": 16,
        "end": 18
      },
      "b": {
        "start": 16,
        "end": 18
      }
    },
    {
      "conflict_id": 2,
      "a": {
        "start": 26,
        "end": 29
      },
      "base": {
        "start": 25,
        "end": 27
      },
      "b": {
        "start": 25,
        "end": 26
      }
    },
    {
      "conflict_id": 3,
      "a": {
        "start": 31,
        "end": 32
      },
      "base": {
        "start": 29,
        "end": 29
      },
      "b": {
        "start": 28,
        "end": 30
      }
    },
    {
      "conflict_id": 4,
      "a": {
        "start": 166,
        "end": 193
      },
      "base": {
        "start": 163,
        "end": 175
      },
      "b": {
        "start": 164,
        "end": 175
      }
    },
    {
      "conflict_id": 5,
      "a": {
        "start": 354,
        "end": 372
      },
      "base": {
        "start": 336,
        "end": 336
      },
      "b": {
        "start": 336,
        "end": 361
      }
    }
  ]
}