{
  "repository_origin_url": "https://github.com/microsoft/ApplicationInsights-Java.git",
  "commit_id": "390345f0c244c25fac07a652fc7d0b9f49c8e244",
  "commit_date": "Thu, 23 Jan 2020 18:07:59 -0800",
  "commit_message": "Vendor hook - BeforeAgentInstaller\n\n",
  "conflict_file_id": 91,
  "filename": "javaagent-tooling/src/main/java/io/opentelemetry/javaagent/tooling/AgentInstaller.java",
  "last_commit_on_a": "da624c72bb2bf23d8a5540339844983dd9d1ae83",
  "last_commit_on_b": "3e5847544d4cbe4571fc244557ae8a2082d38b31",
  "author_info_a": {
    "name": "Trask Stalnaker",
    "email": "trask.stalnaker@gmail.com"
  },
  "author_info_b": {
    "name": "Trask Stalnaker",
    "email": "trask.stalnaker@gmail.com"
  },
  "num_conflict_regions": 2,
  "conflict_region_spans": [
    {
      "conflict_id": 1,
      "a": {
        "start": 24,
        "end": 26
      },
      "base": {
        "start": 24,
        "end": 24
      },
      "b": {
        "start": 24,
        "end": 25
      }
    },
    {
      "conflict_id": 2,
      "a": {
        "start": 78,
        "end": 80
      },
      "base": {
        "start": 76,
        "end": 94
      },
      "b": {
        "start": 77,
        "end": 110
      }
    }
  ]
}