{
  "repository_origin_url": "https://github.com/microsoft/ApplicationInsights-Java.git",
  "commit_id": "372827a21482aff7a8fda15fe92353897da01cc8",
  "commit_date": "Fri, 9 Oct 2020 18:22:32 -0700",
  "commit_message": "Change default log capture level to INFO\n\n",
  "conflict_file_id": 92,
  "filename": "agent/agent-tooling/src/main/java/com/microsoft/applicationinsights/agent/internal/BeforeAgentInstaller.java",
  "last_commit_on_a": "11a3565229bd11e20e36be11252c76d4b6406ae6",
  "last_commit_on_b": "5341ef63378d314daf946de1b72977c2be5067a6",
  "author_info_a": {
    "name": "Helen Yang",
    "email": "heya@microsoft.com"
  },
  "author_info_b": {
    "name": "Helen Y",
    "email": "56097766+heyams@users.noreply.github.com"
  },
  "num_conflict_regions": 1,
  "conflict_region_spans": [
    {
      "conflict_id": 1,
      "a": {
        "start": 113,
        "end": 116
      },
      "base": {
        "start": 113,
        "end": 114
      },
      "b": {
        "start": 113,
        "end": 114
      }
    }
  ]
}