{
  "repository_origin_url": "https://github.com/microsoft/ApplicationInsights-Java.git",
  "commit_id": "ad45e01b64ac0529b2eab53b1c2adb5ebb042aed",
  "commit_date": "Wed, 30 Sep 2020 19:28:27 -0700",
  "commit_message": "initial commit with working spanprocessor\n\n",
  "conflict_file_id": 93,
  "filename": "agent/agent-bootstrap/src/test/java/com/microsoft/applicationinsights/agent/bootstrap/configuration/ConfigurationTest.java",
  "last_commit_on_a": "f30949e73e891834d08e276f5491c7a3b6ed8db9",
  "last_commit_on_b": "675faaf1ec32314fcf72230db7cdd7d931de91b6",
  "author_info_a": {
    "name": "kryalama",
    "email": "66494519+kryalama@users.noreply.github.com"
  },
  "author_info_b": {
    "name": "Helen Yang",
    "email": "heya@microsoft.com"
  },
  "num_conflict_regions": 1,
  "conflict_region_spans": [
    {
      "conflict_id": 1,
      "a": {
        "start": 17,
        "end": 18
      },
      "base": {
        "start": 17,
        "end": 17
      },
      "b": {
        "start": 17,
        "end": 19
      }
    }
  ]
}