{
  "repository_origin_url": "https://github.com/microsoft/ApplicationInsights-Java.git",
  "commit_id": "ad45e01b64ac0529b2eab53b1c2adb5ebb042aed",
  "commit_date": "Wed, 30 Sep 2020 19:28:27 -0700",
  "commit_message": "initial commit with working spanprocessor\n\n",
  "conflict_file_id": 94,
  "filename": "agent/agent-bootstrap/src/main/java/com/microsoft/applicationinsights/agent/bootstrap/configuration/InstrumentationSettings.java",
  "last_commit_on_a": "f30949e73e891834d08e276f5491c7a3b6ed8db9",
  "last_commit_on_b": "a8a2d4fe2b7d931ed7c8fe54ebc878d2686b5b8e",
  "author_info_a": {
    "name": "kryalama",
    "email": "66494519+kryalama@users.noreply.github.com"
  },
  "author_info_b": {
    "name": "Helen Yang",
    "email": "heya@microsoft.com"
  },
  "num_conflict_regions": 2,
  "conflict_region_spans": [
    {
      "conflict_id": 1,
      "a": {
        "start": 24,
        "end": 26
      },
      "base": {
        "start": 24,
        "end": 25
      },
      "b": {
        "start": 24,
        "end": 26
      }
    },
    {
      "conflict_id": 2,
      "a": {
        "start": 48,
        "end": 51
      },
      "base": {
        "start": 47,
        "end": 48
      },
      "b": {
        "start": 48,
        "end": 49
      }
    }
  ]
}