{
  "repository_origin_url": "https://github.com/microsoft/ApplicationInsights-Java.git",
  "commit_id": "df270dbe09d157ec38eb8041b5e81d6a474ff6d0",
  "commit_date": "Sun, 29 Mar 2020 20:29:51 -0700",
  "commit_message": "Implement Application Insights appId exchange\n\n",
  "conflict_file_id": 95,
  "filename": "testing-common/src/main/groovy/io/opentelemetry/auto/test/AgentTestRunner.java",
  "last_commit_on_a": "4ad953798606ca8daf69e1dc6103b3138a1ef8ea",
  "last_commit_on_b": "85a04f9e958d8a7eec124e4e20830e4be3c49b8a",
  "author_info_a": {
    "name": "Trask Stalnaker",
    "email": "trask.stalnaker@gmail.com"
  },
  "author_info_b": {
    "name": "Trask Stalnaker",
    "email": "trask.stalnaker@gmail.com"
  },
  "num_conflict_regions": 2,
  "conflict_region_spans": [
    {
      "conflict_id": 1,
      "a": {
        "start": 31,
        "end": 32
      },
      "base": {
        "start": 31,
        "end": 31
      },
      "b": {
        "start": 31,
        "end": 35
      }
    },
    {
      "conflict_id": 2,
      "a": {
        "start": 109,
        "end": 118
      },
      "base": {
        "start": 108,
        "end": 109
      },
      "b": {
        "start": 112,
        "end": 121
      }
    }
  ]
}