{
  "repository_origin_url": "https://github.com/microsoft/ApplicationInsights-Java.git",
  "commit_id": "986d58360b455f89392792fbd37f7ff38dc286d0",
  "commit_date": "Mon, 23 Mar 2020 14:06:05 -0700",
  "commit_message": "Switch from InternalLogger to SLF4J\n\n",
  "conflict_file_id": 96,
  "filename": "core/src/main/java/com/microsoft/applicationinsights/internal/system/SystemInformation.java",
  "last_commit_on_a": "3815e8ab25e958eeb4bb0248e1f7a76324c10b30",
  "last_commit_on_b": "5905c7c07e48d3c4875a86a76b554678f3599be3",
  "author_info_a": {
    "name": "Trask Stalnaker",
    "email": "trask.stalnaker@gmail.com"
  },
  "author_info_b": {
    "name": "Arthur Little",
    "email": "1690572+littleaj@users.noreply.github.com"
  },
  "num_conflict_regions": 1,
  "conflict_region_spans": [
    {
      "conflict_id": 1,
      "a": {
        "start": 70,
        "end": 71
      },
      "base": {
        "start": 70,
        "end": 71
      },
      "b": {
        "start": 70,
        "end": 71
      }
    }
  ]
}