{
  "repository_origin_url": "https://github.com/microsoft/ApplicationInsights-Java.git",
  "commit_id": "986d58360b455f89392792fbd37f7ff38dc286d0",
  "commit_date": "Fri, 26 Jun 2020 16:15:27 -0700",
  "commit_message": "fix exception format string\n\n",
  "conflict_file_id": 97,
  "filename": "core/src/main/java/com/microsoft/applicationinsights/internal/perfcounter/JniPCConnector.java",
  "last_commit_on_a": "6d1a36b86d71c5679ebde01adf1aed025b66ce19",
  "last_commit_on_b": "566bc29917724e1c763b27283f1f6cf9ffdfd09a",
  "author_info_a": {
    "name": "Arthur Little",
    "email": "1690572+littleaj@users.noreply.github.com"
  },
  "author_info_b": {
    "name": "Arthur Little",
    "email": "1690572+littleaj@users.noreply.github.com"
  },
  "num_conflict_regions": 3,
  "conflict_region_spans": [
    {
      "conflict_id": 1,
      "a": {
        "start": 31,
        "end": 33
      },
      "base": {
        "start": 31,
        "end": 31
      },
      "b": {
        "start": 31,
        "end": 32
      }
    },
    {
      "conflict_id": 2,
      "a": {
        "start": 88,
        "end": 91
      },
      "base": {
        "start": 86,
        "end": 89
      },
      "b": {
        "start": 87,
        "end": 90
      }
    },
    {
      "conflict_id": 3,
      "a": {
        "start": 180,
        "end": 181
      },
      "base": {
        "start": 178,
        "end": 179
      },
      "b": {
        "start": 179,
        "end": 180
      }
    }
  ]
}