{
  "repository_origin_url": "https://github.com/microsoft/ApplicationInsights-Java.git",
  "commit_id": "f1ea3be48b7af9300d98ba9bf3ae0c51ef672aa2",
  "commit_date": "Mon, 25 May 2020 22:43:10 -0700",
  "commit_message": "Update to latest opentelemetry-auto-instr-java\n\n",
  "conflict_file_id": 98,
  "filename": "test/smoke/testApps/VerifyShading/src/main/java/com/microsoft/ajl/simple/TestController.java",
  "last_commit_on_a": "59f96f0d1c0772208147242c518eec9ebef517a8",
  "last_commit_on_b": "1a31f4a1f76d7cf8d0e40d0cdedd4a41b4a8812b",
  "author_info_a": {
    "name": "Trask Stalnaker",
    "email": "trask.stalnaker@gmail.com"
  },
  "author_info_b": {
    "name": "Arthur Little",
    "email": "1690572+littleaj@users.noreply.github.com"
  },
  "num_conflict_regions": 1,
  "conflict_region_spans": [
    {
      "conflict_id": 1,
      "a": {
        "start": 57,
        "end": 62
      },
      "base": {
        "start": 57,
        "end": 60
      },
      "b": {
        "start": 57,
        "end": 67
      }
    }
  ]
}