{
  "repository_origin_url": "https://github.com/microsoft/ApplicationInsights-Java.git",
  "commit_id": "cf5fe9feff114cb2c4dc73b712989fcb9f2d9999",
  "commit_date": "Fri, 28 Feb 2020 02:01:33 +0100",
  "commit_message": "Merge branch 'master' into mar-kolya/speedup-context-injection-matchers\n\n",
  "conflict_file_id": 99,
  "filename": "dd-java-agent/agent-tooling/src/main/java/datadog/trace/agent/tooling/context/FieldBackedProvider.java",
  "last_commit_on_a": "3d4ab938889b5a43908427e02a113787ab76b013",
  "last_commit_on_b": "0b196ed3ec9f3d4d2ae8daf570d2ada9d2aca691",
  "author_info_a": {
    "name": "Nikolay Martynov",
    "email": "nikolay.martynov@datadoghq.com"
  },
  "author_info_b": {
    "name": "Nikolay Martynov",
    "email": "nikolay.martynov@datadoghq.com"
  },
  "num_conflict_regions": 1,
  "conflict_region_spans": [
    {
      "conflict_id": 1,
      "a": {
        "start": 372,
        "end": 381
      },
      "base": {
        "start": 372,
        "end": 380
      },
      "b": {
        "start": 372,
        "end": 378
      }
    }
  ]
}