{
  "repository_origin_url": "https://github.com/microsoft/ApplicationInsights-Java.git",
  "commit_id": "7e1644b5c4f38be7bd8f4552fc1a5021c58c8caa",
  "commit_date": "Sat, 20 Feb 2021 12:51:42 -0800",
  "commit_message": "spotless\n\n",
  "conflict_file_id": 9,
  "filename": "javaagent-tooling/src/main/java/io/opentelemetry/javaagent/tooling/config/ConfigInitializer.java",
  "last_commit_on_a": "5c0105a63ffcc301cad64faa1cac761b67f3f12f",
  "last_commit_on_b": "459c7b4bd483589ca709797fcddb0cda78c8fbba",
  "author_info_a": {
    "name": "Trask Stalnaker",
    "email": "trask.stalnaker@gmail.com"
  },
  "author_info_b": {
    "name": "Trask Stalnaker",
    "email": "trask.stalnaker@gmail.com"
  },
  "num_conflict_regions": 1,
  "conflict_region_spans": [
    {
      "conflict_id": 1,
      "a": {
        "start": 22,
        "end": 26
      },
      "base": {
        "start": 22,
        "end": 23
      },
      "b": {
        "start": 22,
        "end": 22
      }
    }
  ]
}