{
  "repository_origin_url": "https://github.com/Azure/azure-cosmosdb-java",
  "commit_id": "d1ec5bbafbd721b7651e4a2256a94b2fcdc05346",
  "commit_date": "Wed, 22 May 2019 14:57:25 -0700",
  "commit_message": "draft fix for global strong retry\n* draft fix for global strong retry\n* improved test setup time by doing bulk insert in parallel instead of serial\n\n",
  "conflict_file_id": 108,
  "filename": "examples/src/test/java/com/microsoft/azure/cosmosdb/rx/examples/DocumentQueryAsyncAPITest.java",
  "last_commit_on_a": "748ca7fe61fcfcdd72592b1c011151f9ad01feb7",
  "last_commit_on_b": "445d175d4191a69f61367ca7aad5051d96c0cecc",
  "author_info_a": {
    "name": "Mohammad Derakhshani",
    "email": "moderakh@users.noreply.github.com"
  },
  "author_info_b": {
    "name": "David Noble",
    "email": "David.Noble@microsoft.com"
  },
  "num_conflict_regions": 1,
  "conflict_region_spans": [
    {
      "conflict_id": 1,
      "a": {
        "start": 126,
        "end": 127
      },
      "base": {
        "start": 126,
        "end": 127
      },
      "b": {
        "start": 126,
        "end": 127
      }
    }
  ]
}