{
  "repository_origin_url": "https://github.com/Azure/azure-cosmosdb-java",
  "commit_id": "5e1efea21eedefea6e260112c1006fce1352138c",
  "commit_date": "Thu, 4 Jul 2019 01:08:34 -0700",
  "commit_message": "Improved logging and tidied code\n\n",
  "conflict_file_id": 10,
  "filename": "sdk/src/test/java/com/microsoft/azure/cosmosdb/rx/TopQueryTests.java",
  "last_commit_on_a": "30296ddd2b96fd68cd7c4d0b183eff9d4643ceb2",
  "last_commit_on_b": "cc5d007aa7e5984ceb4919b910fe2e691bd91647",
  "author_info_a": {
    "name": "David.Noble@microsoft.com",
    "email": "David.Noble@microsoft.com"
  },
  "author_info_b": {
    "name": "Christopher Anderson",
    "email": "chrande@microsoft.com"
  },
  "num_conflict_regions": 1,
  "conflict_region_spans": [
    {
      "conflict_id": 1,
      "a": {
        "start": 69,
        "end": 70
      },
      "base": {
        "start": 69,
        "end": 71
      },
      "b": {
        "start": 69,
        "end": 71
      }
    }
  ]
}