{
  "repository_origin_url": "https://github.com/Azure/azure-cosmosdb-java",
  "commit_id": "8697e4e6b0f12e8d7f800fb4cd9be5f294767af9",
  "commit_date": "Thu, 13 Jun 2019 13:55:09 -0700",
  "commit_message": "Optimized imports in Microsoft style\n\n",
  "conflict_file_id": 114,
  "filename": "examples/src/test/java/com/azure/data/cosmos/rx/examples/DocumentCRUDAsyncAPITest.java",
  "last_commit_on_a": "371dde255259b3ae03ae6763c34e67f4c0b70a10",
  "last_commit_on_b": "e50a4c1da05fc3defb1043089f45fe9750aae0d6",
  "author_info_a": {
    "name": "Kushagra Thapar",
    "email": "kuthapar@microsoft.com"
  },
  "author_info_b": {
    "name": "Kushagra Thapar",
    "email": "kuthapar@microsoft.com"
  },
  "num_conflict_regions": 21,
  "conflict_region_spans": [
    {
      "conflict_id": 1,
      "a": {
        "start": 25,
        "end": 39
      },
      "base": {
        "start": 25,
        "end": 26
      },
      "b": {
        "start": 25,
        "end": 40
      }
    },
    {
      "conflict_id": 2,
      "a": {
        "start": 123,
        "end": 126
      },
      "base": {
        "start": 110,
        "end": 113
      },
      "b": {
        "start": 124,
        "end": 127
      }
    },
    {
      "conflict_id": 3,
      "a": {
        "start": 140,
        "end": 141
      },
      "base": {
        "start": 127,
        "end": 128
      },
      "b": {
        "start": 141,
        "end": 142
      }
    },
    {
      "conflict_id": 4,
      "a": {
        "start": 166,
        "end": 167
      },
      "base": {
        "start": 153,
        "end": 154
      },
      "b": {
        "start": 167,
        "end": 168
      }
    },
    {
      "conflict_id": 5,
      "a": {
        "start": 204,
        "end": 205
      },
      "base": {
        "start": 191,
        "end": 192
      },
      "b": {
        "start": 205,
        "end": 206
      }
    },
    {
      "conflict_id": 6,
      "a": {
        "start": 222,
        "end": 224
      },
      "base": {
        "start": 209,
        "end": 211
      },
      "b": {
        "start": 223,
        "end": 225
      }
    },
    {
      "conflict_id": 7,
      "a": {
        "start": 229,
        "end": 231
      },
      "base": {
        "start": 216,
        "end": 218
      },
      "b": {
        "start": 230,
        "end": 232
      }
    },
    {
      "conflict_id": 8,
      "a": {
        "start": 260,
        "end": 261
      },
      "base": {
        "start": 247,
        "end": 248
      },
      "b": {
        "start": 261,
        "end": 262
      }
    },
    {
      "conflict_id": 9,
      "a": {
        "start": 299,
        "end": 300
      },
      "base": {
        "start": 286,
        "end": 287
      },
      "b": {
        "start": 300,
        "end": 301
      }
    },
    {
      "conflict_id": 10,
      "a": {
        "start": 302,
        "end": 303
      },
      "base": {
        "start": 289,
        "end": 290
      },
      "b": {
        "start": 303,
        "end": 304
      }
    },
    {
      "conflict_id": 11,
      "a": {
        "start": 325,
        "end": 326
      },
      "base": {
        "start": 312,
        "end": 313
      },
      "b": {
        "start": 326,
        "end": 327
      }
    },
    {
      "conflict_id": 12,
      "a": {
        "start": 328,
        "end": 329
      },
      "base": {
        "start": 315,
        "end": 316
      },
      "b": {
        "start": 329,
        "end": 330
      }
    },
    {
      "conflict_id": 13,
      "a": {
        "start": 352,
        "end": 354
      },
      "base": {
        "start": 339,
        "end": 341
      },
      "b": {
        "start": 353,
        "end": 355
      }
    },
    {
      "conflict_id": 14,
      "a": {
        "start": 358,
        "end": 359
      },
      "base": {
        "start": 345,
        "end": 346
      },
      "b": {
        "start": 359,
        "end": 360
      }
    },
    {
      "conflict_id": 15,
      "a": {
        "start": 381,
        "end": 382
      },
      "base": {
        "start": 368,
        "end": 369
      },
      "b": {
        "start": 382,
        "end": 383
      }
    },
    {
      "conflict_id": 16,
      "a": {
        "start": 386,
        "end": 387
      },
      "base": {
        "start": 373,
        "end": 374
      },
      "b": {
        "start": 387,
        "end": 388
      }
    },
    {
      "conflict_id": 17,
      "a": {
        "start": 409,
        "end": 411
      },
      "base": {
        "start": 396,
        "end": 398
      },
      "b": {
        "start": 410,
        "end": 412
      }
    },
    {
      "conflict_id": 18,
      "a": {
        "start": 416,
        "end": 417
      },
      "base": {
        "start": 403,
        "end": 404
      },
      "b": {
        "start": 417,
        "end": 418
      }
    },
    {
      "conflict_id": 19,
      "a": {
        "start": 452,
        "end": 454
      },
      "base": {
        "start": 439,
        "end": 441
      },
      "b": {
        "start": 453,
        "end": 455
      }
    },
    {
      "conflict_id": 20,
      "a": {
        "start": 458,
        "end": 459
      },
      "base": {
        "start": 445,
        "end": 446
      },
      "b": {
        "start": 459,
        "end": 460
      }
    },
    {
      "conflict_id": 21,
      "a": {
        "start": 523,
        "end": 524
      },
      "base": {
        "start": 510,
        "end": 511
      },
      "b": {
        "start": 524,
        "end": 525
      }
    }
  ]
}