{
  "repository_origin_url": "https://github.com/Azure/azure-cosmosdb-java",
  "commit_id": "8697e4e6b0f12e8d7f800fb4cd9be5f294767af9",
  "commit_date": "Thu, 13 Jun 2019 13:55:09 -0700",
  "commit_message": "Optimized imports in Microsoft style\n\n",
  "conflict_file_id": 115,
  "filename": "sdk/src/test/java/com/azure/data/cosmos/rx/ParallelDocumentQueryTest.java",
  "last_commit_on_a": "371dde255259b3ae03ae6763c34e67f4c0b70a10",
  "last_commit_on_b": "4dde12d5b60188ed08d66e7c2e0f7e92b7420557",
  "author_info_a": {
    "name": "Kushagra Thapar",
    "email": "kuthapar@microsoft.com"
  },
  "author_info_b": {
    "name": "Srinath Narayanan",
    "email": "srnara@microsoft.com"
  },
  "num_conflict_regions": 3,
  "conflict_region_spans": [
    {
      "conflict_id": 1,
      "a": {
        "start": 30,
        "end": 38
      },
      "base": {
        "start": 30,
        "end": 35
      },
      "b": {
        "start": 30,
        "end": 36
      }
    },
    {
      "conflict_id": 2,
      "a": {
        "start": 42,
        "end": 48
      },
      "base": {
        "start": 39,
        "end": 39
      },
      "b": {
        "start": 40,
        "end": 45
      }
    },
    {
      "conflict_id": 3,
      "a": {
        "start": 225,
        "end": 245
      },
      "base": {
        "start": 216,
        "end": 236
      },
      "b": {
        "start": 222,
        "end": 235
      }
    }
  ]
}