{
  "repository_origin_url": "https://github.com/Azure/azure-cosmosdb-java",
  "commit_id": "8697e4e6b0f12e8d7f800fb4cd9be5f294767af9",
  "commit_date": "Thu, 13 Jun 2019 13:55:09 -0700",
  "commit_message": "Optimized imports in Microsoft style\n\n",
  "conflict_file_id": 131,
  "filename": "examples/src/test/java/com/azure/data/cosmos/rx/examples/DocumentQueryAsyncAPITest.java",
  "last_commit_on_a": "371dde255259b3ae03ae6763c34e67f4c0b70a10",
  "last_commit_on_b": "4dde12d5b60188ed08d66e7c2e0f7e92b7420557",
  "author_info_a": {
    "name": "Kushagra Thapar",
    "email": "kuthapar@microsoft.com"
  },
  "author_info_b": {
    "name": "Srinath Narayanan",
    "email": "srnara@microsoft.com"
  },
  "num_conflict_regions": 12,
  "conflict_region_spans": [
    {
      "conflict_id": 1,
      "a": {
        "start": 41,
        "end": 41
      },
      "base": {
        "start": 41,
        "end": 42
      },
      "b": {
        "start": 41,
        "end": 42
      }
    },
    {
      "conflict_id": 2,
      "a": {
        "start": 131,
        "end": 132
      },
      "base": {
        "start": 132,
        "end": 133
      },
      "b": {
        "start": 132,
        "end": 133
      }
    },
    {
      "conflict_id": 3,
      "a": {
        "start": 153,
        "end": 154
      },
      "base": {
        "start": 154,
        "end": 155
      },
      "b": {
        "start": 154,
        "end": 155
      }
    },
    {
      "conflict_id": 4,
      "a": {
        "start": 199,
        "end": 200
      },
      "base": {
        "start": 200,
        "end": 201
      },
      "b": {
        "start": 200,
        "end": 201
      }
    },
    {
      "conflict_id": 5,
      "a": {
        "start": 248,
        "end": 249
      },
      "base": {
        "start": 249,
        "end": 250
      },
      "b": {
        "start": 249,
        "end": 250
      }
    },
    {
      "conflict_id": 6,
      "a": {
        "start": 273,
        "end": 274
      },
      "base": {
        "start": 274,
        "end": 275
      },
      "b": {
        "start": 274,
        "end": 275
      }
    },
    {
      "conflict_id": 7,
      "a": {
        "start": 327,
        "end": 332
      },
      "base": {
        "start": 328,
        "end": 333
      },
      "b": {
        "start": 328,
        "end": 333
      }
    },
    {
      "conflict_id": 8,
      "a": {
        "start": 370,
        "end": 371
      },
      "base": {
        "start": 371,
        "end": 372
      },
      "b": {
        "start": 371,
        "end": 372
      }
    },
    {
      "conflict_id": 9,
      "a": {
        "start": 410,
        "end": 412
      },
      "base": {
        "start": 411,
        "end": 413
      },
      "b": {
        "start": 411,
        "end": 413
      }
    },
    {
      "conflict_id": 10,
      "a": {
        "start": 425,
        "end": 426
      },
      "base": {
        "start": 426,
        "end": 427
      },
      "b": {
        "start": 426,
        "end": 427
      }
    },
    {
      "conflict_id": 11,
      "a": {
        "start": 457,
        "end": 458
      },
      "base": {
        "start": 458,
        "end": 459
      },
      "b": {
        "start": 458,
        "end": 459
      }
    },
    {
      "conflict_id": 12,
      "a": {
        "start": 491,
        "end": 493
      },
      "base": {
        "start": 492,
        "end": 494
      },
      "b": {
        "start": 492,
        "end": 494
      }
    }
  ]
}