{
  "repository_origin_url": "https://github.com/Azure/azure-cosmosdb-java",
  "commit_id": "8697e4e6b0f12e8d7f800fb4cd9be5f294767af9",
  "commit_date": "Tue, 11 Jun 2019 09:22:12 -0700",
  "commit_message": "Made more changes to enums removed cosmos tests\n\n",
  "conflict_file_id": 133,
  "filename": "commons/src/main/java/com/azure/data/cosmos/ConflictResolutionMode.java",
  "last_commit_on_a": "55f567d31ed28d0d16e68d3969de5f851d5bbc68",
  "last_commit_on_b": "4dde12d5b60188ed08d66e7c2e0f7e92b7420557",
  "author_info_a": {
    "name": "Srinath Narayanan",
    "email": "srnara@microsoft.com"
  },
  "author_info_b": {
    "name": "Srinath Narayanan",
    "email": "srnara@microsoft.com"
  },
  "num_conflict_regions": 2,
  "conflict_region_spans": [
    {
      "conflict_id": 1,
      "a": {
        "start": 26,
        "end": 28
      },
      "base": {
        "start": 26,
        "end": 26
      },
      "b": {
        "start": 26,
        "end": 29
      }
    },
    {
      "conflict_id": 2,
      "a": {
        "start": 53,
        "end": 59
      },
      "base": {
        "start": 51,
        "end": 52
      },
      "b": {
        "start": 54,
        "end": 60
      }
    }
  ]
}