{
  "repository_origin_url": "https://github.com/Azure/azure-cosmosdb-java",
  "commit_id": "8697e4e6b0f12e8d7f800fb4cd9be5f294767af9",
  "commit_date": "Wed, 12 Jun 2019 22:38:23 -0700",
  "commit_message": "Removed rx java dependency\n\n",
  "conflict_file_id": 134,
  "filename": "gateway/src/main/java/com/azure/data/cosmos/internal/BackoffRetryUtility.java",
  "last_commit_on_a": "2217d2cd50755a27c6e796913d04f513080f7434",
  "last_commit_on_b": "4dde12d5b60188ed08d66e7c2e0f7e92b7420557",
  "author_info_a": {
    "name": "Kushagra Thapar",
    "email": "kuthapar@microsoft.com"
  },
  "author_info_b": {
    "name": "Srinath Narayanan",
    "email": "srnara@microsoft.com"
  },
  "num_conflict_regions": 1,
  "conflict_region_spans": [
    {
      "conflict_id": 1,
      "a": {
        "start": 25,
        "end": 30
      },
      "base": {
        "start": 25,
        "end": 33
      },
      "b": {
        "start": 25,
        "end": 30
      }
    }
  ]
}