{
  "repository_origin_url": "https://github.com/Azure/azure-cosmosdb-java",
  "commit_id": "8697e4e6b0f12e8d7f800fb4cd9be5f294767af9",
  "commit_date": "Thu, 13 Jun 2019 13:55:09 -0700",
  "commit_message": "Optimized imports in Microsoft style\n\n",
  "conflict_file_id": 152,
  "filename": "examples/src/test/java/com/azure/data/cosmos/rx/examples/TokenResolverTest.java",
  "last_commit_on_a": "371dde255259b3ae03ae6763c34e67f4c0b70a10",
  "last_commit_on_b": "4dde12d5b60188ed08d66e7c2e0f7e92b7420557",
  "author_info_a": {
    "name": "Kushagra Thapar",
    "email": "kuthapar@microsoft.com"
  },
  "author_info_b": {
    "name": "Srinath Narayanan",
    "email": "srnara@microsoft.com"
  },
  "num_conflict_regions": 5,
  "conflict_region_spans": [
    {
      "conflict_id": 1,
      "a": {
        "start": 112,
        "end": 113
      },
      "base": {
        "start": 112,
        "end": 113
      },
      "b": {
        "start": 112,
        "end": 113
      }
    },
    {
      "conflict_id": 2,
      "a": {
        "start": 117,
        "end": 118
      },
      "base": {
        "start": 117,
        "end": 118
      },
      "b": {
        "start": 117,
        "end": 118
      }
    },
    {
      "conflict_id": 3,
      "a": {
        "start": 126,
        "end": 127
      },
      "base": {
        "start": 126,
        "end": 127
      },
      "b": {
        "start": 126,
        "end": 127
      }
    },
    {
      "conflict_id": 4,
      "a": {
        "start": 134,
        "end": 135
      },
      "base": {
        "start": 134,
        "end": 135
      },
      "b": {
        "start": 134,
        "end": 135
      }
    },
    {
      "conflict_id": 5,
      "a": {
        "start": 143,
        "end": 144
      },
      "base": {
        "start": 143,
        "end": 144
      },
      "b": {
        "start": 143,
        "end": 144
      }
    }
  ]
}