{
  "repository_origin_url": "https://github.com/Azure/azure-cosmosdb-java",
  "commit_id": "8697e4e6b0f12e8d7f800fb4cd9be5f294767af9",
  "commit_date": "Thu, 13 Jun 2019 13:55:09 -0700",
  "commit_message": "Optimized imports in Microsoft style\n\n",
  "conflict_file_id": 167,
  "filename": "sdk/src/test/java/com/azure/data/cosmos/rx/DocumentClientResourceLeakTest.java",
  "last_commit_on_a": "371dde255259b3ae03ae6763c34e67f4c0b70a10",
  "last_commit_on_b": "d186d786cd5ac669a158597e0a08f7d7bb1a4521",
  "author_info_a": {
    "name": "Kushagra Thapar",
    "email": "kuthapar@microsoft.com"
  },
  "author_info_b": {
    "name": "Kushagra Thapar",
    "email": "kuthapar@microsoft.com"
  },
  "num_conflict_regions": 3,
  "conflict_region_spans": [
    {
      "conflict_id": 1,
      "a": {
        "start": 25,
        "end": 30
      },
      "base": {
        "start": 25,
        "end": 28
      },
      "b": {
        "start": 25,
        "end": 31
      }
    },
    {
      "conflict_id": 2,
      "a": {
        "start": 61,
        "end": 63
      },
      "base": {
        "start": 59,
        "end": 61
      },
      "b": {
        "start": 62,
        "end": 64
      }
    },
    {
      "conflict_id": 3,
      "a": {
        "start": 78,
        "end": 84
      },
      "base": {
        "start": 76,
        "end": 77
      },
      "b": {
        "start": 79,
        "end": 85
      }
    }
  ]
}