{
  "repository_origin_url": "https://github.com/Azure/azure-cosmosdb-java",
  "commit_id": "b8b36fd09e68b69856949535cd40ec93dff55846",
  "commit_date": "Mon, 17 Jun 2019 10:22:34 -0700",
  "commit_message": "TestSuiteBase now inherits from DocumentClientTest\n\n",
  "conflict_file_id": 16,
  "filename": "sdk/src/test/java/com/microsoft/azure/cosmosdb/rx/DocumentCrudTest.java",
  "last_commit_on_a": "d14024533a5a46a664203fe325737c509fb03bd6",
  "last_commit_on_b": "95fa58efa19cf1d5ac5ed67e30bce30e91e34917",
  "author_info_a": {
    "name": "David.Noble@microsoft.com",
    "email": "david-noble@Danoble-MBP-4.home.thenobles.us"
  },
  "author_info_b": {
    "name": "Christopher Anderson",
    "email": "chrande@microsoft.com"
  },
  "num_conflict_regions": 8,
  "conflict_region_spans": [
    {
      "conflict_id": 1,
      "a": {
        "start": 138,
        "end": 139
      },
      "base": {
        "start": 138,
        "end": 139
      },
      "b": {
        "start": 138,
        "end": 139
      }
    },
    {
      "conflict_id": 2,
      "a": {
        "start": 184,
        "end": 185
      },
      "base": {
        "start": 184,
        "end": 185
      },
      "b": {
        "start": 184,
        "end": 185
      }
    },
    {
      "conflict_id": 3,
      "a": {
        "start": 204,
        "end": 205
      },
      "base": {
        "start": 204,
        "end": 205
      },
      "b": {
        "start": 204,
        "end": 205
      }
    },
    {
      "conflict_id": 4,
      "a": {
        "start": 228,
        "end": 229
      },
      "base": {
        "start": 228,
        "end": 229
      },
      "b": {
        "start": 228,
        "end": 229
      }
    },
    {
      "conflict_id": 5,
      "a": {
        "start": 255,
        "end": 256
      },
      "base": {
        "start": 255,
        "end": 256
      },
      "b": {
        "start": 255,
        "end": 256
      }
    },
    {
      "conflict_id": 6,
      "a": {
        "start": 279,
        "end": 280
      },
      "base": {
        "start": 279,
        "end": 280
      },
      "b": {
        "start": 279,
        "end": 280
      }
    },
    {
      "conflict_id": 7,
      "a": {
        "start": 357,
        "end": 359
      },
      "base": {
        "start": 357,
        "end": 367
      },
      "b": {
        "start": 357,
        "end": 367
      }
    },
    {
      "conflict_id": 8,
      "a": {
        "start": 379,
        "end": 381
      },
      "base": {
        "start": 387,
        "end": 397
      },
      "b": {
        "start": 387,
        "end": 397
      }
    }
  ]
}