{
  "repository_origin_url": "https://github.com/Azure/azure-cosmosdb-java",
  "commit_id": "8697e4e6b0f12e8d7f800fb4cd9be5f294767af9",
  "commit_date": "Thu, 13 Jun 2019 13:55:09 -0700",
  "commit_message": "Optimized imports in Microsoft style\n\n",
  "conflict_file_id": 176,
  "filename": "direct-impl/src/test/java/com/azure/data/cosmos/directconnectivity/RntbdTransportClientTest.java",
  "last_commit_on_a": "371dde255259b3ae03ae6763c34e67f4c0b70a10",
  "last_commit_on_b": "4dde12d5b60188ed08d66e7c2e0f7e92b7420557",
  "author_info_a": {
    "name": "Kushagra Thapar",
    "email": "kuthapar@microsoft.com"
  },
  "author_info_b": {
    "name": "Srinath Narayanan",
    "email": "srnara@microsoft.com"
  },
  "num_conflict_regions": 11,
  "conflict_region_spans": [
    {
      "conflict_id": 1,
      "a": {
        "start": 64,
        "end": 65
      },
      "base": {
        "start": 64,
        "end": 66
      },
      "b": {
        "start": 64,
        "end": 64
      }
    },
    {
      "conflict_id": 2,
      "a": {
        "start": 66,
        "end": 66
      },
      "base": {
        "start": 67,
        "end": 69
      },
      "b": {
        "start": 65,
        "end": 66
      }
    },
    {
      "conflict_id": 3,
      "a": {
        "start": 84,
        "end": 86
      },
      "base": {
        "start": 87,
        "end": 90
      },
      "b": {
        "start": 84,
        "end": 85
      }
    },
    {
      "conflict_id": 4,
      "a": {
        "start": 649,
        "end": 650
      },
      "base": {
        "start": 653,
        "end": 659
      },
      "b": {
        "start": 648,
        "end": 654
      }
    },
    {
      "conflict_id": 5,
      "a": {
        "start": 651,
        "end": 658
      },
      "base": {
        "start": 660,
        "end": 674
      },
      "b": {
        "start": 655,
        "end": 669
      }
    },
    {
      "conflict_id": 6,
      "a": {
        "start": 707,
        "end": 708
      },
      "base": {
        "start": 723,
        "end": 724
      },
      "b": {
        "start": 718,
        "end": 719
      }
    },
    {
      "conflict_id": 7,
      "a": {
        "start": 710,
        "end": 713
      },
      "base": {
        "start": 726,
        "end": 731
      },
      "b": {
        "start": 721,
        "end": 724
      }
    },
    {
      "conflict_id": 8,
      "a": {
        "start": 715,
        "end": 716
      },
      "base": {
        "start": 733,
        "end": 734
      },
      "b": {
        "start": 726,
        "end": 727
      }
    },
    {
      "conflict_id": 9,
      "a": {
        "start": 740,
        "end": 742
      },
      "base": {
        "start": 758,
        "end": 760
      },
      "b": {
        "start": 751,
        "end": 753
      }
    },
    {
      "conflict_id": 10,
      "a": {
        "start": 744,
        "end": 750
      },
      "base": {
        "start": 762,
        "end": 763
      },
      "b": {
        "start": 755,
        "end": 758
      }
    },
    {
      "conflict_id": 11,
      "a": {
        "start": 751,
        "end": 756
      },
      "base": {
        "start": 764,
        "end": 771
      },
      "b": {
        "start": 759,
        "end": 766
      }
    }
  ]
}