{
  "repository_origin_url": "https://github.com/Azure/azure-cosmosdb-java",
  "commit_id": "8697e4e6b0f12e8d7f800fb4cd9be5f294767af9",
  "commit_date": "Mon, 10 Jun 2019 13:45:59 -0700",
  "commit_message": "Merged latest v3 with package renaming and references\n\n",
  "conflict_file_id": 178,
  "filename": "direct-impl/src/main/java/com/azure/data/cosmos/directconnectivity/rntbd/RntbdTokenType.java",
  "last_commit_on_a": "4f1a7552ba3f62193828733b456b26dee271fe67",
  "last_commit_on_b": "4dde12d5b60188ed08d66e7c2e0f7e92b7420557",
  "author_info_a": {
    "name": "Kushagra Thapar",
    "email": "kuthapar@microsoft.com"
  },
  "author_info_b": {
    "name": "Srinath Narayanan",
    "email": "srnara@microsoft.com"
  },
  "num_conflict_regions": 12,
  "conflict_region_spans": [
    {
      "conflict_id": 1,
      "a": {
        "start": 158,
        "end": 166
      },
      "base": {
        "start": 158,
        "end": 161
      },
      "b": {
        "start": 158,
        "end": 166
      }
    },
    {
      "conflict_id": 2,
      "a": {
        "start": 212,
        "end": 218
      },
      "base": {
        "start": 207,
        "end": 208
      },
      "b": {
        "start": 212,
        "end": 218
      }
    },
    {
      "conflict_id": 3,
      "a": {
        "start": 273,
        "end": 280
      },
      "base": {
        "start": 263,
        "end": 265
      },
      "b": {
        "start": 273,
        "end": 280
      }
    },
    {
      "conflict_id": 4,
      "a": {
        "start": 324,
        "end": 331
      },
      "base": {
        "start": 309,
        "end": 311
      },
      "b": {
        "start": 324,
        "end": 331
      }
    },
    {
      "conflict_id": 5,
      "a": {
        "start": 477,
        "end": 484
      },
      "base": {
        "start": 457,
        "end": 459
      },
      "b": {
        "start": 477,
        "end": 484
      }
    },
    {
      "conflict_id": 6,
      "a": {
        "start": 711,
        "end": 712
      },
      "base": {
        "start": 686,
        "end": 687
      },
      "b": {
        "start": 711,
        "end": 712
      }
    },
    {
      "conflict_id": 7,
      "a": {
        "start": 719,
        "end": 721
      },
      "base": {
        "start": 694,
        "end": 696
      },
      "b": {
        "start": 719,
        "end": 721
      }
    },
    {
      "conflict_id": 8,
      "a": {
        "start": 727,
        "end": 729
      },
      "base": {
        "start": 702,
        "end": 704
      },
      "b": {
        "start": 727,
        "end": 729
      }
    },
    {
      "conflict_id": 9,
      "a": {
        "start": 740,
        "end": 743
      },
      "base": {
        "start": 715,
        "end": 718
      },
      "b": {
        "start": 740,
        "end": 743
      }
    },
    {
      "conflict_id": 10,
      "a": {
        "start": 751,
        "end": 753
      },
      "base": {
        "start": 726,
        "end": 728
      },
      "b": {
        "start": 751,
        "end": 753
      }
    },
    {
      "conflict_id": 11,
      "a": {
        "start": 767,
        "end": 770
      },
      "base": {
        "start": 742,
        "end": 743
      },
      "b": {
        "start": 767,
        "end": 770
      }
    },
    {
      "conflict_id": 12,
      "a": {
        "start": 833,
        "end": 840
      },
      "base": {
        "start": 806,
        "end": 808
      },
      "b": {
        "start": 833,
        "end": 840
      }
    }
  ]
}