{
  "repository_origin_url": "https://github.com/Azure/azure-cosmosdb-java",
  "commit_id": "8697e4e6b0f12e8d7f800fb4cd9be5f294767af9",
  "commit_date": "Thu, 13 Jun 2019 13:55:09 -0700",
  "commit_message": "Optimized imports in Microsoft style\n\n",
  "conflict_file_id": 187,
  "filename": "direct-impl/src/main/java/com/azure/data/cosmos/directconnectivity/RntbdTransportClient.java",
  "last_commit_on_a": "371dde255259b3ae03ae6763c34e67f4c0b70a10",
  "last_commit_on_b": "4dde12d5b60188ed08d66e7c2e0f7e92b7420557",
  "author_info_a": {
    "name": "Kushagra Thapar",
    "email": "kuthapar@microsoft.com"
  },
  "author_info_b": {
    "name": "Srinath Narayanan",
    "email": "srnara@microsoft.com"
  },
  "num_conflict_regions": 19,
  "conflict_region_spans": [
    {
      "conflict_id": 1,
      "a": {
        "start": 27,
        "end": 30
      },
      "base": {
        "start": 27,
        "end": 30
      },
      "b": {
        "start": 27,
        "end": 31
      }
    },
    {
      "conflict_id": 2,
      "a": {
        "start": 43,
        "end": 45
      },
      "base": {
        "start": 43,
        "end": 44
      },
      "b": {
        "start": 44,
        "end": 46
      }
    },
    {
      "conflict_id": 3,
      "a": {
        "start": 52,
        "end": 55
      },
      "base": {
        "start": 51,
        "end": 52
      },
      "b": {
        "start": 53,
        "end": 57
      }
    },
    {
      "conflict_id": 4,
      "a": {
        "start": 56,
        "end": 58
      },
      "base": {
        "start": 53,
        "end": 54
      },
      "b": {
        "start": 58,
        "end": 60
      }
    },
    {
      "conflict_id": 5,
      "a": {
        "start": 107,
        "end": 108
      },
      "base": {
        "start": 103,
        "end": 109
      },
      "b": {
        "start": 109,
        "end": 115
      }
    },
    {
      "conflict_id": 6,
      "a": {
        "start": 109,
        "end": 112
      },
      "base": {
        "start": 110,
        "end": 112
      },
      "b": {
        "start": 116,
        "end": 117
      }
    },
    {
      "conflict_id": 7,
      "a": {
        "start": 113,
        "end": 114
      },
      "base": {
        "start": 113,
        "end": 114
      },
      "b": {
        "start": 118,
        "end": 122
      }
    },
    {
      "conflict_id": 8,
      "a": {
        "start": 115,
        "end": 119
      },
      "base": {
        "start": 115,
        "end": 116
      },
      "b": {
        "start": 123,
        "end": 125
      }
    },
    {
      "conflict_id": 9,
      "a": {
        "start": 120,
        "end": 122
      },
      "base": {
        "start": 117,
        "end": 118
      },
      "b": {
        "start": 126,
        "end": 127
      }
    },
    {
      "conflict_id": 10,
      "a": {
        "start": 123,
        "end": 124
      },
      "base": {
        "start": 119,
        "end": 126
      },
      "b": {
        "start": 128,
        "end": 131
      }
    },
    {
      "conflict_id": 11,
      "a": {
        "start": 125,
        "end": 131
      },
      "base": {
        "start": 127,
        "end": 135
      },
      "b": {
        "start": 132,
        "end": 142
      }
    },
    {
      "conflict_id": 12,
      "a": {
        "start": 132,
        "end": 137
      },
      "base": {
        "start": 136,
        "end": 138
      },
      "b": {
        "start": 143,
        "end": 146
      }
    },
    {
      "conflict_id": 13,
      "a": {
        "start": 215,
        "end": 217
      },
      "base": {
        "start": 216,
        "end": 231
      },
      "b": {
        "start": 224,
        "end": 226
      }
    },
    {
      "conflict_id": 14,
      "a": {
        "start": 267,
        "end": 268
      },
      "base": {
        "start": 281,
        "end": 286
      },
      "b": {
        "start": 276,
        "end": 279
      }
    },
    {
      "conflict_id": 15,
      "a": {
        "start": 269,
        "end": 270
      },
      "base": {
        "start": 287,
        "end": 294
      },
      "b": {
        "start": 280,
        "end": 285
      }
    },
    {
      "conflict_id": 16,
      "a": {
        "start": 271,
        "end": 272
      },
      "base": {
        "start": 295,
        "end": 302
      },
      "b": {
        "start": 286,
        "end": 289
      }
    },
    {
      "conflict_id": 17,
      "a": {
        "start": 273,
        "end": 276
      },
      "base": {
        "start": 303,
        "end": 306
      },
      "b": {
        "start": 290,
        "end": 291
      }
    },
    {
      "conflict_id": 18,
      "a": {
        "start": 277,
        "end": 278
      },
      "base": {
        "start": 307,
        "end": 310
      },
      "b": {
        "start": 292,
        "end": 300
      }
    },
    {
      "conflict_id": 19,
      "a": {
        "start": 279,
        "end": 293
      },
      "base": {
        "start": 311,
        "end": 326
      },
      "b": {
        "start": 301,
        "end": 302
      }
    }
  ]
}