{
  "repository_origin_url": "https://github.com/Azure/azure-cosmosdb-java",
  "commit_id": "8697e4e6b0f12e8d7f800fb4cd9be5f294767af9",
  "commit_date": "Thu, 13 Jun 2019 13:55:09 -0700",
  "commit_message": "Optimized imports in Microsoft style\n\n",
  "conflict_file_id": 193,
  "filename": "sdk/src/test/java/com/azure/data/cosmos/CosmosPartitionKeyTests.java",
  "last_commit_on_a": "371dde255259b3ae03ae6763c34e67f4c0b70a10",
  "last_commit_on_b": "4dde12d5b60188ed08d66e7c2e0f7e92b7420557",
  "author_info_a": {
    "name": "Kushagra Thapar",
    "email": "kuthapar@microsoft.com"
  },
  "author_info_b": {
    "name": "Srinath Narayanan",
    "email": "srnara@microsoft.com"
  },
  "num_conflict_regions": 3,
  "conflict_region_spans": [
    {
      "conflict_id": 1,
      "a": {
        "start": 26,
        "end": 27
      },
      "base": {
        "start": 26,
        "end": 26
      },
      "b": {
        "start": 26,
        "end": 28
      }
    },
    {
      "conflict_id": 2,
      "a": {
        "start": 40,
        "end": 40
      },
      "base": {
        "start": 39,
        "end": 44
      },
      "b": {
        "start": 41,
        "end": 42
      }
    },
    {
      "conflict_id": 3,
      "a": {
        "start": 41,
        "end": 45
      },
      "base": {
        "start": 45,
        "end": 48
      },
      "b": {
        "start": 43,
        "end": 51
      }
    }
  ]
}