{
  "repository_origin_url": "https://github.com/Azure/azure-cosmosdb-java",
  "commit_id": "8697e4e6b0f12e8d7f800fb4cd9be5f294767af9",
  "commit_date": "Mon, 10 Jun 2019 13:45:59 -0700",
  "commit_message": "Merged latest v3 with package renaming and references\n\n",
  "conflict_file_id": 196,
  "filename": "gateway/src/main/java/com/azure/data/cosmos/internal/query/IDocumentQueryExecutionComponent.java",
  "last_commit_on_a": "4f1a7552ba3f62193828733b456b26dee271fe67",
  "last_commit_on_b": "4dde12d5b60188ed08d66e7c2e0f7e92b7420557",
  "author_info_a": {
    "name": "Kushagra Thapar",
    "email": "kuthapar@microsoft.com"
  },
  "author_info_b": {
    "name": "Srinath Narayanan",
    "email": "srnara@microsoft.com"
  },
  "num_conflict_regions": 1,
  "conflict_region_spans": [
    {
      "conflict_id": 1,
      "a": {
        "start": 27,
        "end": 28
      },
      "base": {
        "start": 27,
        "end": 29
      },
      "b": {
        "start": 27,
        "end": 28
      }
    }
  ]
}