{
  "repository_origin_url": "https://github.com/Azure/azure-cosmosdb-java",
  "commit_id": "b8b36fd09e68b69856949535cd40ec93dff55846",
  "commit_date": "Mon, 17 Jun 2019 11:28:19 -0700",
  "commit_message": "Merge branch 'danoble/rntbd/issue-188' of https://github.com/Azure/azure-cosmosdb-java into danoble/rntbd/issue-119\n\n",
  "conflict_file_id": 19,
  "filename": "sdk/src/test/java/com/microsoft/azure/cosmosdb/rx/ChangeFeedTest.java",
  "last_commit_on_a": "01288b60560e65cd22dbd19cfb5cce399b41b3ab",
  "last_commit_on_b": "95fa58efa19cf1d5ac5ed67e30bce30e91e34917",
  "author_info_a": {
    "name": "David.Noble@microsoft.com",
    "email": "David.Noble@microsoft.com"
  },
  "author_info_b": {
    "name": "Christopher Anderson",
    "email": "chrande@microsoft.com"
  },
  "num_conflict_regions": 2,
  "conflict_region_spans": [
    {
      "conflict_id": 1,
      "a": {
        "start": 138,
        "end": 140
      },
      "base": {
        "start": 138,
        "end": 139
      },
      "b": {
        "start": 138,
        "end": 139
      }
    },
    {
      "conflict_id": 2,
      "a": {
        "start": 293,
        "end": 294
      },
      "base": {
        "start": 292,
        "end": 293
      },
      "b": {
        "start": 292,
        "end": 293
      }
    }
  ]
}