{
  "repository_origin_url": "https://github.com/Azure/azure-cosmosdb-java",
  "commit_id": "2c1e91e1ddab493e087e9738da3ba25c928cf571",
  "commit_date": "Tue, 26 Nov 2019 16:11:04 -0800",
  "commit_message": "Removed unnecessary try/catch clause\n\n",
  "conflict_file_id": 1,
  "filename": "benchmark/src/main/java/com/microsoft/azure/cosmosdb/benchmark/ReadMyWriteWorkflow.java",
  "last_commit_on_a": "6e10a5422ac17392d82553287d4050e3ecac80f5",
  "last_commit_on_b": "0fa78725cbc79f72610194f5a496142311fe9384",
  "author_info_a": {
    "name": "David Noble",
    "email": "David.Noble@microsoft.com"
  },
  "author_info_b": {
    "name": "David Noble",
    "email": "David.Noble@microsoft.com"
  },
  "num_conflict_regions": 1,
  "conflict_region_spans": [
    {
      "conflict_id": 1,
      "a": {
        "start": 157,
        "end": 161
      },
      "base": {
        "start": 157,
        "end": 158
      },
      "b": {
        "start": 157,
        "end": 163
      }
    }
  ]
}