{
  "repository_origin_url": "https://github.com/Azure/azure-cosmosdb-java",
  "commit_id": "8697e4e6b0f12e8d7f800fb4cd9be5f294767af9",
  "commit_date": "Thu, 13 Jun 2019 13:55:09 -0700",
  "commit_message": "Optimized imports in Microsoft style\n\n",
  "conflict_file_id": 202,
  "filename": "sdk/src/test/java/com/azure/data/cosmos/rx/TestSuiteBase.java",
  "last_commit_on_a": "371dde255259b3ae03ae6763c34e67f4c0b70a10",
  "last_commit_on_b": "389c53f57e49ec373b62cb34d7f8c9260c99add2",
  "author_info_a": {
    "name": "Kushagra Thapar",
    "email": "kuthapar@microsoft.com"
  },
  "author_info_b": {
    "name": "Kushagra Thapar",
    "email": "kuthapar@microsoft.com"
  },
  "num_conflict_regions": 4,
  "conflict_region_spans": [
    {
      "conflict_id": 1,
      "a": {
        "start": 25,
        "end": 63
      },
      "base": {
        "start": 25,
        "end": 40
      },
      "b": {
        "start": 25,
        "end": 63
      }
    },
    {
      "conflict_id": 2,
      "a": {
        "start": 79,
        "end": 95
      },
      "base": {
        "start": 56,
        "end": 58
      },
      "b": {
        "start": 79,
        "end": 97
      }
    },
    {
      "conflict_id": 3,
      "a": {
        "start": 680,
        "end": 680
      },
      "base": {
        "start": 643,
        "end": 714
      },
      "b": {
        "start": 682,
        "end": 699
      }
    },
    {
      "conflict_id": 4,
      "a": {
        "start": 766,
        "end": 771
      },
      "base": {
        "start": 800,
        "end": 805
      },
      "b": {
        "start": 785,
        "end": 787
      }
    }
  ]
}