{
  "repository_origin_url": "https://github.com/Azure/azure-cosmosdb-java",
  "commit_id": "8697e4e6b0f12e8d7f800fb4cd9be5f294767af9",
  "commit_date": "Thu, 13 Jun 2019 13:55:09 -0700",
  "commit_message": "Optimized imports in Microsoft style\n\n",
  "conflict_file_id": 208,
  "filename": "examples/src/test/java/com/azure/data/cosmos/rx/examples/DatabaseCRUDAsyncAPITest.java",
  "last_commit_on_a": "371dde255259b3ae03ae6763c34e67f4c0b70a10",
  "last_commit_on_b": "4dde12d5b60188ed08d66e7c2e0f7e92b7420557",
  "author_info_a": {
    "name": "Kushagra Thapar",
    "email": "kuthapar@microsoft.com"
  },
  "author_info_b": {
    "name": "Srinath Narayanan",
    "email": "srnara@microsoft.com"
  },
  "num_conflict_regions": 13,
  "conflict_region_spans": [
    {
      "conflict_id": 1,
      "a": {
        "start": 25,
        "end": 33
      },
      "base": {
        "start": 25,
        "end": 27
      },
      "b": {
        "start": 25,
        "end": 35
      }
    },
    {
      "conflict_id": 2,
      "a": {
        "start": 114,
        "end": 115
      },
      "base": {
        "start": 108,
        "end": 109
      },
      "b": {
        "start": 116,
        "end": 117
      }
    },
    {
      "conflict_id": 3,
      "a": {
        "start": 138,
        "end": 139
      },
      "base": {
        "start": 132,
        "end": 133
      },
      "b": {
        "start": 140,
        "end": 141
      }
    },
    {
      "conflict_id": 4,
      "a": {
        "start": 173,
        "end": 174
      },
      "base": {
        "start": 167,
        "end": 168
      },
      "b": {
        "start": 175,
        "end": 176
      }
    },
    {
      "conflict_id": 5,
      "a": {
        "start": 191,
        "end": 192
      },
      "base": {
        "start": 185,
        "end": 186
      },
      "b": {
        "start": 193,
        "end": 194
      }
    },
    {
      "conflict_id": 6,
      "a": {
        "start": 194,
        "end": 195
      },
      "base": {
        "start": 188,
        "end": 189
      },
      "b": {
        "start": 196,
        "end": 197
      }
    },
    {
      "conflict_id": 7,
      "a": {
        "start": 211,
        "end": 213
      },
      "base": {
        "start": 205,
        "end": 207
      },
      "b": {
        "start": 213,
        "end": 215
      }
    },
    {
      "conflict_id": 8,
      "a": {
        "start": 228,
        "end": 229
      },
      "base": {
        "start": 222,
        "end": 223
      },
      "b": {
        "start": 230,
        "end": 231
      }
    },
    {
      "conflict_id": 9,
      "a": {
        "start": 231,
        "end": 232
      },
      "base": {
        "start": 225,
        "end": 226
      },
      "b": {
        "start": 233,
        "end": 234
      }
    },
    {
      "conflict_id": 10,
      "a": {
        "start": 256,
        "end": 257
      },
      "base": {
        "start": 250,
        "end": 251
      },
      "b": {
        "start": 258,
        "end": 259
      }
    },
    {
      "conflict_id": 11,
      "a": {
        "start": 259,
        "end": 260
      },
      "base": {
        "start": 253,
        "end": 254
      },
      "b": {
        "start": 261,
        "end": 262
      }
    },
    {
      "conflict_id": 12,
      "a": {
        "start": 285,
        "end": 286
      },
      "base": {
        "start": 279,
        "end": 280
      },
      "b": {
        "start": 287,
        "end": 288
      }
    },
    {
      "conflict_id": 13,
      "a": {
        "start": 288,
        "end": 289
      },
      "base": {
        "start": 282,
        "end": 283
      },
      "b": {
        "start": 290,
        "end": 291
      }
    }
  ]
}