{
  "repository_origin_url": "https://github.com/Azure/azure-cosmosdb-java",
  "commit_id": "8697e4e6b0f12e8d7f800fb4cd9be5f294767af9",
  "commit_date": "Thu, 13 Jun 2019 13:55:09 -0700",
  "commit_message": "Optimized imports in Microsoft style\n\n",
  "conflict_file_id": 213,
  "filename": "sdk/src/test/java/com/azure/data/cosmos/internal/SpyClientUnderTestFactory.java",
  "last_commit_on_a": "371dde255259b3ae03ae6763c34e67f4c0b70a10",
  "last_commit_on_b": "4dde12d5b60188ed08d66e7c2e0f7e92b7420557",
  "author_info_a": {
    "name": "Kushagra Thapar",
    "email": "kuthapar@microsoft.com"
  },
  "author_info_b": {
    "name": "Srinath Narayanan",
    "email": "srnara@microsoft.com"
  },
  "num_conflict_regions": 5,
  "conflict_region_spans": [
    {
      "conflict_id": 1,
      "a": {
        "start": 31,
        "end": 36
      },
      "base": {
        "start": 31,
        "end": 37
      },
      "b": {
        "start": 31,
        "end": 38
      }
    },
    {
      "conflict_id": 2,
      "a": {
        "start": 64,
        "end": 70
      },
      "base": {
        "start": 65,
        "end": 65
      },
      "b": {
        "start": 66,
        "end": 72
      }
    },
    {
      "conflict_id": 3,
      "a": {
        "start": 195,
        "end": 196
      },
      "base": {
        "start": 190,
        "end": 192
      },
      "b": {
        "start": 197,
        "end": 199
      }
    },
    {
      "conflict_id": 4,
      "a": {
        "start": 200,
        "end": 201
      },
      "base": {
        "start": 196,
        "end": 197
      },
      "b": {
        "start": 203,
        "end": 205
      }
    },
    {
      "conflict_id": 5,
      "a": {
        "start": 281,
        "end": 282
      },
      "base": {
        "start": 277,
        "end": 278
      },
      "b": {
        "start": 285,
        "end": 286
      }
    }
  ]
}