{
  "repository_origin_url": "https://github.com/Azure/azure-cosmosdb-java",
  "commit_id": "8697e4e6b0f12e8d7f800fb4cd9be5f294767af9",
  "commit_date": "Mon, 10 Jun 2019 13:45:59 -0700",
  "commit_message": "Merged latest v3 with package renaming and references\n\n",
  "conflict_file_id": 221,
  "filename": "examples/src/test/java/com/azure/data/cosmos/rx/examples/CollectionCRUDAsyncAPITest.java",
  "last_commit_on_a": "4f1a7552ba3f62193828733b456b26dee271fe67",
  "last_commit_on_b": "4dde12d5b60188ed08d66e7c2e0f7e92b7420557",
  "author_info_a": {
    "name": "Kushagra Thapar",
    "email": "kuthapar@microsoft.com"
  },
  "author_info_b": {
    "name": "Srinath Narayanan",
    "email": "srnara@microsoft.com"
  },
  "num_conflict_regions": 14,
  "conflict_region_spans": [
    {
      "conflict_id": 1,
      "a": {
        "start": 25,
        "end": 40
      },
      "base": {
        "start": 25,
        "end": 27
      },
      "b": {
        "start": 25,
        "end": 42
      }
    },
    {
      "conflict_id": 2,
      "a": {
        "start": 134,
        "end": 135
      },
      "base": {
        "start": 121,
        "end": 122
      },
      "b": {
        "start": 136,
        "end": 137
      }
    },
    {
      "conflict_id": 3,
      "a": {
        "start": 166,
        "end": 167
      },
      "base": {
        "start": 153,
        "end": 154
      },
      "b": {
        "start": 168,
        "end": 169
      }
    },
    {
      "conflict_id": 4,
      "a": {
        "start": 190,
        "end": 191
      },
      "base": {
        "start": 177,
        "end": 178
      },
      "b": {
        "start": 192,
        "end": 193
      }
    },
    {
      "conflict_id": 5,
      "a": {
        "start": 225,
        "end": 226
      },
      "base": {
        "start": 212,
        "end": 213
      },
      "b": {
        "start": 227,
        "end": 228
      }
    },
    {
      "conflict_id": 6,
      "a": {
        "start": 242,
        "end": 243
      },
      "base": {
        "start": 229,
        "end": 230
      },
      "b": {
        "start": 244,
        "end": 245
      }
    },
    {
      "conflict_id": 7,
      "a": {
        "start": 245,
        "end": 246
      },
      "base": {
        "start": 232,
        "end": 233
      },
      "b": {
        "start": 247,
        "end": 248
      }
    },
    {
      "conflict_id": 8,
      "a": {
        "start": 262,
        "end": 264
      },
      "base": {
        "start": 249,
        "end": 251
      },
      "b": {
        "start": 264,
        "end": 266
      }
    },
    {
      "conflict_id": 9,
      "a": {
        "start": 279,
        "end": 281
      },
      "base": {
        "start": 266,
        "end": 268
      },
      "b": {
        "start": 281,
        "end": 283
      }
    },
    {
      "conflict_id": 10,
      "a": {
        "start": 284,
        "end": 285
      },
      "base": {
        "start": 271,
        "end": 272
      },
      "b": {
        "start": 286,
        "end": 287
      }
    },
    {
      "conflict_id": 11,
      "a": {
        "start": 309,
        "end": 311
      },
      "base": {
        "start": 296,
        "end": 298
      },
      "b": {
        "start": 311,
        "end": 313
      }
    },
    {
      "conflict_id": 12,
      "a": {
        "start": 314,
        "end": 315
      },
      "base": {
        "start": 301,
        "end": 302
      },
      "b": {
        "start": 316,
        "end": 317
      }
    },
    {
      "conflict_id": 13,
      "a": {
        "start": 339,
        "end": 341
      },
      "base": {
        "start": 326,
        "end": 328
      },
      "b": {
        "start": 341,
        "end": 343
      }
    },
    {
      "conflict_id": 14,
      "a": {
        "start": 344,
        "end": 345
      },
      "base": {
        "start": 331,
        "end": 332
      },
      "b": {
        "start": 346,
        "end": 347
      }
    }
  ]
}