{
  "repository_origin_url": "https://github.com/Azure/azure-cosmosdb-java",
  "commit_id": "8697e4e6b0f12e8d7f800fb4cd9be5f294767af9",
  "commit_date": "Thu, 13 Jun 2019 13:55:09 -0700",
  "commit_message": "Optimized imports in Microsoft style\n\n",
  "conflict_file_id": 227,
  "filename": "sdk/src/test/java/com/azure/data/cosmos/internal/TestSuiteBase.java",
  "last_commit_on_a": "371dde255259b3ae03ae6763c34e67f4c0b70a10",
  "last_commit_on_b": "e50a4c1da05fc3defb1043089f45fe9750aae0d6",
  "author_info_a": {
    "name": "Kushagra Thapar",
    "email": "kuthapar@microsoft.com"
  },
  "author_info_b": {
    "name": "Kushagra Thapar",
    "email": "kuthapar@microsoft.com"
  },
  "num_conflict_regions": 5,
  "conflict_region_spans": [
    {
      "conflict_id": 1,
      "a": {
        "start": 25,
        "end": 58
      },
      "base": {
        "start": 25,
        "end": 40
      },
      "b": {
        "start": 25,
        "end": 59
      }
    },
    {
      "conflict_id": 2,
      "a": {
        "start": 64,
        "end": 65
      },
      "base": {
        "start": 46,
        "end": 47
      },
      "b": {
        "start": 65,
        "end": 65
      }
    },
    {
      "conflict_id": 3,
      "a": {
        "start": 73,
        "end": 87
      },
      "base": {
        "start": 55,
        "end": 66
      },
      "b": {
        "start": 73,
        "end": 75
      }
    },
    {
      "conflict_id": 4,
      "a": {
        "start": 148,
        "end": 167
      },
      "base": {
        "start": 127,
        "end": 139
      },
      "b": {
        "start": 136,
        "end": 139
      }
    },
    {
      "conflict_id": 5,
      "a": {
        "start": 812,
        "end": 817
      },
      "base": {
        "start": 784,
        "end": 789
      },
      "b": {
        "start": 784,
        "end": 786
      }
    }
  ]
}