{
  "repository_origin_url": "https://github.com/Azure/azure-cosmosdb-java",
  "commit_id": "603f4639955eb02b2b0769ba912c74c1b6d43197",
  "commit_date": "Wed, 12 Jun 2019 13:13:41 -0700",
  "commit_message": "Modified multi master tests\n\n",
  "conflict_file_id": 228,
  "filename": "commons/src/main/java/com/azure/data/cosmos/ConflictResolutionPolicy.java",
  "last_commit_on_a": "731905cf91c1d7b2c94b1e2900e0e75b1a6ec576",
  "last_commit_on_b": "78e7511f38bf0b35cbbd07491b0c82fddbfbd2d5",
  "author_info_a": {
    "name": "Srinath Narayanan",
    "email": "srnara@microsoft.com"
  },
  "author_info_b": {
    "name": "David Noble",
    "email": "David.Noble@microsoft.com"
  },
  "num_conflict_regions": 1,
  "conflict_region_spans": [
    {
      "conflict_id": 1,
      "a": {
        "start": 6,
        "end": 6
      },
      "base": {
        "start": 6,
        "end": 8
      },
      "b": {
        "start": 6,
        "end": 7
      }
    }
  ]
}