{
  "repository_origin_url": "https://github.com/Azure/azure-cosmosdb-java",
  "commit_id": "b8b36fd09e68b69856949535cd40ec93dff55846",
  "commit_date": "Mon, 17 Jun 2019 10:22:34 -0700",
  "commit_message": "TestSuiteBase now inherits from DocumentClientTest\n\n",
  "conflict_file_id": 22,
  "filename": "sdk/src/test/java/com/microsoft/azure/cosmosdb/rx/SinglePartitionDocumentQueryTest.java",
  "last_commit_on_a": "d14024533a5a46a664203fe325737c509fb03bd6",
  "last_commit_on_b": "95fa58efa19cf1d5ac5ed67e30bce30e91e34917",
  "author_info_a": {
    "name": "David.Noble@microsoft.com",
    "email": "david-noble@Danoble-MBP-4.home.thenobles.us"
  },
  "author_info_b": {
    "name": "Christopher Anderson",
    "email": "chrande@microsoft.com"
  },
  "num_conflict_regions": 6,
  "conflict_region_spans": [
    {
      "conflict_id": 1,
      "a": {
        "start": 99,
        "end": 100
      },
      "base": {
        "start": 99,
        "end": 109
      },
      "b": {
        "start": 99,
        "end": 109
      }
    },
    {
      "conflict_id": 2,
      "a": {
        "start": 126,
        "end": 127
      },
      "base": {
        "start": 135,
        "end": 145
      },
      "b": {
        "start": 135,
        "end": 145
      }
    },
    {
      "conflict_id": 3,
      "a": {
        "start": 153,
        "end": 154
      },
      "base": {
        "start": 171,
        "end": 181
      },
      "b": {
        "start": 171,
        "end": 181
      }
    },
    {
      "conflict_id": 4,
      "a": {
        "start": 198,
        "end": 199
      },
      "base": {
        "start": 225,
        "end": 235
      },
      "b": {
        "start": 225,
        "end": 235
      }
    },
    {
      "conflict_id": 5,
      "a": {
        "start": 223,
        "end": 224
      },
      "base": {
        "start": 259,
        "end": 269
      },
      "b": {
        "start": 259,
        "end": 269
      }
    },
    {
      "conflict_id": 6,
      "a": {
        "start": 306,
        "end": 307
      },
      "base": {
        "start": 351,
        "end": 352
      },
      "b": {
        "start": 351,
        "end": 352
      }
    }
  ]
}