{
  "repository_origin_url": "https://github.com/Azure/azure-cosmosdb-java",
  "commit_id": "603f4639955eb02b2b0769ba912c74c1b6d43197",
  "commit_date": "Wed, 12 Jun 2019 12:36:10 -0700",
  "commit_message": "fixed javadoc\n\n",
  "conflict_file_id": 231,
  "filename": "commons/src/main/java/com/azure/data/cosmos/SpatialIndex.java",
  "last_commit_on_a": "b97ca21f41646fbbba57f1b481ae92cf44e99c8a",
  "last_commit_on_b": "8de13ae4d82f4fc6f56b91e13ad00eb26f1073a4",
  "author_info_a": {
    "name": "Srinath Narayanan",
    "email": "srnara@microsoft.com"
  },
  "author_info_b": {
    "name": "David Noble",
    "email": "David.Noble@microsoft.com"
  },
  "num_conflict_regions": 1,
  "conflict_region_spans": [
    {
      "conflict_id": 1,
      "a": {
        "start": 26,
        "end": 28
      },
      "base": {
        "start": 26,
        "end": 29
      },
      "b": {
        "start": 26,
        "end": 26
      }
    }
  ]
}