{
  "repository_origin_url": "https://github.com/Azure/azure-cosmosdb-java",
  "commit_id": "603f4639955eb02b2b0769ba912c74c1b6d43197",
  "commit_date": "Wed, 12 Jun 2019 14:25:42 -0700",
  "commit_message": "removed unused imports\n\n",
  "conflict_file_id": 235,
  "filename": "sdk/src/test/java/com/azure/data/cosmos/rx/DocumentCrudTest.java",
  "last_commit_on_a": "a71c6e7c2d9474e814558c06b90b7825724175c6",
  "last_commit_on_b": "8de13ae4d82f4fc6f56b91e13ad00eb26f1073a4",
  "author_info_a": {
    "name": "Srinath Narayanan",
    "email": "srnara@microsoft.com"
  },
  "author_info_b": {
    "name": "David Noble",
    "email": "David.Noble@microsoft.com"
  },
  "num_conflict_regions": 1,
  "conflict_region_spans": [
    {
      "conflict_id": 1,
      "a": {
        "start": 25,
        "end": 26
      },
      "base": {
        "start": 25,
        "end": 27
      },
      "b": {
        "start": 25,
        "end": 27
      }
    }
  ]
}