{
  "repository_origin_url": "https://github.com/Azure/azure-cosmosdb-java",
  "commit_id": "33439104286a687d39db126daeb03838f9c74f1f",
  "commit_date": "Mon, 10 Jun 2019 13:45:59 -0700",
  "commit_message": "Merged latest v3 with package renaming and references\n\n",
  "conflict_file_id": 237,
  "filename": "direct-impl/src/main/java/com/azure/data/cosmos/directconnectivity/ServerStoreModel.java",
  "last_commit_on_a": "4f1a7552ba3f62193828733b456b26dee271fe67",
  "last_commit_on_b": "55f567d31ed28d0d16e68d3969de5f851d5bbc68",
  "author_info_a": {
    "name": "Kushagra Thapar",
    "email": "kuthapar@microsoft.com"
  },
  "author_info_b": {
    "name": "Srinath Narayanan",
    "email": "srnara@microsoft.com"
  },
  "num_conflict_regions": 1,
  "conflict_region_spans": [
    {
      "conflict_id": 1,
      "a": {
        "start": 54,
        "end": 56
      },
      "base": {
        "start": 54,
        "end": 56
      },
      "b": {
        "start": 54,
        "end": 56
      }
    }
  ]
}