{
  "repository_origin_url": "https://github.com/Azure/azure-cosmosdb-java",
  "commit_id": "8de13ae4d82f4fc6f56b91e13ad00eb26f1073a4",
  "commit_date": "Wed, 12 Jun 2019 00:08:42 -0700",
  "commit_message": "Revised a long-standing TODO which ensures that the DirectHttpsClientUnderTest is created with Protocol.HTTPS. Added names to all Cosmos Client tests that derive from TestSuiteBase and--in the case of the examples--NamedCosmosClientTest. Test names include the class name, method name, connection mode, and consistency level. Also: Optimized imports.\n\n",
  "conflict_file_id": 240,
  "filename": "commons/src/main/java/com/azure/data/cosmos/Trigger.java",
  "last_commit_on_a": "78e7511f38bf0b35cbbd07491b0c82fddbfbd2d5",
  "last_commit_on_b": "7a94d541245b3bac0e0406e34fcec575acb7abf5",
  "author_info_a": {
    "name": "David Noble",
    "email": "David.Noble@microsoft.com"
  },
  "author_info_b": {
    "name": "Srinath Narayanan",
    "email": "srnara@microsoft.com"
  },
  "num_conflict_regions": 1,
  "conflict_region_spans": [
    {
      "conflict_id": 1,
      "a": {
        "start": 26,
        "end": 26
      },
      "base": {
        "start": 26,
        "end": 28
      },
      "b": {
        "start": 26,
        "end": 27
      }
    }
  ]
}