{
  "repository_origin_url": "https://github.com/Azure/azure-cosmosdb-java",
  "commit_id": "80281ba46def0615588892c428e4e310ee4f4b68",
  "commit_date": "Wed, 5 Jun 2019 23:24:43 -0700",
  "commit_message": "Fixing Cosmos Client Builder usages, making the constructor public, and getters public to be used in test suite base\n\n",
  "conflict_file_id": 241,
  "filename": "sdk/src/test/java/com/microsoft/azure/cosmosdb/rx/ReadFeedExceptionHandlingTest.java",
  "last_commit_on_a": "d5c8b4f091606f1b193c1e246d5bc53d3ad1bc9d",
  "last_commit_on_b": "cdd68cf5906282f786e2ac718f931accddab417c",
  "author_info_a": {
    "name": "Kushagra Thapar",
    "email": "kuthapar@microsoft.com"
  },
  "author_info_b": {
    "name": "Srinath Narayanan",
    "email": "srnara@microsoft.com"
  },
  "num_conflict_regions": 5,
  "conflict_region_spans": [
    {
      "conflict_id": 1,
      "a": {
        "start": 29,
        "end": 33
      },
      "base": {
        "start": 29,
        "end": 30
      },
      "b": {
        "start": 29,
        "end": 30
      }
    },
    {
      "conflict_id": 2,
      "a": {
        "start": 41,
        "end": 41
      },
      "base": {
        "start": 38,
        "end": 40
      },
      "b": {
        "start": 38,
        "end": 41
      }
    },
    {
      "conflict_id": 3,
      "a": {
        "start": 44,
        "end": 45
      },
      "base": {
        "start": 43,
        "end": 46
      },
      "b": {
        "start": 44,
        "end": 46
      }
    },
    {
      "conflict_id": 4,
      "a": {
        "start": 48,
        "end": 84
      },
      "base": {
        "start": 49,
        "end": 78
      },
      "b": {
        "start": 49,
        "end": 50
      }
    },
    {
      "conflict_id": 5,
      "a": {
        "start": 101,
        "end": 111
      },
      "base": {
        "start": 95,
        "end": 105
      },
      "b": {
        "start": 67,
        "end": 79
      }
    }
  ]
}