{
  "repository_origin_url": "https://github.com/Azure/azure-cosmosdb-java",
  "commit_id": "80281ba46def0615588892c428e4e310ee4f4b68",
  "commit_date": "Tue, 4 Jun 2019 14:01:40 -0700",
  "commit_message": "Fixed Examples source code and test cases\n\n",
  "conflict_file_id": 242,
  "filename": "examples/src/test/java/com/microsoft/azure/cosmosdb/rx/examples/TokenResolverTest.java",
  "last_commit_on_a": "8691e95fe49f15ffe6bb40e86d9a7655fb7e8327",
  "last_commit_on_b": "cdd68cf5906282f786e2ac718f931accddab417c",
  "author_info_a": {
    "name": "Kushagra Thapar",
    "email": "kuthapar@microsoft.com"
  },
  "author_info_b": {
    "name": "Srinath Narayanan",
    "email": "srnara@microsoft.com"
  },
  "num_conflict_regions": 2,
  "conflict_region_spans": [
    {
      "conflict_id": 1,
      "a": {
        "start": 173,
        "end": 174
      },
      "base": {
        "start": 173,
        "end": 174
      },
      "b": {
        "start": 173,
        "end": 175
      }
    },
    {
      "conflict_id": 2,
      "a": {
        "start": 214,
        "end": 215
      },
      "base": {
        "start": 214,
        "end": 215
      },
      "b": {
        "start": 215,
        "end": 217
      }
    }
  ]
}