{
  "repository_origin_url": "https://github.com/Azure/azure-cosmosdb-java",
  "commit_id": "80281ba46def0615588892c428e4e310ee4f4b68",
  "commit_date": "Mon, 3 Jun 2019 13:49:53 -0700",
  "commit_message": "Updated query contexts, document service requests, cosmos client changes\n\n",
  "conflict_file_id": 243,
  "filename": "gateway/src/main/java/com/microsoft/azure/cosmosdb/rx/internal/query/DocumentQueryExecutionContextFactory.java",
  "last_commit_on_a": "bd49e732cced35346e9aff5abcfd99609736863d",
  "last_commit_on_b": "cdd68cf5906282f786e2ac718f931accddab417c",
  "author_info_a": {
    "name": "Kushagra Thapar",
    "email": "kuthapar@microsoft.com"
  },
  "author_info_b": {
    "name": "Srinath Narayanan",
    "email": "srnara@microsoft.com"
  },
  "num_conflict_regions": 1,
  "conflict_region_spans": [
    {
      "conflict_id": 1,
      "a": {
        "start": 89,
        "end": 101
      },
      "base": {
        "start": 89,
        "end": 101
      },
      "b": {
        "start": 89,
        "end": 105
      }
    }
  ]
}