{
  "repository_origin_url": "https://github.com/Azure/azure-cosmosdb-java",
  "commit_id": "80281ba46def0615588892c428e4e310ee4f4b68",
  "commit_date": "Wed, 5 Jun 2019 23:24:43 -0700",
  "commit_message": "Fixing Cosmos Client Builder usages, making the constructor public, and getters public to be used in test suite base\n\n",
  "conflict_file_id": 246,
  "filename": "sdk/src/test/java/com/microsoft/azure/cosmosdb/rx/MultiMasterConflictResolutionTest.java",
  "last_commit_on_a": "d5c8b4f091606f1b193c1e246d5bc53d3ad1bc9d",
  "last_commit_on_b": "cdd68cf5906282f786e2ac718f931accddab417c",
  "author_info_a": {
    "name": "Kushagra Thapar",
    "email": "kuthapar@microsoft.com"
  },
  "author_info_b": {
    "name": "Srinath Narayanan",
    "email": "srnara@microsoft.com"
  },
  "num_conflict_regions": 4,
  "conflict_region_spans": [
    {
      "conflict_id": 1,
      "a": {
        "start": 25,
        "end": 32
      },
      "base": {
        "start": 25,
        "end": 25
      },
      "b": {
        "start": 25,
        "end": 33
      }
    },
    {
      "conflict_id": 2,
      "a": {
        "start": 70,
        "end": 73
      },
      "base": {
        "start": 63,
        "end": 66
      },
      "b": {
        "start": 71,
        "end": 74
      }
    },
    {
      "conflict_id": 3,
      "a": {
        "start": 77,
        "end": 82
      },
      "base": {
        "start": 70,
        "end": 76
      },
      "b": {
        "start": 78,
        "end": 83
      }
    },
    {
      "conflict_id": 4,
      "a": {
        "start": 142,
        "end": 144
      },
      "base": {
        "start": 136,
        "end": 138
      },
      "b": {
        "start": 143,
        "end": 145
      }
    }
  ]
}