{
  "repository_origin_url": "https://github.com/Azure/azure-cosmosdb-java",
  "commit_id": "80281ba46def0615588892c428e4e310ee4f4b68",
  "commit_date": "Sat, 8 Jun 2019 17:40:14 -0700",
  "commit_message": "We no longer permit VeryLargeDocumentQueryTest to fail when Direct TCP is in use. Also improved logger.info messages in DocumentClientResourceLeakTest\n\n",
  "conflict_file_id": 248,
  "filename": "sdk/src/test/java/com/microsoft/azure/cosmosdb/rx/DocumentClientResourceLeakTest.java",
  "last_commit_on_a": "720f4e6af39a12d586712fcd312ff386b072a199",
  "last_commit_on_b": "cdd68cf5906282f786e2ac718f931accddab417c",
  "author_info_a": {
    "name": "David Noble",
    "email": "David.Noble@microsoft.com"
  },
  "author_info_b": {
    "name": "Srinath Narayanan",
    "email": "srnara@microsoft.com"
  },
  "num_conflict_regions": 4,
  "conflict_region_spans": [
    {
      "conflict_id": 1,
      "a": {
        "start": 25,
        "end": 30
      },
      "base": {
        "start": 25,
        "end": 31
      },
      "b": {
        "start": 25,
        "end": 32
      }
    },
    {
      "conflict_id": 2,
      "a": {
        "start": 57,
        "end": 58
      },
      "base": {
        "start": 58,
        "end": 62
      },
      "b": {
        "start": 59,
        "end": 63
      }
    },
    {
      "conflict_id": 3,
      "a": {
        "start": 63,
        "end": 64
      },
      "base": {
        "start": 67,
        "end": 68
      },
      "b": {
        "start": 68,
        "end": 68
      }
    },
    {
      "conflict_id": 4,
      "a": {
        "start": 67,
        "end": 70
      },
      "base": {
        "start": 71,
        "end": 73
      },
      "b": {
        "start": 71,
        "end": 73
      }
    }
  ]
}