{
  "repository_origin_url": "https://github.com/Azure/azure-cosmosdb-java",
  "commit_id": "80281ba46def0615588892c428e4e310ee4f4b68",
  "commit_date": "Wed, 5 Jun 2019 23:44:31 -0700",
  "commit_message": "Renamed Reactor Transport Client to Transport Client, removed rx.Observable and rx.Single usages completely\n\n",
  "conflict_file_id": 250,
  "filename": "sdk/src/test/java/com/microsoft/azure/cosmosdb/rx/internal/directconnectivity/ReflectionUtils.java",
  "last_commit_on_a": "5ad30ca096e1a724b91b71ef246b2456db10bbef",
  "last_commit_on_b": "cdd68cf5906282f786e2ac718f931accddab417c",
  "author_info_a": {
    "name": "Kushagra Thapar",
    "email": "kuthapar@microsoft.com"
  },
  "author_info_b": {
    "name": "Srinath Narayanan",
    "email": "srnara@microsoft.com"
  },
  "num_conflict_regions": 1,
  "conflict_region_spans": [
    {
      "conflict_id": 1,
      "a": {
        "start": 31,
        "end": 32
      },
      "base": {
        "start": 31,
        "end": 32
      },
      "b": {
        "start": 31,
        "end": 33
      }
    }
  ]
}