{
  "repository_origin_url": "https://github.com/Azure/azure-cosmosdb-java",
  "commit_id": "80281ba46def0615588892c428e4e310ee4f4b68",
  "commit_date": "Thu, 6 Jun 2019 21:12:17 -0700",
  "commit_message": "Fixing tests and refactored the way to get values\n\n",
  "conflict_file_id": 254,
  "filename": "sdk/src/test/java/com/microsoft/azure/cosmosdb/rx/SinglePartitionDocumentQueryTest.java",
  "last_commit_on_a": "659d25588c83c1f7add6aecac0ffc6403ce9eeac",
  "last_commit_on_b": "cdd68cf5906282f786e2ac718f931accddab417c",
  "author_info_a": {
    "name": "Kushagra Thapar",
    "email": "kuthapar@microsoft.com"
  },
  "author_info_b": {
    "name": "Srinath Narayanan",
    "email": "srnara@microsoft.com"
  },
  "num_conflict_regions": 6,
  "conflict_region_spans": [
    {
      "conflict_id": 1,
      "a": {
        "start": 32,
        "end": 34
      },
      "base": {
        "start": 32,
        "end": 32
      },
      "b": {
        "start": 32,
        "end": 33
      }
    },
    {
      "conflict_id": 2,
      "a": {
        "start": 48,
        "end": 52
      },
      "base": {
        "start": 46,
        "end": 48
      },
      "b": {
        "start": 47,
        "end": 52
      }
    },
    {
      "conflict_id": 3,
      "a": {
        "start": 58,
        "end": 61
      },
      "base": {
        "start": 54,
        "end": 57
      },
      "b": {
        "start": 58,
        "end": 61
      }
    },
    {
      "conflict_id": 4,
      "a": {
        "start": 275,
        "end": 277
      },
      "base": {
        "start": 271,
        "end": 273
      },
      "b": {
        "start": 275,
        "end": 277
      }
    },
    {
      "conflict_id": 5,
      "a": {
        "start": 281,
        "end": 283
      },
      "base": {
        "start": 277,
        "end": 279
      },
      "b": {
        "start": 281,
        "end": 283
      }
    },
    {
      "conflict_id": 6,
      "a": {
        "start": 330,
        "end": 333
      },
      "base": {
        "start": 326,
        "end": 329
      },
      "b": {
        "start": 330,
        "end": 332
      }
    }
  ]
}