{
  "repository_origin_url": "https://github.com/Azure/azure-cosmosdb-java",
  "commit_id": "80281ba46def0615588892c428e4e310ee4f4b68",
  "commit_date": "Tue, 4 Jun 2019 20:48:47 -0700",
  "commit_message": "Merge branch 'v3' into srnara/np2p\n# Conflicts:\n#\tsdk/src/main/java/com/microsoft/azure/cosmos/CosmosContainer.java\n#\tsdk/src/main/java/com/microsoft/azure/cosmos/CosmosItem.java\n#\tsdk/src/main/java/com/microsoft/azure/cosmos/CosmosItemResponse.java\n#\tsdk/src/test/java/com/microsoft/azure/cosmos/CosmosItemCrudTest.java\n#\tsdk/src/test/java/com/microsoft/azure/cosmos/CosmosResponseValidator.java\n#\tsdk/src/test/java/com/microsoft/azure/cosmosdb/rx/CollectionCrudTest.java\n#\tsdk/src/test/java/com/microsoft/azure/cosmosdb/rx/DCDocumentCrudTest.java\n#\tsdk/src/test/java/com/microsoft/azure/cosmosdb/rx/TestSuiteBase.java\n#\tsdk/src/test/java/com/microsoft/azure/cosmosdb/rx/internal/TestSuiteBase.java\n\n",
  "conflict_file_id": 255,
  "filename": "sdk/src/test/java/com/microsoft/azure/cosmos/CosmosResponseValidator.java",
  "last_commit_on_a": "50fcc45cf3d75c68b54865ff538dac1142200c3e",
  "last_commit_on_b": "cdd68cf5906282f786e2ac718f931accddab417c",
  "author_info_a": {
    "name": "Srinath Narayanan",
    "email": "srnara@microsoft.com"
  },
  "author_info_b": {
    "name": "Srinath Narayanan",
    "email": "srnara@microsoft.com"
  },
  "num_conflict_regions": 1,
  "conflict_region_spans": [
    {
      "conflict_id": 1,
      "a": {
        "start": 29,
        "end": 39
      },
      "base": {
        "start": 29,
        "end": 29
      },
      "b": {
        "start": 29,
        "end": 37
      }
    }
  ]
}