{
  "repository_origin_url": "https://github.com/Azure/azure-cosmosdb-java",
  "commit_id": "80281ba46def0615588892c428e4e310ee4f4b68",
  "commit_date": "Thu, 6 Jun 2019 21:12:17 -0700",
  "commit_message": "Fixing tests and refactored the way to get values\n\n",
  "conflict_file_id": 257,
  "filename": "sdk/src/test/java/com/microsoft/azure/cosmosdb/rx/BackPressureTest.java",
  "last_commit_on_a": "659d25588c83c1f7add6aecac0ffc6403ce9eeac",
  "last_commit_on_b": "cdd68cf5906282f786e2ac718f931accddab417c",
  "author_info_a": {
    "name": "Kushagra Thapar",
    "email": "kuthapar@microsoft.com"
  },
  "author_info_b": {
    "name": "Srinath Narayanan",
    "email": "srnara@microsoft.com"
  },
  "num_conflict_regions": 11,
  "conflict_region_spans": [
    {
      "conflict_id": 1,
      "a": {
        "start": 25,
        "end": 33
      },
      "base": {
        "start": 25,
        "end": 28
      },
      "b": {
        "start": 25,
        "end": 34
      }
    },
    {
      "conflict_id": 2,
      "a": {
        "start": 38,
        "end": 39
      },
      "base": {
        "start": 33,
        "end": 33
      },
      "b": {
        "start": 39,
        "end": 44
      }
    },
    {
      "conflict_id": 3,
      "a": {
        "start": 43,
        "end": 46
      },
      "base": {
        "start": 37,
        "end": 41
      },
      "b": {
        "start": 48,
        "end": 49
      }
    },
    {
      "conflict_id": 4,
      "a": {
        "start": 88,
        "end": 89
      },
      "base": {
        "start": 83,
        "end": 85
      },
      "b": {
        "start": 91,
        "end": 93
      }
    },
    {
      "conflict_id": 5,
      "a": {
        "start": 110,
        "end": 112
      },
      "base": {
        "start": 106,
        "end": 108
      },
      "b": {
        "start": 114,
        "end": 116
      }
    },
    {
      "conflict_id": 6,
      "a": {
        "start": 118,
        "end": 120
      },
      "base": {
        "start": 114,
        "end": 116
      },
      "b": {
        "start": 122,
        "end": 124
      }
    },
    {
      "conflict_id": 7,
      "a": {
        "start": 126,
        "end": 127
      },
      "base": {
        "start": 122,
        "end": 124
      },
      "b": {
        "start": 130,
        "end": 132
      }
    },
    {
      "conflict_id": 8,
      "a": {
        "start": 157,
        "end": 158
      },
      "base": {
        "start": 154,
        "end": 155
      },
      "b": {
        "start": 162,
        "end": 163
      }
    },
    {
      "conflict_id": 9,
      "a": {
        "start": 180,
        "end": 182
      },
      "base": {
        "start": 177,
        "end": 179
      },
      "b": {
        "start": 185,
        "end": 187
      }
    },
    {
      "conflict_id": 10,
      "a": {
        "start": 183,
        "end": 184
      },
      "base": {
        "start": 180,
        "end": 181
      },
      "b": {
        "start": 188,
        "end": 189
      }
    },
    {
      "conflict_id": 11,
      "a": {
        "start": 199,
        "end": 200
      },
      "base": {
        "start": 196,
        "end": 197
      },
      "b": {
        "start": 204,
        "end": 207
      }
    }
  ]
}