{
  "repository_origin_url": "https://github.com/Azure/azure-cosmosdb-java",
  "commit_id": "80281ba46def0615588892c428e4e310ee4f4b68",
  "commit_date": "Wed, 5 Jun 2019 23:24:43 -0700",
  "commit_message": "Fixing Cosmos Client Builder usages, making the constructor public, and getters public to be used in test suite base\n\n",
  "conflict_file_id": 260,
  "filename": "sdk/src/test/java/com/microsoft/azure/cosmosdb/rx/UniqueIndexTest.java",
  "last_commit_on_a": "d5c8b4f091606f1b193c1e246d5bc53d3ad1bc9d",
  "last_commit_on_b": "cdd68cf5906282f786e2ac718f931accddab417c",
  "author_info_a": {
    "name": "Kushagra Thapar",
    "email": "kuthapar@microsoft.com"
  },
  "author_info_b": {
    "name": "Srinath Narayanan",
    "email": "srnara@microsoft.com"
  },
  "num_conflict_regions": 7,
  "conflict_region_spans": [
    {
      "conflict_id": 1,
      "a": {
        "start": 42,
        "end": 50
      },
      "base": {
        "start": 42,
        "end": 42
      },
      "b": {
        "start": 42,
        "end": 51
      }
    },
    {
      "conflict_id": 2,
      "a": {
        "start": 154,
        "end": 158
      },
      "base": {
        "start": 146,
        "end": 148
      },
      "b": {
        "start": 155,
        "end": 156
      }
    },
    {
      "conflict_id": 3,
      "a": {
        "start": 159,
        "end": 160
      },
      "base": {
        "start": 149,
        "end": 150
      },
      "b": {
        "start": 157,
        "end": 158
      }
    },
    {
      "conflict_id": 4,
      "a": {
        "start": 161,
        "end": 164
      },
      "base": {
        "start": 151,
        "end": 154
      },
      "b": {
        "start": 159,
        "end": 162
      }
    },
    {
      "conflict_id": 5,
      "a": {
        "start": 166,
        "end": 167
      },
      "base": {
        "start": 156,
        "end": 157
      },
      "b": {
        "start": 164,
        "end": 165
      }
    },
    {
      "conflict_id": 6,
      "a": {
        "start": 173,
        "end": 175
      },
      "base": {
        "start": 163,
        "end": 165
      },
      "b": {
        "start": 171,
        "end": 173
      }
    },
    {
      "conflict_id": 7,
      "a": {
        "start": 176,
        "end": 178
      },
      "base": {
        "start": 166,
        "end": 168
      },
      "b": {
        "start": 174,
        "end": 176
      }
    }
  ]
}