{
  "repository_origin_url": "https://github.com/Azure/azure-cosmosdb-java",
  "commit_id": "80281ba46def0615588892c428e4e310ee4f4b68",
  "commit_date": "Tue, 4 Jun 2019 22:56:23 -0700",
  "commit_message": "Merged Srinath's np2p branch changes to v3_store_consistency_layer branch\n\n",
  "conflict_file_id": 261,
  "filename": "sdk/src/test/java/com/microsoft/azure/cosmosdb/rx/internal/SessionTest.java",
  "last_commit_on_a": "ead67b6d74a62a6958bfa66a8beb6f33299c12af",
  "last_commit_on_b": "cdd68cf5906282f786e2ac718f931accddab417c",
  "author_info_a": {
    "name": "Kushagra Thapar",
    "email": "kuthapar@microsoft.com"
  },
  "author_info_b": {
    "name": "Srinath Narayanan",
    "email": "srnara@microsoft.com"
  },
  "num_conflict_regions": 3,
  "conflict_region_spans": [
    {
      "conflict_id": 1,
      "a": {
        "start": 146,
        "end": 147
      },
      "base": {
        "start": 146,
        "end": 147
      },
      "b": {
        "start": 146,
        "end": 147
      }
    },
    {
      "conflict_id": 2,
      "a": {
        "start": 151,
        "end": 152
      },
      "base": {
        "start": 151,
        "end": 152
      },
      "b": {
        "start": 151,
        "end": 152
      }
    },
    {
      "conflict_id": 3,
      "a": {
        "start": 168,
        "end": 169
      },
      "base": {
        "start": 168,
        "end": 169
      },
      "b": {
        "start": 168,
        "end": 169
      }
    }
  ]
}