{
  "repository_origin_url": "https://github.com/Azure/azure-cosmosdb-java",
  "commit_id": "80281ba46def0615588892c428e4e310ee4f4b68",
  "commit_date": "Thu, 6 Jun 2019 21:12:17 -0700",
  "commit_message": "Fixing tests and refactored the way to get values\n\n",
  "conflict_file_id": 263,
  "filename": "sdk/src/test/java/com/microsoft/azure/cosmosdb/rx/ParallelDocumentQueryTest.java",
  "last_commit_on_a": "659d25588c83c1f7add6aecac0ffc6403ce9eeac",
  "last_commit_on_b": "cdd68cf5906282f786e2ac718f931accddab417c",
  "author_info_a": {
    "name": "Kushagra Thapar",
    "email": "kuthapar@microsoft.com"
  },
  "author_info_b": {
    "name": "Srinath Narayanan",
    "email": "srnara@microsoft.com"
  },
  "num_conflict_regions": 4,
  "conflict_region_spans": [
    {
      "conflict_id": 1,
      "a": {
        "start": 58,
        "end": 60
      },
      "base": {
        "start": 58,
        "end": 60
      },
      "b": {
        "start": 58,
        "end": 61
      }
    },
    {
      "conflict_id": 2,
      "a": {
        "start": 248,
        "end": 251
      },
      "base": {
        "start": 248,
        "end": 251
      },
      "b": {
        "start": 249,
        "end": 252
      }
    },
    {
      "conflict_id": 3,
      "a": {
        "start": 333,
        "end": 336
      },
      "base": {
        "start": 333,
        "end": 337
      },
      "b": {
        "start": 334,
        "end": 338
      }
    },
    {
      "conflict_id": 4,
      "a": {
        "start": 421,
        "end": 422
      },
      "base": {
        "start": 422,
        "end": 423
      },
      "b": {
        "start": 423,
        "end": 424
      }
    }
  ]
}