{
  "repository_origin_url": "https://github.com/Azure/azure-cosmosdb-java",
  "commit_id": "80281ba46def0615588892c428e4e310ee4f4b68",
  "commit_date": "Wed, 5 Jun 2019 23:24:43 -0700",
  "commit_message": "Fixing Cosmos Client Builder usages, making the constructor public, and getters public to be used in test suite base\n\n",
  "conflict_file_id": 264,
  "filename": "sdk/src/main/java/com/microsoft/azure/cosmos/CosmosClient.java",
  "last_commit_on_a": "d5c8b4f091606f1b193c1e246d5bc53d3ad1bc9d",
  "last_commit_on_b": "cdd68cf5906282f786e2ac718f931accddab417c",
  "author_info_a": {
    "name": "Kushagra Thapar",
    "email": "kuthapar@microsoft.com"
  },
  "author_info_b": {
    "name": "Srinath Narayanan",
    "email": "srnara@microsoft.com"
  },
  "num_conflict_regions": 3,
  "conflict_region_spans": [
    {
      "conflict_id": 1,
      "a": {
        "start": 38,
        "end": 39
      },
      "base": {
        "start": 38,
        "end": 40
      },
      "b": {
        "start": 38,
        "end": 42
      }
    },
    {
      "conflict_id": 2,
      "a": {
        "start": 52,
        "end": 79
      },
      "base": {
        "start": 53,
        "end": 54
      },
      "b": {
        "start": 55,
        "end": 90
      }
    },
    {
      "conflict_id": 3,
      "a": {
        "start": 100,
        "end": 142
      },
      "base": {
        "start": 75,
        "end": 82
      },
      "b": {
        "start": 111,
        "end": 137
      }
    }
  ]
}