{
  "repository_origin_url": "https://github.com/Azure/azure-cosmosdb-java",
  "commit_id": "80281ba46def0615588892c428e4e310ee4f4b68",
  "commit_date": "Sat, 8 Jun 2019 20:43:02 -0700",
  "commit_message": "We no longer permit BackPressureCrossPartition.query to fail when Direct TCP is in use.\n\n",
  "conflict_file_id": 265,
  "filename": "sdk/src/test/java/com/microsoft/azure/cosmosdb/rx/BackPressureCrossPartitionTest.java",
  "last_commit_on_a": "267a2b87061d8600de5e00421aa1081f5e581d9e",
  "last_commit_on_b": "cdd68cf5906282f786e2ac718f931accddab417c",
  "author_info_a": {
    "name": "David Noble",
    "email": "David.Noble@microsoft.com"
  },
  "author_info_b": {
    "name": "Srinath Narayanan",
    "email": "srnara@microsoft.com"
  },
  "num_conflict_regions": 10,
  "conflict_region_spans": [
    {
      "conflict_id": 1,
      "a": {
        "start": 25,
        "end": 33
      },
      "base": {
        "start": 25,
        "end": 25
      },
      "b": {
        "start": 25,
        "end": 34
      }
    },
    {
      "conflict_id": 2,
      "a": {
        "start": 40,
        "end": 40
      },
      "base": {
        "start": 32,
        "end": 36
      },
      "b": {
        "start": 41,
        "end": 42
      }
    },
    {
      "conflict_id": 3,
      "a": {
        "start": 41,
        "end": 42
      },
      "base": {
        "start": 37,
        "end": 37
      },
      "b": {
        "start": 43,
        "end": 48
      }
    },
    {
      "conflict_id": 4,
      "a": {
        "start": 49,
        "end": 52
      },
      "base": {
        "start": 44,
        "end": 48
      },
      "b": {
        "start": 55,
        "end": 57
      }
    },
    {
      "conflict_id": 5,
      "a": {
        "start": 156,
        "end": 158
      },
      "base": {
        "start": 152,
        "end": 155
      },
      "b": {
        "start": 161,
        "end": 164
      }
    },
    {
      "conflict_id": 6,
      "a": {
        "start": 162,
        "end": 166
      },
      "base": {
        "start": 159,
        "end": 163
      },
      "b": {
        "start": 168,
        "end": 172
      }
    },
    {
      "conflict_id": 7,
      "a": {
        "start": 167,
        "end": 174
      },
      "base": {
        "start": 164,
        "end": 171
      },
      "b": {
        "start": 173,
        "end": 179
      }
    },
    {
      "conflict_id": 8,
      "a": {
        "start": 175,
        "end": 178
      },
      "base": {
        "start": 172,
        "end": 183
      },
      "b": {
        "start": 180,
        "end": 191
      }
    },
    {
      "conflict_id": 9,
      "a": {
        "start": 180,
        "end": 183
      },
      "base": {
        "start": 185,
        "end": 197
      },
      "b": {
        "start": 193,
        "end": 205
      }
    },
    {
      "conflict_id": 10,
      "a": {
        "start": 202,
        "end": 204
      },
      "base": {
        "start": 216,
        "end": 218
      },
      "b": {
        "start": 224,
        "end": 226
      }
    }
  ]
}