{
  "repository_origin_url": "https://github.com/Azure/azure-cosmosdb-java",
  "commit_id": "80281ba46def0615588892c428e4e310ee4f4b68",
  "commit_date": "Thu, 6 Jun 2019 00:42:42 -0700",
  "commit_message": "fixed more tests made shared resources private\n\n",
  "conflict_file_id": 268,
  "filename": "commons/src/main/java/com/microsoft/azure/cosmosdb/PartitionKeyDefinition.java",
  "last_commit_on_a": "9eb9732cf6c8363113857a1dd5bd2fc42718b77d",
  "last_commit_on_b": "cdd68cf5906282f786e2ac718f931accddab417c",
  "author_info_a": {
    "name": "Srinath Narayanan",
    "email": "srnara@microsoft.com"
  },
  "author_info_b": {
    "name": "Srinath Narayanan",
    "email": "srnara@microsoft.com"
  },
  "num_conflict_regions": 1,
  "conflict_region_spans": [
    {
      "conflict_id": 1,
      "a": {
        "start": 139,
        "end": 160
      },
      "base": {
        "start": 139,
        "end": 139
      },
      "b": {
        "start": 139,
        "end": 164
      }
    }
  ]
}