{
  "repository_origin_url": "https://github.com/Azure/azure-cosmosdb-java",
  "commit_id": "80281ba46def0615588892c428e4e310ee4f4b68",
  "commit_date": "Sat, 8 Jun 2019 15:17:42 -0700",
  "commit_message": "Minor test fixes\n\n",
  "conflict_file_id": 270,
  "filename": "sdk/src/test/java/com/microsoft/azure/cosmosdb/rx/TestSuiteBase.java",
  "last_commit_on_a": "bb629847c83ba6765973f063551f7b7ddbbfed0e",
  "last_commit_on_b": "cdd68cf5906282f786e2ac718f931accddab417c",
  "author_info_a": {
    "name": "Kushagra Thapar",
    "email": "kuthapar@microsoft.com"
  },
  "author_info_b": {
    "name": "Srinath Narayanan",
    "email": "srnara@microsoft.com"
  },
  "num_conflict_regions": 29,
  "conflict_region_spans": [
    {
      "conflict_id": 1,
      "a": {
        "start": 42,
        "end": 45
      },
      "base": {
        "start": 42,
        "end": 42
      },
      "b": {
        "start": 42,
        "end": 43
      }
    },
    {
      "conflict_id": 2,
      "a": {
        "start": 56,
        "end": 62
      },
      "base": {
        "start": 53,
        "end": 53
      },
      "b": {
        "start": 54,
        "end": 60
      }
    },
    {
      "conflict_id": 3,
      "a": {
        "start": 99,
        "end": 99
      },
      "base": {
        "start": 90,
        "end": 93
      },
      "b": {
        "start": 97,
        "end": 98
      }
    },
    {
      "conflict_id": 4,
      "a": {
        "start": 122,
        "end": 128
      },
      "base": {
        "start": 116,
        "end": 117
      },
      "b": {
        "start": 121,
        "end": 122
      }
    },
    {
      "conflict_id": 5,
      "a": {
        "start": 129,
        "end": 144
      },
      "base": {
        "start": 118,
        "end": 123
      },
      "b": {
        "start": 123,
        "end": 143
      }
    },
    {
      "conflict_id": 6,
      "a": {
        "start": 340,
        "end": 346
      },
      "base": {
        "start": 319,
        "end": 349
      },
      "b": {
        "start": 339,
        "end": 345
      }
    },
    {
      "conflict_id": 7,
      "a": {
        "start": 455,
        "end": 456
      },
      "base": {
        "start": 458,
        "end": 467
      },
      "b": {
        "start": 454,
        "end": 459
      }
    },
    {
      "conflict_id": 8,
      "a": {
        "start": 458,
        "end": 460
      },
      "base": {
        "start": 469,
        "end": 471
      },
      "b": {
        "start": 461,
        "end": 463
      }
    },
    {
      "conflict_id": 9,
      "a": {
        "start": 462,
        "end": 464
      },
      "base": {
        "start": 473,
        "end": 475
      },
      "b": {
        "start": 465,
        "end": 467
      }
    },
    {
      "conflict_id": 10,
      "a": {
        "start": 466,
        "end": 468
      },
      "base": {
        "start": 477,
        "end": 487
      },
      "b": {
        "start": 469,
        "end": 481
      }
    },
    {
      "conflict_id": 11,
      "a": {
        "start": 469,
        "end": 479
      },
      "base": {
        "start": 488,
        "end": 503
      },
      "b": {
        "start": 482,
        "end": 497
      }
    },
    {
      "conflict_id": 12,
      "a": {
        "start": 490,
        "end": 496
      },
      "base": {
        "start": 514,
        "end": 516
      },
      "b": {
        "start": 508,
        "end": 510
      }
    },
    {
      "conflict_id": 13,
      "a": {
        "start": 562,
        "end": 564
      },
      "base": {
        "start": 582,
        "end": 584
      },
      "b": {
        "start": 576,
        "end": 582
      }
    },
    {
      "conflict_id": 14,
      "a": {
        "start": 566,
        "end": 571
      },
      "base": {
        "start": 586,
        "end": 587
      },
      "b": {
        "start": 584,
        "end": 585
      }
    },
    {
      "conflict_id": 15,
      "a": {
        "start": 621,
        "end": 636
      },
      "base": {
        "start": 637,
        "end": 663
      },
      "b": {
        "start": 635,
        "end": 650
      }
    },
    {
      "conflict_id": 16,
      "a": {
        "start": 650,
        "end": 659
      },
      "base": {
        "start": 677,
        "end": 685
      },
      "b": {
        "start": 664,
        "end": 671
      }
    },
    {
      "conflict_id": 17,
      "a": {
        "start": 675,
        "end": 676
      },
      "base": {
        "start": 701,
        "end": 702
      },
      "b": {
        "start": 687,
        "end": 688
      }
    },
    {
      "conflict_id": 18,
      "a": {
        "start": 703,
        "end": 706
      },
      "base": {
        "start": 729,
        "end": 732
      },
      "b": {
        "start": 715,
        "end": 718
      }
    },
    {
      "conflict_id": 19,
      "a": {
        "start": 708,
        "end": 710
      },
      "base": {
        "start": 734,
        "end": 736
      },
      "b": {
        "start": 720,
        "end": 722
      }
    },
    {
      "conflict_id": 20,
      "a": {
        "start": 721,
        "end": 724
      },
      "base": {
        "start": 747,
        "end": 750
      },
      "b": {
        "start": 733,
        "end": 736
      }
    },
    {
      "conflict_id": 21,
      "a": {
        "start": 726,
        "end": 728
      },
      "base": {
        "start": 752,
        "end": 754
      },
      "b": {
        "start": 738,
        "end": 740
      }
    },
    {
      "conflict_id": 22,
      "a": {
        "start": 739,
        "end": 742
      },
      "base": {
        "start": 765,
        "end": 768
      },
      "b": {
        "start": 751,
        "end": 754
      }
    },
    {
      "conflict_id": 23,
      "a": {
        "start": 744,
        "end": 746
      },
      "base": {
        "start": 770,
        "end": 772
      },
      "b": {
        "start": 756,
        "end": 758
      }
    },
    {
      "conflict_id": 24,
      "a": {
        "start": 756,
        "end": 758
      },
      "base": {
        "start": 782,
        "end": 785
      },
      "b": {
        "start": 768,
        "end": 771
      }
    },
    {
      "conflict_id": 25,
      "a": {
        "start": 760,
        "end": 762
      },
      "base": {
        "start": 787,
        "end": 789
      },
      "b": {
        "start": 773,
        "end": 775
      }
    },
    {
      "conflict_id": 26,
      "a": {
        "start": 1027,
        "end": 1031
      },
      "base": {
        "start": 1054,
        "end": 1058
      },
      "b": {
        "start": 1040,
        "end": 1044
      }
    },
    {
      "conflict_id": 27,
      "a": {
        "start": 1038,
        "end": 1042
      },
      "base": {
        "start": 1065,
        "end": 1069
      },
      "b": {
        "start": 1051,
        "end": 1055
      }
    },
    {
      "conflict_id": 28,
      "a": {
        "start": 1066,
        "end": 1071
      },
      "base": {
        "start": 1093,
        "end": 1098
      },
      "b": {
        "start": 1079,
        "end": 1084
      }
    },
    {
      "conflict_id": 29,
      "a": {
        "start": 1084,
        "end": 1084
      },
      "base": {
        "start": 1111,
        "end": 1131
      },
      "b": {
        "start": 1097,
        "end": 1117
      }
    }
  ]
}