{
  "repository_origin_url": "https://github.com/Azure/azure-cosmosdb-java",
  "commit_id": "80281ba46def0615588892c428e4e310ee4f4b68",
  "commit_date": "Thu, 6 Jun 2019 11:37:16 -0700",
  "commit_message": "Merged latest changes from np2p branch\n\n",
  "conflict_file_id": 272,
  "filename": "sdk/src/test/java/com/microsoft/azure/cosmosdb/rx/UserDefinedFunctionQueryTest.java",
  "last_commit_on_a": "b17356530e1310bd316a2dd5bb21f04f20c48c4d",
  "last_commit_on_b": "cdd68cf5906282f786e2ac718f931accddab417c",
  "author_info_a": {
    "name": "Kushagra Thapar",
    "email": "kuthapar@microsoft.com"
  },
  "author_info_b": {
    "name": "Srinath Narayanan",
    "email": "srnara@microsoft.com"
  },
  "num_conflict_regions": 4,
  "conflict_region_spans": [
    {
      "conflict_id": 1,
      "a": {
        "start": 32,
        "end": 34
      },
      "base": {
        "start": 32,
        "end": 32
      },
      "b": {
        "start": 32,
        "end": 33
      }
    },
    {
      "conflict_id": 2,
      "a": {
        "start": 39,
        "end": 43
      },
      "base": {
        "start": 37,
        "end": 38
      },
      "b": {
        "start": 38,
        "end": 43
      }
    },
    {
      "conflict_id": 3,
      "a": {
        "start": 51,
        "end": 54
      },
      "base": {
        "start": 46,
        "end": 49
      },
      "b": {
        "start": 51,
        "end": 54
      }
    },
    {
      "conflict_id": 4,
      "a": {
        "start": 158,
        "end": 161
      },
      "base": {
        "start": 153,
        "end": 156
      },
      "b": {
        "start": 158,
        "end": 160
      }
    }
  ]
}