{
  "repository_origin_url": "https://github.com/Azure/azure-cosmosdb-java",
  "commit_id": "80281ba46def0615588892c428e4e310ee4f4b68",
  "commit_date": "Thu, 6 Jun 2019 15:31:28 -0700",
  "commit_message": "Added Cosmos Request options\n\n",
  "conflict_file_id": 273,
  "filename": "sdk/src/test/java/com/microsoft/azure/cosmosdb/rx/CollectionCrudTest.java",
  "last_commit_on_a": "cfb4366314be8f91b3771d7014aae9a087e59aab",
  "last_commit_on_b": "cdd68cf5906282f786e2ac718f931accddab417c",
  "author_info_a": {
    "name": "Kushagra Thapar",
    "email": "kuthapar@microsoft.com"
  },
  "author_info_b": {
    "name": "Srinath Narayanan",
    "email": "srnara@microsoft.com"
  },
  "num_conflict_regions": 3,
  "conflict_region_spans": [
    {
      "conflict_id": 1,
      "a": {
        "start": 40,
        "end": 51
      },
      "base": {
        "start": 40,
        "end": 40
      },
      "b": {
        "start": 40,
        "end": 52
      }
    },
    {
      "conflict_id": 2,
      "a": {
        "start": 56,
        "end": 56
      },
      "base": {
        "start": 45,
        "end": 46
      },
      "b": {
        "start": 57,
        "end": 58
      }
    },
    {
      "conflict_id": 3,
      "a": {
        "start": 281,
        "end": 284
      },
      "base": {
        "start": 271,
        "end": 273
      },
      "b": {
        "start": 283,
        "end": 288
      }
    }
  ]
}