{
  "repository_origin_url": "https://github.com/Azure/azure-cosmosdb-java",
  "commit_id": "80281ba46def0615588892c428e4e310ee4f4b68",
  "commit_date": "Wed, 5 Jun 2019 23:24:43 -0700",
  "commit_message": "Fixing Cosmos Client Builder usages, making the constructor public, and getters public to be used in test suite base\n\n",
  "conflict_file_id": 274,
  "filename": "sdk/src/main/java/com/microsoft/azure/cosmos/CosmosContainer.java",
  "last_commit_on_a": "d5c8b4f091606f1b193c1e246d5bc53d3ad1bc9d",
  "last_commit_on_b": "337c77955e31d42fd8a89e8b53e694eee4695080",
  "author_info_a": {
    "name": "Kushagra Thapar",
    "email": "kuthapar@microsoft.com"
  },
  "author_info_b": {
    "name": "mbhaskar",
    "email": "bhaskar.mallapragada@microsoft.com"
  },
  "num_conflict_regions": 3,
  "conflict_region_spans": [
    {
      "conflict_id": 1,
      "a": {
        "start": 39,
        "end": 39
      },
      "base": {
        "start": 39,
        "end": 41
      },
      "b": {
        "start": 39,
        "end": 44
      }
    },
    {
      "conflict_id": 2,
      "a": {
        "start": 107,
        "end": 109
      },
      "base": {
        "start": 109,
        "end": 111
      },
      "b": {
        "start": 112,
        "end": 115
      }
    },
    {
      "conflict_id": 3,
      "a": {
        "start": 385,
        "end": 389
      },
      "base": {
        "start": 387,
        "end": 390
      },
      "b": {
        "start": 391,
        "end": 416
      }
    }
  ]
}