{
  "repository_origin_url": "https://github.com/Azure/azure-cosmosdb-java",
  "commit_id": "80281ba46def0615588892c428e4e310ee4f4b68",
  "commit_date": "Thu, 6 Jun 2019 21:12:17 -0700",
  "commit_message": "Fixing tests and refactored the way to get values\n\n",
  "conflict_file_id": 275,
  "filename": "sdk/src/test/java/com/microsoft/azure/cosmosdb/rx/OrderbyDocumentQueryTest.java",
  "last_commit_on_a": "659d25588c83c1f7add6aecac0ffc6403ce9eeac",
  "last_commit_on_b": "cdd68cf5906282f786e2ac718f931accddab417c",
  "author_info_a": {
    "name": "Kushagra Thapar",
    "email": "kuthapar@microsoft.com"
  },
  "author_info_b": {
    "name": "Srinath Narayanan",
    "email": "srnara@microsoft.com"
  },
  "num_conflict_regions": 6,
  "conflict_region_spans": [
    {
      "conflict_id": 1,
      "a": {
        "start": 66,
        "end": 68
      },
      "base": {
        "start": 66,
        "end": 68
      },
      "b": {
        "start": 66,
        "end": 69
      }
    },
    {
      "conflict_id": 2,
      "a": {
        "start": 289,
        "end": 291
      },
      "base": {
        "start": 289,
        "end": 291
      },
      "b": {
        "start": 290,
        "end": 292
      }
    },
    {
      "conflict_id": 3,
      "a": {
        "start": 295,
        "end": 297
      },
      "base": {
        "start": 295,
        "end": 297
      },
      "b": {
        "start": 296,
        "end": 298
      }
    },
    {
      "conflict_id": 4,
      "a": {
        "start": 439,
        "end": 441
      },
      "base": {
        "start": 439,
        "end": 442
      },
      "b": {
        "start": 440,
        "end": 443
      }
    },
    {
      "conflict_id": 5,
      "a": {
        "start": 467,
        "end": 471
      },
      "base": {
        "start": 468,
        "end": 471
      },
      "b": {
        "start": 469,
        "end": 473
      }
    },
    {
      "conflict_id": 6,
      "a": {
        "start": 538,
        "end": 539
      },
      "base": {
        "start": 538,
        "end": 539
      },
      "b": {
        "start": 540,
        "end": 541
      }
    }
  ]
}