{
  "repository_origin_url": "https://github.com/Azure/azure-cosmosdb-java",
  "commit_id": "80281ba46def0615588892c428e4e310ee4f4b68",
  "commit_date": "Thu, 6 Jun 2019 11:37:16 -0700",
  "commit_message": "Merged latest changes from np2p branch\n\n",
  "conflict_file_id": 276,
  "filename": "sdk/src/test/java/com/microsoft/azure/cosmosdb/rx/ReadFeedOffersTest.java",
  "last_commit_on_a": "b17356530e1310bd316a2dd5bb21f04f20c48c4d",
  "last_commit_on_b": "cdd68cf5906282f786e2ac718f931accddab417c",
  "author_info_a": {
    "name": "Kushagra Thapar",
    "email": "kuthapar@microsoft.com"
  },
  "author_info_b": {
    "name": "Srinath Narayanan",
    "email": "srnara@microsoft.com"
  },
  "num_conflict_regions": 4,
  "conflict_region_spans": [
    {
      "conflict_id": 1,
      "a": {
        "start": 37,
        "end": 38
      },
      "base": {
        "start": 37,
        "end": 38
      },
      "b": {
        "start": 37,
        "end": 39
      }
    },
    {
      "conflict_id": 2,
      "a": {
        "start": 42,
        "end": 44
      },
      "base": {
        "start": 42,
        "end": 42
      },
      "b": {
        "start": 43,
        "end": 45
      }
    },
    {
      "conflict_id": 3,
      "a": {
        "start": 45,
        "end": 46
      },
      "base": {
        "start": 43,
        "end": 47
      },
      "b": {
        "start": 46,
        "end": 51
      }
    },
    {
      "conflict_id": 4,
      "a": {
        "start": 110,
        "end": 111
      },
      "base": {
        "start": 111,
        "end": 112
      },
      "b": {
        "start": 115,
        "end": 123
      }
    }
  ]
}