{
  "repository_origin_url": "https://github.com/Azure/azure-cosmosdb-java",
  "commit_id": "80281ba46def0615588892c428e4e310ee4f4b68",
  "commit_date": "Sat, 8 Jun 2019 17:40:14 -0700",
  "commit_message": "We no longer permit VeryLargeDocumentQueryTest to fail when Direct TCP is in use. Also improved logger.info messages in DocumentClientResourceLeakTest\n\n",
  "conflict_file_id": 277,
  "filename": "sdk/src/test/java/com/microsoft/azure/cosmosdb/rx/VeryLargeDocumentQueryTest.java",
  "last_commit_on_a": "720f4e6af39a12d586712fcd312ff386b072a199",
  "last_commit_on_b": "cdd68cf5906282f786e2ac718f931accddab417c",
  "author_info_a": {
    "name": "David Noble",
    "email": "David.Noble@microsoft.com"
  },
  "author_info_b": {
    "name": "Srinath Narayanan",
    "email": "srnara@microsoft.com"
  },
  "num_conflict_regions": 4,
  "conflict_region_spans": [
    {
      "conflict_id": 1,
      "a": {
        "start": 35,
        "end": 35
      },
      "base": {
        "start": 35,
        "end": 37
      },
      "b": {
        "start": 35,
        "end": 39
      }
    },
    {
      "conflict_id": 2,
      "a": {
        "start": 40,
        "end": 41
      },
      "base": {
        "start": 42,
        "end": 43
      },
      "b": {
        "start": 44,
        "end": 44
      }
    },
    {
      "conflict_id": 3,
      "a": {
        "start": 60,
        "end": 62
      },
      "base": {
        "start": 62,
        "end": 63
      },
      "b": {
        "start": 63,
        "end": 64
      }
    },
    {
      "conflict_id": 4,
      "a": {
        "start": 68,
        "end": 72
      },
      "base": {
        "start": 69,
        "end": 80
      },
      "b": {
        "start": 70,
        "end": 83
      }
    }
  ]
}