{
  "repository_origin_url": "https://github.com/Azure/azure-cosmosdb-java",
  "commit_id": "80281ba46def0615588892c428e4e310ee4f4b68",
  "commit_date": "Thu, 6 Jun 2019 21:12:17 -0700",
  "commit_message": "Fixing tests and refactored the way to get values\n\n",
  "conflict_file_id": 278,
  "filename": "sdk/src/test/java/com/microsoft/azure/cosmosdb/rx/internal/RetryThrottleTest.java",
  "last_commit_on_a": "659d25588c83c1f7add6aecac0ffc6403ce9eeac",
  "last_commit_on_b": "cdd68cf5906282f786e2ac718f931accddab417c",
  "author_info_a": {
    "name": "Kushagra Thapar",
    "email": "kuthapar@microsoft.com"
  },
  "author_info_b": {
    "name": "Srinath Narayanan",
    "email": "srnara@microsoft.com"
  },
  "num_conflict_regions": 2,
  "conflict_region_spans": [
    {
      "conflict_id": 1,
      "a": {
        "start": 26,
        "end": 26
      },
      "base": {
        "start": 26,
        "end": 45
      },
      "b": {
        "start": 26,
        "end": 42
      }
    },
    {
      "conflict_id": 2,
      "a": {
        "start": 40,
        "end": 51
      },
      "base": {
        "start": 59,
        "end": 60
      },
      "b": {
        "start": 56,
        "end": 56
      }
    }
  ]
}