{
  "repository_origin_url": "https://github.com/Azure/azure-cosmosdb-java",
  "commit_id": "80281ba46def0615588892c428e4e310ee4f4b68",
  "commit_date": "Wed, 5 Jun 2019 11:44:59 -0700",
  "commit_message": "Handling IO Exception for create  attachment and media. Fixing Consistency and Retry Create Document tests\n\n",
  "conflict_file_id": 279,
  "filename": "sdk/src/test/java/com/microsoft/azure/cosmosdb/rx/internal/ConsistencyTestsBase.java",
  "last_commit_on_a": "0329c3bb836d9fb3ed6cfdb708078fc22c585be1",
  "last_commit_on_b": "cdd68cf5906282f786e2ac718f931accddab417c",
  "author_info_a": {
    "name": "Kushagra Thapar",
    "email": "kuthapar@microsoft.com"
  },
  "author_info_b": {
    "name": "Srinath Narayanan",
    "email": "srnara@microsoft.com"
  },
  "num_conflict_regions": 1,
  "conflict_region_spans": [
    {
      "conflict_id": 1,
      "a": {
        "start": 181,
        "end": 183
      },
      "base": {
        "start": 181,
        "end": 183
      },
      "b": {
        "start": 181,
        "end": 183
      }
    }
  ]
}