{
  "repository_origin_url": "https://github.com/Azure/azure-cosmosdb-java",
  "commit_id": "75d1ba96dd7dbb47e5397253dc97dd7605726ff6",
  "commit_date": "Fri, 7 Jun 2019 17:57:24 -0700",
  "commit_message": "made partitionKeyDefinition's isSystemKey and getNonePartitionKey() methods private\n\n",
  "conflict_file_id": 280,
  "filename": "sdk/src/main/java/com/microsoft/azure/cosmos/CosmosClient.java",
  "last_commit_on_a": "e6905f31988bbaecf4cdd0a07f04df3fa2fdfd1f",
  "last_commit_on_b": "ed980666cb36cdd4f7cfddc6a822567bf3dd138a",
  "author_info_a": {
    "name": "Srinath Narayanan",
    "email": "srnara@microsoft.com"
  },
  "author_info_b": {
    "name": "Milis",
    "email": "adrianmi@microsoft.com"
  },
  "num_conflict_regions": 8,
  "conflict_region_spans": [
    {
      "conflict_id": 1,
      "a": {
        "start": 46,
        "end": 49
      },
      "base": {
        "start": 46,
        "end": 46
      },
      "b": {
        "start": 46,
        "end": 48
      }
    },
    {
      "conflict_id": 2,
      "a": {
        "start": 57,
        "end": 65
      },
      "base": {
        "start": 54,
        "end": 55
      },
      "b": {
        "start": 56,
        "end": 85
      }
    },
    {
      "conflict_id": 3,
      "a": {
        "start": 66,
        "end": 248
      },
      "base": {
        "start": 56,
        "end": 63
      },
      "b": {
        "start": 86,
        "end": 92
      }
    },
    {
      "conflict_id": 4,
      "a": {
        "start": 251,
        "end": 253
      },
      "base": {
        "start": 66,
        "end": 70
      },
      "b": {
        "start": 95,
        "end": 97
      }
    },
    {
      "conflict_id": 5,
      "a": {
        "start": 254,
        "end": 256
      },
      "base": {
        "start": 71,
        "end": 76
      },
      "b": {
        "start": 98,
        "end": 100
      }
    },
    {
      "conflict_id": 6,
      "a": {
        "start": 259,
        "end": 261
      },
      "base": {
        "start": 79,
        "end": 81
      },
      "b": {
        "start": 103,
        "end": 105
      }
    },
    {
      "conflict_id": 7,
      "a": {
        "start": 262,
        "end": 264
      },
      "base": {
        "start": 82,
        "end": 89
      },
      "b": {
        "start": 106,
        "end": 132
      }
    },
    {
      "conflict_id": 8,
      "a": {
        "start": 429,
        "end": 431
      },
      "base": {
        "start": 254,
        "end": 256
      },
      "b": {
        "start": 297,
        "end": 300
      }
    }
  ]
}