{
  "repository_origin_url": "https://github.com/Azure/azure-cosmosdb-java",
  "commit_id": "75d1ba96dd7dbb47e5397253dc97dd7605726ff6",
  "commit_date": "Mon, 3 Jun 2019 18:35:23 -0700",
  "commit_message": "fixed more tests\n\n",
  "conflict_file_id": 281,
  "filename": "sdk/src/main/java/com/microsoft/azure/cosmos/CosmosTriggerResponse.java",
  "last_commit_on_a": "519245186f67fd9e34ceb72b252bd2ea8c41d05d",
  "last_commit_on_b": "f410e4f6ec9b52a5dbb2d5710f6387d732ca41c3",
  "author_info_a": {
    "name": "Srinath Narayanan",
    "email": "srnara@microsoft.com"
  },
  "author_info_b": {
    "name": "mbhaskar",
    "email": "mbhaskar@gmail.com"
  },
  "num_conflict_regions": 2,
  "conflict_region_spans": [
    {
      "conflict_id": 1,
      "a": {
        "start": 44,
        "end": 45
      },
      "base": {
        "start": 44,
        "end": 45
      },
      "b": {
        "start": 44,
        "end": 46
      }
    },
    {
      "conflict_id": 2,
      "a": {
        "start": 52,
        "end": 53
      },
      "base": {
        "start": 52,
        "end": 53
      },
      "b": {
        "start": 53,
        "end": 55
      }
    }
  ]
}