{
  "repository_origin_url": "https://github.com/Azure/azure-cosmosdb-java",
  "commit_id": "75d1ba96dd7dbb47e5397253dc97dd7605726ff6",
  "commit_date": "Thu, 6 Jun 2019 14:43:04 -0700",
  "commit_message": "Fixed java docs\n\n",
  "conflict_file_id": 282,
  "filename": "sdk/src/main/java/com/microsoft/azure/cosmos/CosmosDatabase.java",
  "last_commit_on_a": "779c7e04bb30e79910a3fd1247cee8cec26561bd",
  "last_commit_on_b": "f410e4f6ec9b52a5dbb2d5710f6387d732ca41c3",
  "author_info_a": {
    "name": "Srinath Narayanan",
    "email": "srnara@microsoft.com"
  },
  "author_info_b": {
    "name": "mbhaskar",
    "email": "mbhaskar@gmail.com"
  },
  "num_conflict_regions": 3,
  "conflict_region_spans": [
    {
      "conflict_id": 1,
      "a": {
        "start": 101,
        "end": 102
      },
      "base": {
        "start": 101,
        "end": 101
      },
      "b": {
        "start": 101,
        "end": 102
      }
    },
    {
      "conflict_id": 2,
      "a": {
        "start": 173,
        "end": 174
      },
      "base": {
        "start": 172,
        "end": 172
      },
      "b": {
        "start": 173,
        "end": 174
      }
    },
    {
      "conflict_id": 3,
      "a": {
        "start": 285,
        "end": 333
      },
      "base": {
        "start": 283,
        "end": 283
      },
      "b": {
        "start": 285,
        "end": 357
      }
    }
  ]
}