{
  "repository_origin_url": "https://github.com/Azure/azure-cosmosdb-java",
  "commit_id": "75d1ba96dd7dbb47e5397253dc97dd7605726ff6",
  "commit_date": "Fri, 7 Jun 2019 17:57:24 -0700",
  "commit_message": "made partitionKeyDefinition's isSystemKey and getNonePartitionKey() methods private\n\n",
  "conflict_file_id": 283,
  "filename": "sdk/src/main/java/com/microsoft/azure/cosmos/CosmosContainer.java",
  "last_commit_on_a": "e6905f31988bbaecf4cdd0a07f04df3fa2fdfd1f",
  "last_commit_on_b": "ed980666cb36cdd4f7cfddc6a822567bf3dd138a",
  "author_info_a": {
    "name": "Srinath Narayanan",
    "email": "srnara@microsoft.com"
  },
  "author_info_b": {
    "name": "Milis",
    "email": "adrianmi@microsoft.com"
  },
  "num_conflict_regions": 5,
  "conflict_region_spans": [
    {
      "conflict_id": 1,
      "a": {
        "start": 36,
        "end": 38
      },
      "base": {
        "start": 36,
        "end": 36
      },
      "b": {
        "start": 36,
        "end": 37
      }
    },
    {
      "conflict_id": 2,
      "a": {
        "start": 108,
        "end": 111
      },
      "base": {
        "start": 106,
        "end": 108
      },
      "b": {
        "start": 107,
        "end": 109
      }
    },
    {
      "conflict_id": 3,
      "a": {
        "start": 364,
        "end": 368
      },
      "base": {
        "start": 361,
        "end": 364
      },
      "b": {
        "start": 362,
        "end": 387
      }
    },
    {
      "conflict_id": 4,
      "a": {
        "start": 474,
        "end": 482
      },
      "base": {
        "start": 470,
        "end": 470
      },
      "b": {
        "start": 493,
        "end": 502
      }
    },
    {
      "conflict_id": 5,
      "a": {
        "start": 581,
        "end": 582
      },
      "base": {
        "start": 569,
        "end": 569
      },
      "b": {
        "start": 601,
        "end": 602
      }
    }
  ]
}