{
  "repository_origin_url": "https://github.com/Azure/azure-cosmosdb-java",
  "commit_id": "75d1ba96dd7dbb47e5397253dc97dd7605726ff6",
  "commit_date": "Wed, 8 May 2019 17:35:23 -0700",
  "commit_message": "fixed javadoc errors\n\n",
  "conflict_file_id": 284,
  "filename": "sdk/src/main/java/com/microsoft/azure/cosmos/CosmosDatabaseResponse.java",
  "last_commit_on_a": "84cb6ba9c2ba233d8a0b1d4624c02681df462f98",
  "last_commit_on_b": "f410e4f6ec9b52a5dbb2d5710f6387d732ca41c3",
  "author_info_a": {
    "name": "Srinath Narayanan",
    "email": "srnara@microsoft.com"
  },
  "author_info_b": {
    "name": "mbhaskar",
    "email": "mbhaskar@gmail.com"
  },
  "num_conflict_regions": 1,
  "conflict_region_spans": [
    {
      "conflict_id": 1,
      "a": {
        "start": 43,
        "end": 44
      },
      "base": {
        "start": 43,
        "end": 44
      },
      "b": {
        "start": 43,
        "end": 45
      }
    }
  ]
}