{
  "repository_origin_url": "https://github.com/Azure/azure-cosmosdb-java",
  "commit_id": "75d1ba96dd7dbb47e5397253dc97dd7605726ff6",
  "commit_date": "Thu, 23 May 2019 20:44:52 -0700",
  "commit_message": "- Ported Cosmos item changes\n\n",
  "conflict_file_id": 285,
  "filename": "examples/src/main/java/com/microsoft/azure/cosmos/examples/BasicDemo.java",
  "last_commit_on_a": "c7cdea677a4492e3335d9488903952217176e40a",
  "last_commit_on_b": "f410e4f6ec9b52a5dbb2d5710f6387d732ca41c3",
  "author_info_a": {
    "name": "Srinath Narayanan",
    "email": "srnara@microsoft.com"
  },
  "author_info_b": {
    "name": "mbhaskar",
    "email": "mbhaskar@gmail.com"
  },
  "num_conflict_regions": 1,
  "conflict_region_spans": [
    {
      "conflict_id": 1,
      "a": {
        "start": 55,
        "end": 59
      },
      "base": {
        "start": 55,
        "end": 56
      },
      "b": {
        "start": 55,
        "end": 59
      }
    }
  ]
}