{
  "repository_origin_url": "https://github.com/Azure/azure-cosmosdb-java",
  "commit_id": "b3fc3af3dec97f9f80025996952079fc6cf223b7",
  "commit_date": "Thu, 6 Jun 2019 11:05:32 -0700",
  "commit_message": "Fixed more tests to use getSharedDatabase and similar methods\n\n",
  "conflict_file_id": 286,
  "filename": "sdk/src/test/java/com/microsoft/azure/cosmosdb/rx/DocumentCrudTest.java",
  "last_commit_on_a": "e756ab3cd1a1d2b8a05bc26d69e29fe6949ec1e8",
  "last_commit_on_b": "a39813a895d08ada3194e03d3a023e88415cbdcd",
  "author_info_a": {
    "name": "Srinath Narayanan",
    "email": "srnara@microsoft.com"
  },
  "author_info_b": {
    "name": "Christopher Anderson",
    "email": "chrande@microsoft.com"
  },
  "num_conflict_regions": 2,
  "conflict_region_spans": [
    {
      "conflict_id": 1,
      "a": {
        "start": 48,
        "end": 50
      },
      "base": {
        "start": 48,
        "end": 49
      },
      "b": {
        "start": 48,
        "end": 49
      }
    },
    {
      "conflict_id": 2,
      "a": {
        "start": 192,
        "end": 195
      },
      "base": {
        "start": 191,
        "end": 194
      },
      "b": {
        "start": 191,
        "end": 194
      }
    }
  ]
}