{
  "repository_origin_url": "https://github.com/Azure/azure-cosmosdb-java",
  "commit_id": "b17356530e1310bd316a2dd5bb21f04f20c48c4d",
  "commit_date": "Thu, 6 Jun 2019 10:56:02 -0700",
  "commit_message": "Work in progress\n\n",
  "conflict_file_id": 287,
  "filename": "sdk/src/test/java/com/microsoft/azure/cosmosdb/rx/TestSuiteBase.java",
  "last_commit_on_a": "5617f696505efc6ab490f3ee650a25fda691ae09",
  "last_commit_on_b": "e756ab3cd1a1d2b8a05bc26d69e29fe6949ec1e8",
  "author_info_a": {
    "name": "Kushagra Thapar",
    "email": "kuthapar@microsoft.com"
  },
  "author_info_b": {
    "name": "Srinath Narayanan",
    "email": "srnara@microsoft.com"
  },
  "num_conflict_regions": 1,
  "conflict_region_spans": [
    {
      "conflict_id": 1,
      "a": {
        "start": 130,
        "end": 132
      },
      "base": {
        "start": 130,
        "end": 132
      },
      "b": {
        "start": 130,
        "end": 132
      }
    }
  ]
}