{
  "repository_origin_url": "https://github.com/Azure/azure-cosmosdb-java",
  "commit_id": "5617f696505efc6ab490f3ee650a25fda691ae09",
  "commit_date": "Tue, 4 Jun 2019 14:01:40 -0700",
  "commit_message": "Fixed Examples source code and test cases\n\n",
  "conflict_file_id": 294,
  "filename": "examples/src/test/java/com/microsoft/azure/cosmosdb/rx/examples/Utils.java",
  "last_commit_on_a": "8691e95fe49f15ffe6bb40e86d9a7655fb7e8327",
  "last_commit_on_b": "b9012f5954d7dad99a2fcc5564764f82b83e1b37",
  "author_info_a": {
    "name": "Kushagra Thapar",
    "email": "kuthapar@microsoft.com"
  },
  "author_info_b": {
    "name": "Srinath Narayanan",
    "email": "srnara@microsoft.com"
  },
  "num_conflict_regions": 4,
  "conflict_region_spans": [
    {
      "conflict_id": 1,
      "a": {
        "start": 38,
        "end": 39
      },
      "base": {
        "start": 38,
        "end": 38
      },
      "b": {
        "start": 38,
        "end": 39
      }
    },
    {
      "conflict_id": 2,
      "a": {
        "start": 109,
        "end": 110
      },
      "base": {
        "start": 108,
        "end": 109
      },
      "b": {
        "start": 109,
        "end": 110
      }
    },
    {
      "conflict_id": 3,
      "a": {
        "start": 114,
        "end": 116
      },
      "base": {
        "start": 113,
        "end": 115
      },
      "b": {
        "start": 114,
        "end": 116
      }
    },
    {
      "conflict_id": 4,
      "a": {
        "start": 119,
        "end": 122
      },
      "base": {
        "start": 118,
        "end": 120
      },
      "b": {
        "start": 119,
        "end": 122
      }
    }
  ]
}