{
  "repository_origin_url": "https://github.com/Azure/azure-cosmosdb-java",
  "commit_id": "5617f696505efc6ab490f3ee650a25fda691ae09",
  "commit_date": "Wed, 5 Jun 2019 23:44:31 -0700",
  "commit_message": "Renamed Reactor Transport Client to Transport Client, removed rx.Observable and rx.Single usages completely\n\n",
  "conflict_file_id": 297,
  "filename": "sdk/src/test/java/com/microsoft/azure/cosmosdb/rx/SinglePartitionDocumentQueryTest.java",
  "last_commit_on_a": "5ad30ca096e1a724b91b71ef246b2456db10bbef",
  "last_commit_on_b": "9eb9732cf6c8363113857a1dd5bd2fc42718b77d",
  "author_info_a": {
    "name": "Kushagra Thapar",
    "email": "kuthapar@microsoft.com"
  },
  "author_info_b": {
    "name": "Srinath Narayanan",
    "email": "srnara@microsoft.com"
  },
  "num_conflict_regions": 1,
  "conflict_region_spans": [
    {
      "conflict_id": 1,
      "a": {
        "start": 60,
        "end": 60
      },
      "base": {
        "start": 60,
        "end": 64
      },
      "b": {
        "start": 60,
        "end": 62
      }
    }
  ]
}