{
  "repository_origin_url": "https://github.com/Azure/azure-cosmosdb-java",
  "commit_id": "2c1e91e1ddab493e087e9738da3ba25c928cf571",
  "commit_date": "Sat, 30 Nov 2019 20:26:58 -0800",
  "commit_message": "Checkpoint for safe keeping (some testing successfully completed)\n\n",
  "conflict_file_id": 3,
  "filename": "direct-impl/src/main/java/com/microsoft/azure/cosmosdb/internal/directconnectivity/rntbd/RntbdRequestRecord.java",
  "last_commit_on_a": "68ce1c258b3d6411defaf4f7123a717ef738c60f",
  "last_commit_on_b": "0fa78725cbc79f72610194f5a496142311fe9384",
  "author_info_a": {
    "name": "David Noble",
    "email": "David.Noble@microsoft.com"
  },
  "author_info_b": {
    "name": "David Noble",
    "email": "David.Noble@microsoft.com"
  },
  "num_conflict_regions": 8,
  "conflict_region_spans": [
    {
      "conflict_id": 1,
      "a": {
        "start": 44,
        "end": 46
      },
      "base": {
        "start": 44,
        "end": 45
      },
      "b": {
        "start": 44,
        "end": 47
      }
    },
    {
      "conflict_id": 2,
      "a": {
        "start": 54,
        "end": 57
      },
      "base": {
        "start": 53,
        "end": 53
      },
      "b": {
        "start": 55,
        "end": 58
      }
    },
    {
      "conflict_id": 3,
      "a": {
        "start": 73,
        "end": 75
      },
      "base": {
        "start": 69,
        "end": 69
      },
      "b": {
        "start": 74,
        "end": 75
      }
    },
    {
      "conflict_id": 4,
      "a": {
        "start": 89,
        "end": 89
      },
      "base": {
        "start": 83,
        "end": 87
      },
      "b": {
        "start": 89,
        "end": 99
      }
    },
    {
      "conflict_id": 5,
      "a": {
        "start": 93,
        "end": 151
      },
      "base": {
        "start": 91,
        "end": 91
      },
      "b": {
        "start": 103,
        "end": 120
      }
    },
    {
      "conflict_id": 6,
      "a": {
        "start": 159,
        "end": 164
      },
      "base": {
        "start": 99,
        "end": 109
      },
      "b": {
        "start": 128,
        "end": 140
      }
    },
    {
      "conflict_id": 7,
      "a": {
        "start": 169,
        "end": 176
      },
      "base": {
        "start": 114,
        "end": 117
      },
      "b": {
        "start": 145,
        "end": 146
      }
    },
    {
      "conflict_id": 8,
      "a": {
        "start": 177,
        "end": 241
      },
      "base": {
        "start": 118,
        "end": 121
      },
      "b": {
        "start": 147,
        "end": 191
      }
    }
  ]
}