{
  "repository_origin_url": "https://github.com/Azure/azure-cosmosdb-java",
  "commit_id": "b8b36fd09e68b69856949535cd40ec93dff55846",
  "commit_date": "Mon, 17 Jun 2019 10:22:34 -0700",
  "commit_message": "TestSuiteBase now inherits from DocumentClientTest\n\n",
  "conflict_file_id": 42,
  "filename": "sdk/src/test/java/com/microsoft/azure/cosmosdb/rx/TriggerQueryTest.java",
  "last_commit_on_a": "d14024533a5a46a664203fe325737c509fb03bd6",
  "last_commit_on_b": "95fa58efa19cf1d5ac5ed67e30bce30e91e34917",
  "author_info_a": {
    "name": "David.Noble@microsoft.com",
    "email": "david-noble@Danoble-MBP-4.home.thenobles.us"
  },
  "author_info_b": {
    "name": "Christopher Anderson",
    "email": "chrande@microsoft.com"
  },
  "num_conflict_regions": 1,
  "conflict_region_spans": [
    {
      "conflict_id": 1,
      "a": {
        "start": 172,
        "end": 173
      },
      "base": {
        "start": 172,
        "end": 173
      },
      "b": {
        "start": 172,
        "end": 173
      }
    }
  ]
}