{
  "repository_origin_url": "https://github.com/Azure/azure-cosmosdb-java",
  "commit_id": "2c1e91e1ddab493e087e9738da3ba25c928cf571",
  "commit_date": "Sat, 30 Nov 2019 20:26:58 -0800",
  "commit_message": "Checkpoint for safe keeping (some testing successfully completed)\n\n",
  "conflict_file_id": 4,
  "filename": "direct-impl/src/main/java/com/microsoft/azure/cosmosdb/internal/directconnectivity/rntbd/RntbdRequestTimer.java",
  "last_commit_on_a": "68ce1c258b3d6411defaf4f7123a717ef738c60f",
  "last_commit_on_b": "0fa78725cbc79f72610194f5a496142311fe9384",
  "author_info_a": {
    "name": "David Noble",
    "email": "David.Noble@microsoft.com"
  },
  "author_info_b": {
    "name": "David Noble",
    "email": "David.Noble@microsoft.com"
  },
  "num_conflict_regions": 3,
  "conflict_region_spans": [
    {
      "conflict_id": 1,
      "a": {
        "start": 41,
        "end": 42
      },
      "base": {
        "start": 41,
        "end": 44
      },
      "b": {
        "start": 41,
        "end": 46
      }
    },
    {
      "conflict_id": 2,
      "a": {
        "start": 46,
        "end": 48
      },
      "base": {
        "start": 48,
        "end": 51
      },
      "b": {
        "start": 50,
        "end": 53
      }
    },
    {
      "conflict_id": 3,
      "a": {
        "start": 60,
        "end": 80
      },
      "base": {
        "start": 63,
        "end": 65
      },
      "b": {
        "start": 65,
        "end": 73
      }
    }
  ]
}