{
  "repository_origin_url": "https://github.com/Azure/azure-cosmosdb-java",
  "commit_id": "849b6f00bf62e4a046b038c087aa16a6cc9e8aed",
  "commit_date": "Mon, 17 Jun 2019 10:11:54 -0700",
  "commit_message": "Merge branch 'master' into users/moderakh/global-strong-draft-bugfix\n\n",
  "conflict_file_id": 53,
  "filename": "sdk/src/test/java/com/microsoft/azure/cosmosdb/rx/TestSuiteBase.java",
  "last_commit_on_a": "d1ec5bbafbd721b7651e4a2256a94b2fcdc05346",
  "last_commit_on_b": "95fa58efa19cf1d5ac5ed67e30bce30e91e34917",
  "author_info_a": {
    "name": "Mohammad Derakhshani",
    "email": "moderakh@users.noreply.github.com"
  },
  "author_info_b": {
    "name": "Christopher Anderson",
    "email": "chrande@microsoft.com"
  },
  "num_conflict_regions": 1,
  "conflict_region_spans": [
    {
      "conflict_id": 1,
      "a": {
        "start": 128,
        "end": 143
      },
      "base": {
        "start": 128,
        "end": 147
      },
      "b": {
        "start": 128,
        "end": 129
      }
    }
  ]
}