{
  "repository_origin_url": "https://github.com/Azure/azure-cosmosdb-java",
  "commit_id": "d678d5857538a0fd14a31cbd4eb78b960610f575",
  "commit_date": "Tue, 18 Jun 2019 11:31:49 -0700",
  "commit_message": "Adding conflict api (#192)\nFixing Permission tests\nMaking id method of Resource package private and adding id on\nindividual resource classes to enable fluent composition\n",
  "conflict_file_id": 54,
  "filename": "sdk/src/main/java/com/azure/data/cosmos/CosmosContainer.java",
  "last_commit_on_a": "9d3e496a74e77d0ba3ddb83f7e38b90d3a9cd7dc",
  "last_commit_on_b": "b5d2dc17bc1746ec65e0c487e61cf1cd341eeb0e",
  "author_info_a": {
    "name": "mbhaskar",
    "email": "bhaskar.mallapragada@microsoft.com"
  },
  "author_info_b": {
    "name": "mbhaskar",
    "email": "bhaskar.mallapragada@microsoft.com"
  },
  "num_conflict_regions": 1,
  "conflict_region_spans": [
    {
      "conflict_id": 1,
      "a": {
        "start": 655,
        "end": 691
      },
      "base": {
        "start": 655,
        "end": 655
      },
      "b": {
        "start": 655,
        "end": 693
      }
    }
  ]
}