{
  "repository_origin_url": "https://github.com/Azure/azure-cosmosdb-java",
  "commit_id": "01288b60560e65cd22dbd19cfb5cce399b41b3ab",
  "commit_date": "Mon, 17 Jun 2019 10:22:34 -0700",
  "commit_message": "TestSuiteBase now inherits from DocumentClientTest\n\n",
  "conflict_file_id": 58,
  "filename": "examples/src/test/java/com/microsoft/azure/cosmosdb/rx/examples/DocumentCRUDAsyncAPITest.java",
  "last_commit_on_a": "d14024533a5a46a664203fe325737c509fb03bd6",
  "last_commit_on_b": "1d11573be60fc7bb8e9636cd83eff4c81b955c39",
  "author_info_a": {
    "name": "David.Noble@microsoft.com",
    "email": "david-noble@Danoble-MBP-4.home.thenobles.us"
  },
  "author_info_b": {
    "name": "David Noble",
    "email": "David.Noble@microsoft.com"
  },
  "num_conflict_regions": 13,
  "conflict_region_spans": [
    {
      "conflict_id": 1,
      "a": {
        "start": 95,
        "end": 97
      },
      "base": {
        "start": 95,
        "end": 97
      },
      "b": {
        "start": 95,
        "end": 98
      }
    },
    {
      "conflict_id": 2,
      "a": {
        "start": 105,
        "end": 112
      },
      "base": {
        "start": 105,
        "end": 111
      },
      "b": {
        "start": 106,
        "end": 113
      }
    },
    {
      "conflict_id": 3,
      "a": {
        "start": 169,
        "end": 171
      },
      "base": {
        "start": 168,
        "end": 170
      },
      "b": {
        "start": 170,
        "end": 172
      }
    },
    {
      "conflict_id": 4,
      "a": {
        "start": 206,
        "end": 208
      },
      "base": {
        "start": 205,
        "end": 207
      },
      "b": {
        "start": 207,
        "end": 209
      }
    },
    {
      "conflict_id": 5,
      "a": {
        "start": 224,
        "end": 227
      },
      "base": {
        "start": 223,
        "end": 226
      },
      "b": {
        "start": 225,
        "end": 228
      }
    },
    {
      "conflict_id": 6,
      "a": {
        "start": 229,
        "end": 231
      },
      "base": {
        "start": 228,
        "end": 230
      },
      "b": {
        "start": 230,
        "end": 232
      }
    },
    {
      "conflict_id": 7,
      "a": {
        "start": 260,
        "end": 262
      },
      "base": {
        "start": 259,
        "end": 261
      },
      "b": {
        "start": 261,
        "end": 263
      }
    },
    {
      "conflict_id": 8,
      "a": {
        "start": 302,
        "end": 304
      },
      "base": {
        "start": 301,
        "end": 303
      },
      "b": {
        "start": 303,
        "end": 305
      }
    },
    {
      "conflict_id": 9,
      "a": {
        "start": 328,
        "end": 330
      },
      "base": {
        "start": 327,
        "end": 329
      },
      "b": {
        "start": 329,
        "end": 331
      }
    },
    {
      "conflict_id": 10,
      "a": {
        "start": 357,
        "end": 360
      },
      "base": {
        "start": 356,
        "end": 359
      },
      "b": {
        "start": 358,
        "end": 361
      }
    },
    {
      "conflict_id": 11,
      "a": {
        "start": 385,
        "end": 388
      },
      "base": {
        "start": 384,
        "end": 387
      },
      "b": {
        "start": 386,
        "end": 389
      }
    },
    {
      "conflict_id": 12,
      "a": {
        "start": 498,
        "end": 503
      },
      "base": {
        "start": 497,
        "end": 502
      },
      "b": {
        "start": 499,
        "end": 504
      }
    },
    {
      "conflict_id": 13,
      "a": {
        "start": 507,
        "end": 512
      },
      "base": {
        "start": 506,
        "end": 511
      },
      "b": {
        "start": 508,
        "end": 513
      }
    }
  ]
}