{
  "repository_origin_url": "https://github.com/Azure/azure-cosmosdb-java",
  "commit_id": "30deacd753190177cc005afe45f1640f0305b129",
  "commit_date": "Tue, 15 Oct 2019 13:59:17 -0700",
  "commit_message": "Tweaks\n\n",
  "conflict_file_id": 5,
  "filename": "direct-impl/src/main/java/com/microsoft/azure/cosmosdb/internal/directconnectivity/rntbd/RntbdTokenType.java",
  "last_commit_on_a": "e77b52b5cedd30331f5e62010bda73b50531a995",
  "last_commit_on_b": "667a3f9b56c1ea65edda9c83fee3aaa524190d2b",
  "author_info_a": {
    "name": "David.Noble@microsoft.com",
    "email": "David.Noble@microsoft.com"
  },
  "author_info_b": {
    "name": "David Noble",
    "email": "David.Noble@microsoft.com"
  },
  "num_conflict_regions": 1,
  "conflict_region_spans": [
    {
      "conflict_id": 1,
      "a": {
        "start": 116,
        "end": 127
      },
      "base": {
        "start": 116,
        "end": 120
      },
      "b": {
        "start": 116,
        "end": 129
      }
    }
  ]
}