{
  "repository_origin_url": "https://github.com/Azure/azure-cosmosdb-java",
  "commit_id": "01288b60560e65cd22dbd19cfb5cce399b41b3ab",
  "commit_date": "Mon, 17 Jun 2019 10:22:34 -0700",
  "commit_message": "TestSuiteBase now inherits from DocumentClientTest\n\n",
  "conflict_file_id": 65,
  "filename": "sdk/src/test/java/com/microsoft/azure/cosmosdb/rx/DCDocumentCrudTest.java",
  "last_commit_on_a": "d14024533a5a46a664203fe325737c509fb03bd6",
  "last_commit_on_b": "1d11573be60fc7bb8e9636cd83eff4c81b955c39",
  "author_info_a": {
    "name": "David.Noble@microsoft.com",
    "email": "david-noble@Danoble-MBP-4.home.thenobles.us"
  },
  "author_info_b": {
    "name": "David Noble",
    "email": "David.Noble@microsoft.com"
  },
  "num_conflict_regions": 6,
  "conflict_region_spans": [
    {
      "conflict_id": 1,
      "a": {
        "start": 165,
        "end": 166
      },
      "base": {
        "start": 165,
        "end": 166
      },
      "b": {
        "start": 165,
        "end": 166
      }
    },
    {
      "conflict_id": 2,
      "a": {
        "start": 199,
        "end": 200
      },
      "base": {
        "start": 199,
        "end": 200
      },
      "b": {
        "start": 199,
        "end": 200
      }
    },
    {
      "conflict_id": 3,
      "a": {
        "start": 221,
        "end": 222
      },
      "base": {
        "start": 221,
        "end": 222
      },
      "b": {
        "start": 221,
        "end": 222
      }
    },
    {
      "conflict_id": 4,
      "a": {
        "start": 234,
        "end": 235
      },
      "base": {
        "start": 234,
        "end": 235
      },
      "b": {
        "start": 234,
        "end": 235
      }
    },
    {
      "conflict_id": 5,
      "a": {
        "start": 246,
        "end": 250
      },
      "base": {
        "start": 246,
        "end": 258
      },
      "b": {
        "start": 246,
        "end": 258
      }
    },
    {
      "conflict_id": 6,
      "a": {
        "start": 308,
        "end": 309
      },
      "base": {
        "start": 316,
        "end": 317
      },
      "b": {
        "start": 316,
        "end": 317
      }
    }
  ]
}