{
  "repository_origin_url": "https://github.com/Azure/azure-cosmosdb-java",
  "commit_id": "30deacd753190177cc005afe45f1640f0305b129",
  "commit_date": "Sun, 27 Oct 2019 23:32:04 -0700",
  "commit_message": "Version bump\n\n",
  "conflict_file_id": 6,
  "filename": "commons/src/main/java/com/microsoft/azure/cosmosdb/internal/HttpConstants.java",
  "last_commit_on_a": "0cc3cee6d4abf94149a152f4f469be37e2fcab00",
  "last_commit_on_b": "5ae369df32218d9e281cefe262090a4cecf01692",
  "author_info_a": {
    "name": "David.Noble@microsoft.com",
    "email": "David.Noble@microsoft.com"
  },
  "author_info_b": {
    "name": "Kushagra Thapar",
    "email": "kuthapar@microsoft.com"
  },
  "num_conflict_regions": 1,
  "conflict_region_spans": [
    {
      "conflict_id": 1,
      "a": {
        "start": 278,
        "end": 279
      },
      "base": {
        "start": 278,
        "end": 279
      },
      "b": {
        "start": 278,
        "end": 279
      }
    }
  ]
}