{
  "repository_origin_url": "https://github.com/Azure/azure-cosmosdb-java",
  "commit_id": "01288b60560e65cd22dbd19cfb5cce399b41b3ab",
  "commit_date": "Mon, 17 Jun 2019 10:22:34 -0700",
  "commit_message": "TestSuiteBase now inherits from DocumentClientTest\n\n",
  "conflict_file_id": 73,
  "filename": "examples/src/test/java/com/microsoft/azure/cosmosdb/rx/examples/InMemoryGroupbyTest.java",
  "last_commit_on_a": "d14024533a5a46a664203fe325737c509fb03bd6",
  "last_commit_on_b": "1d11573be60fc7bb8e9636cd83eff4c81b955c39",
  "author_info_a": {
    "name": "David.Noble@microsoft.com",
    "email": "david-noble@Danoble-MBP-4.home.thenobles.us"
  },
  "author_info_b": {
    "name": "David Noble",
    "email": "David.Noble@microsoft.com"
  },
  "num_conflict_regions": 4,
  "conflict_region_spans": [
    {
      "conflict_id": 1,
      "a": {
        "start": 51,
        "end": 54
      },
      "base": {
        "start": 51,
        "end": 54
      },
      "b": {
        "start": 51,
        "end": 54
      }
    },
    {
      "conflict_id": 2,
      "a": {
        "start": 60,
        "end": 67
      },
      "base": {
        "start": 60,
        "end": 66
      },
      "b": {
        "start": 60,
        "end": 67
      }
    },
    {
      "conflict_id": 3,
      "a": {
        "start": 75,
        "end": 78
      },
      "base": {
        "start": 74,
        "end": 77
      },
      "b": {
        "start": 75,
        "end": 78
      }
    },
    {
      "conflict_id": 4,
      "a": {
        "start": 103,
        "end": 106
      },
      "base": {
        "start": 102,
        "end": 105
      },
      "b": {
        "start": 103,
        "end": 106
      }
    }
  ]
}