{
  "repository_origin_url": "https://github.com/Azure/azure-cosmosdb-java",
  "commit_id": "30deacd753190177cc005afe45f1640f0305b129",
  "commit_date": "Thu, 7 Nov 2019 17:04:35 -0800",
  "commit_message": "Port from azure-cosmos-4.X\n\n",
  "conflict_file_id": 7,
  "filename": "direct-impl/src/main/java/com/microsoft/azure/cosmosdb/internal/directconnectivity/rntbd/RntbdRequestManager.java",
  "last_commit_on_a": "d6f8d6cdedf2e3e3e3c8b24d2ed8c4f3e02e64eb",
  "last_commit_on_b": "667a3f9b56c1ea65edda9c83fee3aaa524190d2b",
  "author_info_a": {
    "name": "David.Noble@microsoft.com",
    "email": "David.Noble@microsoft.com"
  },
  "author_info_b": {
    "name": "David Noble",
    "email": "David.Noble@microsoft.com"
  },
  "num_conflict_regions": 1,
  "conflict_region_spans": [
    {
      "conflict_id": 1,
      "a": {
        "start": 672,
        "end": 674
      },
      "base": {
        "start": 672,
        "end": 674
      },
      "b": {
        "start": 672,
        "end": 674
      }
    }
  ]
}