{
  "repository_origin_url": "https://github.com/Azure/azure-cosmosdb-java",
  "commit_id": "01288b60560e65cd22dbd19cfb5cce399b41b3ab",
  "commit_date": "Thu, 6 Jun 2019 10:19:48 -0700",
  "commit_message": "Addressed some error handling ommissions in RntbdRequestManager and verified locally that long test suite passes\n\n",
  "conflict_file_id": 83,
  "filename": "direct-impl/src/main/java/com/microsoft/azure/cosmosdb/internal/directconnectivity/rntbd/RntbdRequestManager.java",
  "last_commit_on_a": "32767b097428ae35dbfaef4c022f4e5ade56ee7b",
  "last_commit_on_b": "5b145bcd715f2bc17cae3091951b929458f495fc",
  "author_info_a": {
    "name": "David Noble",
    "email": "David.Noble@microsoft.com"
  },
  "author_info_b": {
    "name": "David Noble",
    "email": "David.Noble@microsoft.com"
  },
  "num_conflict_regions": 27,
  "conflict_region_spans": [
    {
      "conflict_id": 1,
      "a": {
        "start": 79,
        "end": 80
      },
      "base": {
        "start": 79,
        "end": 81
      },
      "b": {
        "start": 79,
        "end": 79
      }
    },
    {
      "conflict_id": 2,
      "a": {
        "start": 94,
        "end": 96
      },
      "base": {
        "start": 95,
        "end": 96
      },
      "b": {
        "start": 93,
        "end": 94
      }
    },
    {
      "conflict_id": 3,
      "a": {
        "start": 102,
        "end": 108
      },
      "base": {
        "start": 102,
        "end": 102
      },
      "b": {
        "start": 100,
        "end": 105
      }
    },
    {
      "conflict_id": 4,
      "a": {
        "start": 141,
        "end": 143
      },
      "base": {
        "start": 135,
        "end": 137
      },
      "b": {
        "start": 138,
        "end": 140
      }
    },
    {
      "conflict_id": 5,
      "a": {
        "start": 154,
        "end": 156
      },
      "base": {
        "start": 148,
        "end": 151
      },
      "b": {
        "start": 151,
        "end": 153
      }
    },
    {
      "conflict_id": 6,
      "a": {
        "start": 175,
        "end": 186
      },
      "base": {
        "start": 170,
        "end": 172
      },
      "b": {
        "start": 172,
        "end": 177
      }
    },
    {
      "conflict_id": 7,
      "a": {
        "start": 220,
        "end": 221
      },
      "base": {
        "start": 206,
        "end": 207
      },
      "b": {
        "start": 211,
        "end": 213
      }
    },
    {
      "conflict_id": 8,
      "a": {
        "start": 234,
        "end": 236
      },
      "base": {
        "start": 220,
        "end": 224
      },
      "b": {
        "start": 226,
        "end": 231
      }
    },
    {
      "conflict_id": 9,
      "a": {
        "start": 237,
        "end": 238
      },
      "base": {
        "start": 225,
        "end": 226
      },
      "b": {
        "start": 232,
        "end": 234
      }
    },
    {
      "conflict_id": 10,
      "a": {
        "start": 298,
        "end": 310
      },
      "base": {
        "start": 286,
        "end": 290
      },
      "b": {
        "start": 294,
        "end": 303
      }
    },
    {
      "conflict_id": 11,
      "a": {
        "start": 329,
        "end": 331
      },
      "base": {
        "start": 309,
        "end": 311
      },
      "b": {
        "start": 322,
        "end": 324
      }
    },
    {
      "conflict_id": 12,
      "a": {
        "start": 367,
        "end": 372
      },
      "base": {
        "start": 347,
        "end": 349
      },
      "b": {
        "start": 360,
        "end": 365
      }
    },
    {
      "conflict_id": 13,
      "a": {
        "start": 441,
        "end": 444
      },
      "base": {
        "start": 418,
        "end": 419
      },
      "b": {
        "start": 434,
        "end": 435
      }
    },
    {
      "conflict_id": 14,
      "a": {
        "start": 469,
        "end": 473
      },
      "base": {
        "start": 444,
        "end": 449
      },
      "b": {
        "start": 460,
        "end": 464
      }
    },
    {
      "conflict_id": 15,
      "a": {
        "start": 480,
        "end": 485
      },
      "base": {
        "start": 456,
        "end": 463
      },
      "b": {
        "start": 471,
        "end": 474
      }
    },
    {
      "conflict_id": 16,
      "a": {
        "start": 486,
        "end": 487
      },
      "base": {
        "start": 464,
        "end": 465
      },
      "b": {
        "start": 475,
        "end": 476
      }
    },
    {
      "conflict_id": 17,
      "a": {
        "start": 488,
        "end": 489
      },
      "base": {
        "start": 466,
        "end": 467
      },
      "b": {
        "start": 477,
        "end": 478
      }
    },
    {
      "conflict_id": 18,
      "a": {
        "start": 490,
        "end": 495
      },
      "base": {
        "start": 468,
        "end": 471
      },
      "b": {
        "start": 479,
        "end": 486
      }
    },
    {
      "conflict_id": 19,
      "a": {
        "start": 502,
        "end": 503
      },
      "base": {
        "start": 478,
        "end": 480
      },
      "b": {
        "start": 493,
        "end": 495
      }
    },
    {
      "conflict_id": 20,
      "a": {
        "start": 574,
        "end": 575
      },
      "base": {
        "start": 551,
        "end": 559
      },
      "b": {
        "start": 566,
        "end": 567
      }
    },
    {
      "conflict_id": 21,
      "a": {
        "start": 576,
        "end": 576
      },
      "base": {
        "start": 560,
        "end": 564
      },
      "b": {
        "start": 568,
        "end": 580
      }
    },
    {
      "conflict_id": 22,
      "a": {
        "start": 577,
        "end": 578
      },
      "base": {
        "start": 565,
        "end": 569
      },
      "b": {
        "start": 581,
        "end": 586
      }
    },
    {
      "conflict_id": 23,
      "a": {
        "start": 580,
        "end": 582
      },
      "base": {
        "start": 571,
        "end": 572
      },
      "b": {
        "start": 588,
        "end": 592
      }
    },
    {
      "conflict_id": 24,
      "a": {
        "start": 583,
        "end": 584
      },
      "base": {
        "start": 573,
        "end": 576
      },
      "b": {
        "start": 593,
        "end": 595
      }
    },
    {
      "conflict_id": 25,
      "a": {
        "start": 585,
        "end": 588
      },
      "base": {
        "start": 577,
        "end": 583
      },
      "b": {
        "start": 596,
        "end": 600
      }
    },
    {
      "conflict_id": 26,
      "a": {
        "start": 591,
        "end": 600
      },
      "base": {
        "start": 586,
        "end": 594
      },
      "b": {
        "start": 603,
        "end": 604
      }
    },
    {
      "conflict_id": 27,
      "a": {
        "start": 750,
        "end": 750
      },
      "base": {
        "start": 744,
        "end": 748
      },
      "b": {
        "start": 754,
        "end": 758
      }
    }
  ]
}