{
  "repository_origin_url": "https://github.com/Azure/azure-cosmosdb-java",
  "commit_id": "01288b60560e65cd22dbd19cfb5cce399b41b3ab",
  "commit_date": "Mon, 17 Jun 2019 10:22:34 -0700",
  "commit_message": "TestSuiteBase now inherits from DocumentClientTest\n\n",
  "conflict_file_id": 85,
  "filename": "sdk/src/test/java/com/microsoft/azure/cosmosdb/rx/ParallelDocumentQueryTest.java",
  "last_commit_on_a": "d14024533a5a46a664203fe325737c509fb03bd6",
  "last_commit_on_b": "1d11573be60fc7bb8e9636cd83eff4c81b955c39",
  "author_info_a": {
    "name": "David.Noble@microsoft.com",
    "email": "david-noble@Danoble-MBP-4.home.thenobles.us"
  },
  "author_info_b": {
    "name": "David Noble",
    "email": "David.Noble@microsoft.com"
  },
  "num_conflict_regions": 4,
  "conflict_region_spans": [
    {
      "conflict_id": 1,
      "a": {
        "start": 99,
        "end": 100
      },
      "base": {
        "start": 99,
        "end": 109
      },
      "b": {
        "start": 99,
        "end": 109
      }
    },
    {
      "conflict_id": 2,
      "a": {
        "start": 183,
        "end": 185
      },
      "base": {
        "start": 192,
        "end": 202
      },
      "b": {
        "start": 192,
        "end": 202
      }
    },
    {
      "conflict_id": 3,
      "a": {
        "start": 224,
        "end": 233
      },
      "base": {
        "start": 241,
        "end": 258
      },
      "b": {
        "start": 241,
        "end": 258
      }
    },
    {
      "conflict_id": 4,
      "a": {
        "start": 304,
        "end": 305
      },
      "base": {
        "start": 329,
        "end": 330
      },
      "b": {
        "start": 329,
        "end": 330
      }
    }
  ]
}