{
  "repository_origin_url": "https://github.com/Azure/azure-cosmosdb-java",
  "commit_id": "01288b60560e65cd22dbd19cfb5cce399b41b3ab",
  "commit_date": "Mon, 17 Jun 2019 10:22:34 -0700",
  "commit_message": "TestSuiteBase now inherits from DocumentClientTest\n\n",
  "conflict_file_id": 86,
  "filename": "sdk/src/test/java/com/microsoft/azure/cosmosdb/rx/UserDefinedFunctionUpsertReplaceTest.java",
  "last_commit_on_a": "d14024533a5a46a664203fe325737c509fb03bd6",
  "last_commit_on_b": "1d11573be60fc7bb8e9636cd83eff4c81b955c39",
  "author_info_a": {
    "name": "David.Noble@microsoft.com",
    "email": "david-noble@Danoble-MBP-4.home.thenobles.us"
  },
  "author_info_b": {
    "name": "David Noble",
    "email": "David.Noble@microsoft.com"
  },
  "num_conflict_regions": 4,
  "conflict_region_spans": [
    {
      "conflict_id": 1,
      "a": {
        "start": 67,
        "end": 68
      },
      "base": {
        "start": 67,
        "end": 77
      },
      "b": {
        "start": 67,
        "end": 77
      }
    },
    {
      "conflict_id": 2,
      "a": {
        "start": 70,
        "end": 71
      },
      "base": {
        "start": 79,
        "end": 80
      },
      "b": {
        "start": 79,
        "end": 80
      }
    },
    {
      "conflict_id": 3,
      "a": {
        "start": 105,
        "end": 107
      },
      "base": {
        "start": 114,
        "end": 125
      },
      "b": {
        "start": 114,
        "end": 125
      }
    },
    {
      "conflict_id": 4,
      "a": {
        "start": 108,
        "end": 109
      },
      "base": {
        "start": 126,
        "end": 127
      },
      "b": {
        "start": 126,
        "end": 127
      }
    }
  ]
}