{
  "repository_origin_url": "https://github.com/Azure/azure-cosmosdb-java",
  "commit_id": "fd642297ed48069ead4db7b2a3780f294f6cc7f2",
  "commit_date": "Mon, 17 Jun 2019 10:22:34 -0700",
  "commit_message": "TestSuiteBase now inherits from DocumentClientTest\n\n",
  "conflict_file_id": 8,
  "filename": "sdk/src/test/java/com/microsoft/azure/cosmosdb/rx/ParallelDocumentQueryTest.java",
  "last_commit_on_a": "d14024533a5a46a664203fe325737c509fb03bd6",
  "last_commit_on_b": "6cdbc90386a343484f37c67bec5ec6321729b60a",
  "author_info_a": {
    "name": "David.Noble@microsoft.com",
    "email": "david-noble@Danoble-MBP-4.home.thenobles.us"
  },
  "author_info_b": {
    "name": "mbhaskar",
    "email": "bhaskar.mallapragada@microsoft.com"
  },
  "num_conflict_regions": 1,
  "conflict_region_spans": [
    {
      "conflict_id": 1,
      "a": {
        "start": 26,
        "end": 26
      },
      "base": {
        "start": 26,
        "end": 39
      },
      "b": {
        "start": 26,
        "end": 40
      }
    }
  ]
}