{
  "repository_origin_url": "https://github.com/Azure/azure-cosmosdb-java",
  "commit_id": "01288b60560e65cd22dbd19cfb5cce399b41b3ab",
  "commit_date": "Mon, 17 Jun 2019 10:22:34 -0700",
  "commit_message": "TestSuiteBase now inherits from DocumentClientTest\n\n",
  "conflict_file_id": 90,
  "filename": "sdk/src/test/java/com/microsoft/azure/cosmosdb/rx/BackPressureCrossPartitionTest.java",
  "last_commit_on_a": "d14024533a5a46a664203fe325737c509fb03bd6",
  "last_commit_on_b": "1d11573be60fc7bb8e9636cd83eff4c81b955c39",
  "author_info_a": {
    "name": "David.Noble@microsoft.com",
    "email": "david-noble@Danoble-MBP-4.home.thenobles.us"
  },
  "author_info_b": {
    "name": "David Noble",
    "email": "David.Noble@microsoft.com"
  },
  "num_conflict_regions": 4,
  "conflict_region_spans": [
    {
      "conflict_id": 1,
      "a": {
        "start": 169,
        "end": 172
      },
      "base": {
        "start": 169,
        "end": 180
      },
      "b": {
        "start": 169,
        "end": 180
      }
    },
    {
      "conflict_id": 2,
      "a": {
        "start": 174,
        "end": 177
      },
      "base": {
        "start": 182,
        "end": 194
      },
      "b": {
        "start": 182,
        "end": 194
      }
    },
    {
      "conflict_id": 3,
      "a": {
        "start": 186,
        "end": 187
      },
      "base": {
        "start": 203,
        "end": 204
      },
      "b": {
        "start": 203,
        "end": 204
      }
    },
    {
      "conflict_id": 4,
      "a": {
        "start": 204,
        "end": 205
      },
      "base": {
        "start": 221,
        "end": 222
      },
      "b": {
        "start": 221,
        "end": 222
      }
    }
  ]
}