{
  "repository_origin_url": "https://github.com/Azure/azure-cosmosdb-java",
  "commit_id": "01288b60560e65cd22dbd19cfb5cce399b41b3ab",
  "commit_date": "Mon, 17 Jun 2019 10:22:34 -0700",
  "commit_message": "TestSuiteBase now inherits from DocumentClientTest\n\n",
  "conflict_file_id": 93,
  "filename": "examples/src/test/java/com/microsoft/azure/cosmosdb/rx/examples/DatabaseCRUDAsyncAPITest.java",
  "last_commit_on_a": "d14024533a5a46a664203fe325737c509fb03bd6",
  "last_commit_on_b": "841ea39d761430687e7fe2b9195a6cab72113564",
  "author_info_a": {
    "name": "David.Noble@microsoft.com",
    "email": "david-noble@Danoble-MBP-4.home.thenobles.us"
  },
  "author_info_b": {
    "name": "David Noble",
    "email": "David.Noble@microsoft.com"
  },
  "num_conflict_regions": 3,
  "conflict_region_spans": [
    {
      "conflict_id": 1,
      "a": {
        "start": 73,
        "end": 74
      },
      "base": {
        "start": 73,
        "end": 74
      },
      "b": {
        "start": 73,
        "end": 75
      }
    },
    {
      "conflict_id": 2,
      "a": {
        "start": 76,
        "end": 77
      },
      "base": {
        "start": 76,
        "end": 77
      },
      "b": {
        "start": 77,
        "end": 79
      }
    },
    {
      "conflict_id": 3,
      "a": {
        "start": 83,
        "end": 90
      },
      "base": {
        "start": 83,
        "end": 89
      },
      "b": {
        "start": 85,
        "end": 92
      }
    }
  ]
}