{
  "repository_origin_url": "https://github.com/Azure/azure-cosmosdb-java",
  "commit_id": "01288b60560e65cd22dbd19cfb5cce399b41b3ab",
  "commit_date": "Mon, 27 May 2019 11:50:56 -0700",
  "commit_message": "Tweaks in prep for introducing RntbdTransportClient health checks\n\n",
  "conflict_file_id": 97,
  "filename": "direct-impl/src/main/java/com/microsoft/azure/cosmosdb/internal/directconnectivity/rntbd/RntbdClientChannelPool.java",
  "last_commit_on_a": "32d750c0c329fa6197c13217c6a1c3eaf8c588c5",
  "last_commit_on_b": "5b145bcd715f2bc17cae3091951b929458f495fc",
  "author_info_a": {
    "name": "David Noble",
    "email": "David.Noble@microsoft.com"
  },
  "author_info_b": {
    "name": "David Noble",
    "email": "David.Noble@microsoft.com"
  },
  "num_conflict_regions": 6,
  "conflict_region_spans": [
    {
      "conflict_id": 1,
      "a": {
        "start": 158,
        "end": 161
      },
      "base": {
        "start": 158,
        "end": 159
      },
      "b": {
        "start": 158,
        "end": 159
      }
    },
    {
      "conflict_id": 2,
      "a": {
        "start": 162,
        "end": 164
      },
      "base": {
        "start": 160,
        "end": 163
      },
      "b": {
        "start": 160,
        "end": 162
      }
    },
    {
      "conflict_id": 3,
      "a": {
        "start": 166,
        "end": 168
      },
      "base": {
        "start": 165,
        "end": 167
      },
      "b": {
        "start": 164,
        "end": 166
      }
    },
    {
      "conflict_id": 4,
      "a": {
        "start": 170,
        "end": 175
      },
      "base": {
        "start": 169,
        "end": 174
      },
      "b": {
        "start": 168,
        "end": 177
      }
    },
    {
      "conflict_id": 5,
      "a": {
        "start": 205,
        "end": 215
      },
      "base": {
        "start": 204,
        "end": 205
      },
      "b": {
        "start": 207,
        "end": 208
      }
    },
    {
      "conflict_id": 6,
      "a": {
        "start": 217,
        "end": 231
      },
      "base": {
        "start": 207,
        "end": 209
      },
      "b": {
        "start": 210,
        "end": 233
      }
    }
  ]
}