{
  "repository_origin_url": "https://github.com/Azure/azure-cosmosdb-java",
  "commit_id": "5e1efea21eedefea6e260112c1006fce1352138c",
  "commit_date": "Mon, 17 Jun 2019 10:22:34 -0700",
  "commit_message": "TestSuiteBase now inherits from DocumentClientTest\n\n",
  "conflict_file_id": 9,
  "filename": "sdk/src/test/java/com/microsoft/azure/cosmosdb/rx/internal/SessionTest.java",
  "last_commit_on_a": "d14024533a5a46a664203fe325737c509fb03bd6",
  "last_commit_on_b": "cc5d007aa7e5984ceb4919b910fe2e691bd91647",
  "author_info_a": {
    "name": "David.Noble@microsoft.com",
    "email": "david-noble@Danoble-MBP-4.home.thenobles.us"
  },
  "author_info_b": {
    "name": "Christopher Anderson",
    "email": "chrande@microsoft.com"
  },
  "num_conflict_regions": 1,
  "conflict_region_spans": [
    {
      "conflict_id": 1,
      "a": {
        "start": 88,
        "end": 90
      },
      "base": {
        "start": 88,
        "end": 90
      },
      "b": {
        "start": 88,
        "end": 90
      }
    }
  ]
}