{
  "repository_origin_url": "https://github.com/dotnet/aspnetcore.git",
  "commit_id": "e7610e365fee5a5344b3789fd1b74be532346547",
  "commit_date": "Wed, 7 Apr 2021 18:07:30 -0700",
  "commit_message": "Quarantine one failing test (#31045) (#31296)\n- #31044\n- `RazorPagesTemplate_RazorRuntimeCompilation_BuildsAndPublishes()`\n\nCo-authored-by: Doug Bunting <6431421+dougbu@users.noreply.github.com>\n",
  "conflict_file_id": 0,
  "filename": "src/ProjectTemplates/test/RazorPagesTemplateTest.cs",
  "last_commit_on_a": "79dbbcad2dc8f65e8d75228162e71e75c3e3de9b",
  "last_commit_on_b": "af600bf535f941b2e6cac7a0e060b740a90256c9",
  "author_info_a": {
    "name": "Stephen Halter",
    "email": "halter73@gmail.com"
  },
  "author_info_b": {
    "name": "Doug Bunting",
    "email": "6431421+dougbu@users.noreply.github.com"
  },
  "num_conflict_regions": 1,
  "conflict_region_spans": [
    {
      "conflict_id": 1,
      "a": {
        "start": 225,
        "end": 227
      },
      "base": {
        "start": 225,
        "end": 226
      },
      "b": {
        "start": 225,
        "end": 228
      }
    }
  ]
}