{
  "repository_origin_url": "https://github.com/dotnet/aspnetcore.git",
  "commit_id": "acb4479e2bded7a28da99a7f3c1fca9bae45c010",
  "commit_date": "Fri, 6 Mar 2020 07:42:26 +1300",
  "commit_message": "Add functional test for header string reuse in HTTP/1.1 (#19588)\n\n",
  "conflict_file_id": 100,
  "filename": "src/Servers/Kestrel/test/InMemory.FunctionalTests/RequestTests.cs",
  "last_commit_on_a": "f37a7509121e1ddb8e517a2e255b7c3bf3780174",
  "last_commit_on_b": "439f4af49c9eaf5ad4dffeb8aff2e720297fd854",
  "author_info_a": {
    "name": "James Newton-King",
    "email": "james@newtonking.com"
  },
  "author_info_b": {
    "name": "Stephen Halter",
    "email": "halter73@gmail.com"
  },
  "num_conflict_regions": 1,
  "conflict_region_spans": [
    {
      "conflict_id": 1,
      "a": {
        "start": 1687,
        "end": 1805
      },
      "base": {
        "start": 1687,
        "end": 1687
      },
      "b": {
        "start": 1687,
        "end": 1750
      }
    }
  ]
}