{
  "repository_origin_url": "https://github.com/dotnet/aspnetcore.git",
  "commit_id": "acb4479e2bded7a28da99a7f3c1fca9bae45c010",
  "commit_date": "Mon, 9 Mar 2020 13:28:12 -0700",
  "commit_message": "Quarantine template tests thaat require artifacts\n\n",
  "conflict_file_id": 101,
  "filename": "src/ProjectTemplates/test/RazorPagesTemplateTest.cs",
  "last_commit_on_a": "fb0abb968f85fa9fa0cbaa156a480bb9972756fe",
  "last_commit_on_b": "e8d31697ad8cf227034de8119c3f3f14e164dab9",
  "author_info_a": {
    "name": "Pranav K",
    "email": "prkrishn@hotmail.com"
  },
  "author_info_b": {
    "name": "Pranav K",
    "email": "prkrishn@hotmail.com"
  },
  "num_conflict_regions": 1,
  "conflict_region_spans": [
    {
      "conflict_id": 1,
      "a": {
        "start": 216,
        "end": 240
      },
      "base": {
        "start": 216,
        "end": 216
      },
      "b": {
        "start": 216,
        "end": 239
      }
    }
  ]
}