{
  "repository_origin_url": "https://github.com/dotnet/aspnetcore.git",
  "commit_id": "acb4479e2bded7a28da99a7f3c1fca9bae45c010",
  "commit_date": "Thu, 31 Oct 2019 17:18:24 -0700",
  "commit_message": "[master] Update Arcade dependency (#16716)\n\n",
  "conflict_file_id": 102,
  "filename": "src/Mvc/Mvc.RazorPages/ref/Microsoft.AspNetCore.Mvc.RazorPages.netcoreapp.cs",
  "last_commit_on_a": "fece4705eec5b2a118d9bd8b68eb867d2f573f7c",
  "last_commit_on_b": "7ba757265f45297ed9639e085da367c5711c55a9",
  "author_info_a": {
    "name": "Brennan",
    "email": "brecon@microsoft.com"
  },
  "author_info_b": {
    "name": "Doug Bunting",
    "email": "6431421+dougbu@users.noreply.github.com"
  },
  "num_conflict_regions": 1,
  "conflict_region_spans": [
    {
      "conflict_id": 1,
      "a": {
        "start": 640,
        "end": 641
      },
      "base": {
        "start": 640,
        "end": 641
      },
      "b": {
        "start": 640,
        "end": 640
      }
    }
  ]
}