{
  "repository_origin_url": "https://github.com/dotnet/aspnetcore.git",
  "commit_id": "acb4479e2bded7a28da99a7f3c1fca9bae45c010",
  "commit_date": "Wed, 26 Feb 2020 09:54:24 -0800",
  "commit_message": "Create WindowsPrincipal when cloning WindowsIdentity for SignalR (#19337)\n\n",
  "conflict_file_id": 104,
  "filename": "src/SignalR/common/Http.Connections/src/Internal/HttpConnectionDispatcher.cs",
  "last_commit_on_a": "1ea10f68fc6d6fa5713002ad38bf2b2ee1908a49",
  "last_commit_on_b": "a0183b1facb6534e8be17793b1287b59ad9de2a1",
  "author_info_a": {
    "name": "Brennan",
    "email": "brecon@microsoft.com"
  },
  "author_info_b": {
    "name": "Brennan Conroy",
    "email": "brecon@microsoft.com"
  },
  "num_conflict_regions": 1,
  "conflict_region_spans": [
    {
      "conflict_id": 1,
      "a": {
        "start": 492,
        "end": 496
      },
      "base": {
        "start": 492,
        "end": 499
      },
      "b": {
        "start": 492,
        "end": 496
      }
    }
  ]
}