{
  "repository_origin_url": "https://github.com/dotnet/aspnetcore.git",
  "commit_id": "acb4479e2bded7a28da99a7f3c1fca9bae45c010",
  "commit_date": "Wed, 19 Feb 2020 10:39:39 -0800",
  "commit_message": "Apply some fixes\n\n",
  "conflict_file_id": 105,
  "filename": "src/Servers/Kestrel/Core/test/UTF8Decoding.cs",
  "last_commit_on_a": "2d066dcd3e32df4f5fa6b5bdc71983afb62e3c05",
  "last_commit_on_b": "7fa6d1964444b990890c18f32c0345094ff5b76f",
  "author_info_a": {
    "name": "Brennan Conroy",
    "email": "brecon@microsoft.com"
  },
  "author_info_b": {
    "name": "Stephen Halter",
    "email": "halter73@gmail.com"
  },
  "num_conflict_regions": 2,
  "conflict_region_spans": [
    {
      "conflict_id": 1,
      "a": {
        "start": 20,
        "end": 21
      },
      "base": {
        "start": 20,
        "end": 21
      },
      "b": {
        "start": 20,
        "end": 21
      }
    },
    {
      "conflict_id": 2,
      "a": {
        "start": 38,
        "end": 39
      },
      "base": {
        "start": 38,
        "end": 39
      },
      "b": {
        "start": 38,
        "end": 39
      }
    }
  ]
}