{
  "repository_origin_url": "https://github.com/dotnet/aspnetcore.git",
  "commit_id": "acb4479e2bded7a28da99a7f3c1fca9bae45c010",
  "commit_date": "Wed, 26 Feb 2020 21:34:28 -0800",
  "commit_message": "Update reference assemblies for modified components\n\n",
  "conflict_file_id": 106,
  "filename": "src/Components/Components/ref/Microsoft.AspNetCore.Components.netstandard2.0.cs",
  "last_commit_on_a": "1407d9ab057098acf5104d39e7de4eb4c08d689b",
  "last_commit_on_b": "7256b353b34c9ae88d5b9cb160a5f732ef357598",
  "author_info_a": {
    "name": "Safia Abdalla",
    "email": "safia@safia.rocks"
  },
  "author_info_b": {
    "name": "Doug Bunting",
    "email": "6431421+dougbu@users.noreply.github.com"
  },
  "num_conflict_regions": 2,
  "conflict_region_spans": [
    {
      "conflict_id": 1,
      "a": {
        "start": 130,
        "end": 141
      },
      "base": {
        "start": 130,
        "end": 140
      },
      "b": {
        "start": 130,
        "end": 130
      }
    },
    {
      "conflict_id": 2,
      "a": {
        "start": 206,
        "end": 216
      },
      "base": {
        "start": 205,
        "end": 214
      },
      "b": {
        "start": 195,
        "end": 195
      }
    }
  ]
}