{
  "repository_origin_url": "https://github.com/dotnet/aspnetcore.git",
  "commit_id": "acb4479e2bded7a28da99a7f3c1fca9bae45c010",
  "commit_date": "Mon, 9 Mar 2020 13:39:59 -0700",
  "commit_message": "Update MvcTemplateTest.cs\n\n",
  "conflict_file_id": 107,
  "filename": "src/ProjectTemplates/test/MvcTemplateTest.cs",
  "last_commit_on_a": "19d49670a6237df8308acb590e5a58b267e7b07c",
  "last_commit_on_b": "e8d31697ad8cf227034de8119c3f3f14e164dab9",
  "author_info_a": {
    "name": "Pranav K",
    "email": "prkrishn@hotmail.com"
  },
  "author_info_b": {
    "name": "Pranav K",
    "email": "prkrishn@hotmail.com"
  },
  "num_conflict_regions": 1,
  "conflict_region_spans": [
    {
      "conflict_id": 1,
      "a": {
        "start": 225,
        "end": 245
      },
      "base": {
        "start": 225,
        "end": 225
      },
      "b": {
        "start": 225,
        "end": 244
      }
    }
  ]
}