{
  "repository_origin_url": "https://github.com/dotnet/aspnetcore.git",
  "commit_id": "acb4479e2bded7a28da99a7f3c1fca9bae45c010",
  "commit_date": "Thu, 5 Mar 2020 14:28:02 +1300",
  "commit_message": "Reset Http2Stream when it starts (#19589)\n\n",
  "conflict_file_id": 109,
  "filename": "src/Servers/Kestrel/Core/src/Internal/Http/HttpProtocol.cs",
  "last_commit_on_a": "3925546732fec63625fce47db5a2eab199bed4da",
  "last_commit_on_b": "439f4af49c9eaf5ad4dffeb8aff2e720297fd854",
  "author_info_a": {
    "name": "James Newton-King",
    "email": "james@newtonking.com"
  },
  "author_info_b": {
    "name": "Stephen Halter",
    "email": "halter73@gmail.com"
  },
  "num_conflict_regions": 1,
  "conflict_region_spans": [
    {
      "conflict_id": 1,
      "a": {
        "start": 84,
        "end": 87
      },
      "base": {
        "start": 84,
        "end": 85
      },
      "b": {
        "start": 84,
        "end": 89
      }
    }
  ]
}