{
  "repository_origin_url": "https://github.com/dotnet/aspnetcore.git",
  "commit_id": "809defe504e9395517f60a697cbbc430769e5835",
  "commit_date": "Wed, 13 Jan 2021 10:23:39 -0800",
  "commit_message": "Allow/ignore upgrades with bodies #17081 (#28907)\n\n",
  "conflict_file_id": 10,
  "filename": "src/Servers/Kestrel/test/InMemory.FunctionalTests/UpgradeTests.cs",
  "last_commit_on_a": "b9fa0c783e362f3751360eee30d08312eba6e583",
  "last_commit_on_b": "59e4261f41fecd873617a7673dad24da40f30515",
  "author_info_a": {
    "name": "Chris Ross",
    "email": "Tratcher@Outlook.com"
  },
  "author_info_b": {
    "name": "Chris Ross",
    "email": "Tratcher@Outlook.com"
  },
  "num_conflict_regions": 1,
  "conflict_region_spans": [
    {
      "conflict_id": 1,
      "a": {
        "start": 15,
        "end": 17
      },
      "base": {
        "start": 15,
        "end": 16
      },
      "b": {
        "start": 15,
        "end": 16
      }
    }
  ]
}