{
  "repository_origin_url": "https://github.com/dotnet/aspnetcore.git",
  "commit_id": "acb4479e2bded7a28da99a7f3c1fca9bae45c010",
  "commit_date": "Tue, 25 Feb 2020 13:39:06 +1300",
  "commit_message": "TestServer returns error with response when server ends with p\u2026 (#19249)\n\n",
  "conflict_file_id": 111,
  "filename": "src/Hosting/TestHost/test/TestClientTests.cs",
  "last_commit_on_a": "0b04260b13b19a6157d6ff293394164d8f899a47",
  "last_commit_on_b": "34294a3e7a4f0a3adb39c8e2c7643a87199e6fdd",
  "author_info_a": {
    "name": "James Newton-King",
    "email": "james@newtonking.com"
  },
  "author_info_b": {
    "name": "James Newton-King",
    "email": "james@newtonking.com"
  },
  "num_conflict_regions": 1,
  "conflict_region_spans": [
    {
      "conflict_id": 1,
      "a": {
        "start": 388,
        "end": 483
      },
      "base": {
        "start": 388,
        "end": 388
      },
      "b": {
        "start": 388,
        "end": 435
      }
    }
  ]
}