{
  "repository_origin_url": "https://github.com/dotnet/aspnetcore.git",
  "commit_id": "acb4479e2bded7a28da99a7f3c1fca9bae45c010",
  "commit_date": "Tue, 25 Feb 2020 13:39:06 +1300",
  "commit_message": "TestServer returns error with response when server ends with p\u2026 (#19249)\n\n",
  "conflict_file_id": 112,
  "filename": "src/Hosting/TestHost/src/HttpContextBuilder.cs",
  "last_commit_on_a": "0b04260b13b19a6157d6ff293394164d8f899a47",
  "last_commit_on_b": "34294a3e7a4f0a3adb39c8e2c7643a87199e6fdd",
  "author_info_a": {
    "name": "James Newton-King",
    "email": "james@newtonking.com"
  },
  "author_info_b": {
    "name": "James Newton-King",
    "email": "james@newtonking.com"
  },
  "num_conflict_regions": 3,
  "conflict_region_spans": [
    {
      "conflict_id": 1,
      "a": {
        "start": 113,
        "end": 120
      },
      "base": {
        "start": 113,
        "end": 114
      },
      "b": {
        "start": 113,
        "end": 115
      }
    },
    {
      "conflict_id": 2,
      "a": {
        "start": 121,
        "end": 122
      },
      "base": {
        "start": 115,
        "end": 115
      },
      "b": {
        "start": 116,
        "end": 117
      }
    },
    {
      "conflict_id": 3,
      "a": {
        "start": 181,
        "end": 196
      },
      "base": {
        "start": 174,
        "end": 186
      },
      "b": {
        "start": 176,
        "end": 179
      }
    }
  ]
}