{
  "repository_origin_url": "https://github.com/dotnet/aspnetcore.git",
  "commit_id": "acb4479e2bded7a28da99a7f3c1fca9bae45c010",
  "commit_date": "Sun, 19 Jan 2020 22:55:14 +0000",
  "commit_message": "Fixed typo in AsyncEnumerableReader XML docs\n\n",
  "conflict_file_id": 113,
  "filename": "src/Mvc/Mvc.Core/src/Infrastructure/AsyncEnumerableReader.cs",
  "last_commit_on_a": "53a07c95a314c1e9476b7831dfea906e053fccce",
  "last_commit_on_b": "6a8ce3ad6711fe44e83125f87bb1810f098ce3e0",
  "author_info_a": {
    "name": "Alessio Franceschelli",
    "email": "alessio@franceschelli.me"
  },
  "author_info_b": {
    "name": "Pranav K",
    "email": "prkrishn@hotmail.com"
  },
  "num_conflict_regions": 1,
  "conflict_region_spans": [
    {
      "conflict_id": 1,
      "a": {
        "start": 48,
        "end": 49
      },
      "base": {
        "start": 48,
        "end": 49
      },
      "b": {
        "start": 48,
        "end": 49
      }
    }
  ]
}