{
  "repository_origin_url": "https://github.com/dotnet/aspnetcore.git",
  "commit_id": "acb4479e2bded7a28da99a7f3c1fca9bae45c010",
  "commit_date": "Wed, 19 Feb 2020 14:23:53 -0800",
  "commit_message": "Fix targets file\n\n",
  "conflict_file_id": 114,
  "filename": "src/SignalR/server/Core/src/DefaultHubLifetimeManager.cs",
  "last_commit_on_a": "e721923b67e2a1f42432ffb4eda8851dba40f550",
  "last_commit_on_b": "a0183b1facb6534e8be17793b1287b59ad9de2a1",
  "author_info_a": {
    "name": "Brennan Conroy",
    "email": "brecon@microsoft.com"
  },
  "author_info_b": {
    "name": "Brennan Conroy",
    "email": "brecon@microsoft.com"
  },
  "num_conflict_regions": 10,
  "conflict_region_spans": [
    {
      "conflict_id": 1,
      "a": {
        "start": 85,
        "end": 86
      },
      "base": {
        "start": 85,
        "end": 86
      },
      "b": {
        "start": 85,
        "end": 86
      }
    },
    {
      "conflict_id": 2,
      "a": {
        "start": 88,
        "end": 89
      },
      "base": {
        "start": 88,
        "end": 89
      },
      "b": {
        "start": 88,
        "end": 89
      }
    },
    {
      "conflict_id": 3,
      "a": {
        "start": 130,
        "end": 131
      },
      "base": {
        "start": 130,
        "end": 131
      },
      "b": {
        "start": 130,
        "end": 132
      }
    },
    {
      "conflict_id": 4,
      "a": {
        "start": 196,
        "end": 197
      },
      "base": {
        "start": 196,
        "end": 197
      },
      "b": {
        "start": 197,
        "end": 198
      }
    },
    {
      "conflict_id": 5,
      "a": {
        "start": 224,
        "end": 225
      },
      "base": {
        "start": 224,
        "end": 225
      },
      "b": {
        "start": 225,
        "end": 226
      }
    },
    {
      "conflict_id": 6,
      "a": {
        "start": 250,
        "end": 251
      },
      "base": {
        "start": 250,
        "end": 251
      },
      "b": {
        "start": 251,
        "end": 252
      }
    },
    {
      "conflict_id": 7,
      "a": {
        "start": 274,
        "end": 275
      },
      "base": {
        "start": 274,
        "end": 275
      },
      "b": {
        "start": 275,
        "end": 276
      }
    },
    {
      "conflict_id": 8,
      "a": {
        "start": 295,
        "end": 296
      },
      "base": {
        "start": 295,
        "end": 296
      },
      "b": {
        "start": 296,
        "end": 297
      }
    },
    {
      "conflict_id": 9,
      "a": {
        "start": 301,
        "end": 302
      },
      "base": {
        "start": 301,
        "end": 302
      },
      "b": {
        "start": 302,
        "end": 303
      }
    },
    {
      "conflict_id": 10,
      "a": {
        "start": 307,
        "end": 308
      },
      "base": {
        "start": 307,
        "end": 308
      },
      "b": {
        "start": 308,
        "end": 309
      }
    }
  ]
}