{
  "repository_origin_url": "https://github.com/dotnet/aspnetcore.git",
  "commit_id": "acb4479e2bded7a28da99a7f3c1fca9bae45c010",
  "commit_date": "Wed, 4 Mar 2020 17:44:32 -0800",
  "commit_message": "Migration fixup for Logging.Testing\n\n",
  "conflict_file_id": 116,
  "filename": "src/Mvc/test/Mvc.FunctionalTests/ErrorPageTests.cs",
  "last_commit_on_a": "c181547864a1dbf6ef7cb0917ede5d17bc17e4e6",
  "last_commit_on_b": "2c6456d4634df947e3cafd5e7dee02289dc12697",
  "author_info_a": {
    "name": "John Luo",
    "email": "johluo@microsoft.com"
  },
  "author_info_b": {
    "name": "dotnet-maestro[bot]",
    "email": "42748379+dotnet-maestro[bot]@users.noreply.github.com"
  },
  "num_conflict_regions": 1,
  "conflict_region_spans": [
    {
      "conflict_id": 1,
      "a": {
        "start": 13,
        "end": 16
      },
      "base": {
        "start": 13,
        "end": 13
      },
      "b": {
        "start": 13,
        "end": 15
      }
    }
  ]
}