{
  "repository_origin_url": "https://github.com/dotnet/aspnetcore.git",
  "commit_id": "acb4479e2bded7a28da99a7f3c1fca9bae45c010",
  "commit_date": "Mon, 24 Feb 2020 17:56:31 -0800",
  "commit_message": "Introduce multiplexed bedrock types (#17213)\n\n",
  "conflict_file_id": 117,
  "filename": "src/Servers/Kestrel/Core/ref/Microsoft.AspNetCore.Server.Kestrel.Core.netcoreapp.cs",
  "last_commit_on_a": "d8b6823111a17594069109e82766137fd1bacba7",
  "last_commit_on_b": "7ba757265f45297ed9639e085da367c5711c55a9",
  "author_info_a": {
    "name": "Justin Kotalik",
    "email": "jkotalik12@gmail.com"
  },
  "author_info_b": {
    "name": "Doug Bunting",
    "email": "6431421+dougbu@users.noreply.github.com"
  },
  "num_conflict_regions": 1,
  "conflict_region_spans": [
    {
      "conflict_id": 1,
      "a": {
        "start": 159,
        "end": 161
      },
      "base": {
        "start": 159,
        "end": 161
      },
      "b": {
        "start": 159,
        "end": 160
      }
    }
  ]
}