{
  "repository_origin_url": "https://github.com/dotnet/aspnetcore.git",
  "commit_id": "acb4479e2bded7a28da99a7f3c1fca9bae45c010",
  "commit_date": "Tue, 18 Feb 2020 12:06:06 -0800",
  "commit_message": "Todos\n\n",
  "conflict_file_id": 119,
  "filename": "src/Servers/Kestrel/Core/src/Internal/Infrastructure/HttpUtilities.cs",
  "last_commit_on_a": "b92f4231e8096a0170cdc0fc420f1d945f719516",
  "last_commit_on_b": "7fa6d1964444b990890c18f32c0345094ff5b76f",
  "author_info_a": {
    "name": "Ajay Bhargav Baaskaran",
    "email": "ajbaaska@microsoft.com"
  },
  "author_info_b": {
    "name": "Stephen Halter",
    "email": "halter73@gmail.com"
  },
  "num_conflict_regions": 4,
  "conflict_region_spans": [
    {
      "conflict_id": 1,
      "a": {
        "start": 145,
        "end": 149
      },
      "base": {
        "start": 145,
        "end": 146
      },
      "b": {
        "start": 145,
        "end": 146
      }
    },
    {
      "conflict_id": 2,
      "a": {
        "start": 157,
        "end": 161
      },
      "base": {
        "start": 154,
        "end": 157
      },
      "b": {
        "start": 154,
        "end": 157
      }
    },
    {
      "conflict_id": 3,
      "a": {
        "start": 196,
        "end": 218
      },
      "base": {
        "start": 192,
        "end": 192
      },
      "b": {
        "start": 192,
        "end": 216
      }
    },
    {
      "conflict_id": 4,
      "a": {
        "start": 221,
        "end": 224
      },
      "base": {
        "start": 195,
        "end": 195
      },
      "b": {
        "start": 219,
        "end": 222
      }
    }
  ]
}