{
  "repository_origin_url": "https://github.com/dotnet/aspnetcore.git",
  "commit_id": "809defe504e9395517f60a697cbbc430769e5835",
  "commit_date": "Wed, 13 Jan 2021 10:23:39 -0800",
  "commit_message": "Allow/ignore upgrades with bodies #17081 (#28907)\n\n",
  "conflict_file_id": 11,
  "filename": "src/Servers/Kestrel/Core/src/BadHttpRequestException.cs",
  "last_commit_on_a": "b9fa0c783e362f3751360eee30d08312eba6e583",
  "last_commit_on_b": "eaa6f080ba1dbb287be869ee0fc83918f7b26316",
  "author_info_a": {
    "name": "Chris Ross",
    "email": "Tratcher@Outlook.com"
  },
  "author_info_b": {
    "name": "Javier Calvarro Nelson",
    "email": "jacalvar@microsoft.com"
  },
  "num_conflict_regions": 1,
  "conflict_region_spans": [
    {
      "conflict_id": 1,
      "a": {
        "start": 37,
        "end": 172
      },
      "base": {
        "start": 37,
        "end": 175
      },
      "b": {
        "start": 37,
        "end": 37
      }
    }
  ]
}