{
  "repository_origin_url": "https://github.com/dotnet/aspnetcore.git",
  "commit_id": "54d6d7292de05b449b2822d9a9e518af69fbc8eb",
  "commit_date": "Sun, 8 Mar 2020 12:44:30 -0700",
  "commit_message": "Use a property instead of a method (#19690)\n- Rename GetTrasnsport to TransportConnection\n",
  "conflict_file_id": 120,
  "filename": "src/Servers/Kestrel/Core/test/ConnectionDispatcherTests.cs",
  "last_commit_on_a": "ddedfc64c91cf154d6648343caafceaa759ae7ca",
  "last_commit_on_b": "d8b6823111a17594069109e82766137fd1bacba7",
  "author_info_a": {
    "name": "David Fowler",
    "email": "davidfowl@gmail.com"
  },
  "author_info_b": {
    "name": "Justin Kotalik",
    "email": "jkotalik12@gmail.com"
  },
  "num_conflict_regions": 1,
  "conflict_region_spans": [
    {
      "conflict_id": 1,
      "a": {
        "start": 56,
        "end": 139
      },
      "base": {
        "start": 56,
        "end": 56
      },
      "b": {
        "start": 56,
        "end": 139
      }
    }
  ]
}