{
  "repository_origin_url": "https://github.com/dotnet/aspnetcore.git",
  "commit_id": "54d6d7292de05b449b2822d9a9e518af69fbc8eb",
  "commit_date": "Wed, 4 Mar 2020 17:44:32 -0800",
  "commit_message": "Migration fixup for Logging.Testing\n\n",
  "conflict_file_id": 121,
  "filename": "src/SignalR/common/testassets/Tests.Utils/VerifiableLoggedTest.cs",
  "last_commit_on_a": "c181547864a1dbf6ef7cb0917ede5d17bc17e4e6",
  "last_commit_on_b": "22f3166fa65dedbfa951ea507cdd2c1851463673",
  "author_info_a": {
    "name": "John Luo",
    "email": "johluo@microsoft.com"
  },
  "author_info_b": {
    "name": "Nate McMaster",
    "email": "nate.mcmaster@microsoft.com"
  },
  "num_conflict_regions": 1,
  "conflict_region_spans": [
    {
      "conflict_id": 1,
      "a": {
        "start": 5,
        "end": 7
      },
      "base": {
        "start": 5,
        "end": 9
      },
      "b": {
        "start": 5,
        "end": 6
      }
    }
  ]
}