{
  "repository_origin_url": "https://github.com/dotnet/aspnetcore.git",
  "commit_id": "d3482e8b430933299ee3b053ca6fdba1faa8a91e",
  "commit_date": "Wed, 13 Jan 2021 10:23:27 -0800",
  "commit_message": "[2.1] Allow/ignore upgrades with bodies  (#28908)\n* Allow/ignore upgrades with bodies #17081\n\n* Update patchconfig.props\n",
  "conflict_file_id": 12,
  "filename": "src/Servers/Kestrel/Core/src/Internal/Http/Http1MessageBody.cs",
  "last_commit_on_a": "86249d5abb6b0306c7249007eb42a3e1e3619fd2",
  "last_commit_on_b": "b9fa0c783e362f3751360eee30d08312eba6e583",
  "author_info_a": {
    "name": "Chris Ross",
    "email": "Tratcher@Outlook.com"
  },
  "author_info_b": {
    "name": "Chris Ross",
    "email": "Tratcher@Outlook.com"
  },
  "num_conflict_regions": 1,
  "conflict_region_spans": [
    {
      "conflict_id": 1,
      "a": {
        "start": 137,
        "end": 138
      },
      "base": {
        "start": 137,
        "end": 143
      },
      "b": {
        "start": 137,
        "end": 139
      }
    }
  ]
}