{
  "repository_origin_url": "https://github.com/dotnet/aspnetcore.git",
  "commit_id": "43d3389867e268e76315b8302e4615709b1b12dc",
  "commit_date": "Thu, 15 Oct 2020 09:14:53 -0700",
  "commit_message": "Enables code analysis rules about culture sensitive string operations (#26656)\n* Enable string comparison FxCop rules\nCo-authored-by: Kevin Pilch <me@pilchie.com>\n",
  "conflict_file_id": 13,
  "filename": "src/Components/Components/src/Routing/TemplateSegment.cs",
  "last_commit_on_a": "8a81194f372fa6fe63ded2d932d379955854d080",
  "last_commit_on_b": "6bb4a3f370416d566c8ba0ed14523727198e0feb",
  "author_info_a": {
    "name": "Pranav K",
    "email": "prkrishn@hotmail.com"
  },
  "author_info_b": {
    "name": "Javier Calvarro Nelson",
    "email": "jacalvar@microsoft.com"
  },
  "num_conflict_regions": 1,
  "conflict_region_spans": [
    {
      "conflict_id": 1,
      "a": {
        "start": 81,
        "end": 95
      },
      "base": {
        "start": 81,
        "end": 95
      },
      "b": {
        "start": 81,
        "end": 82
      }
    }
  ]
}