{
  "repository_origin_url": "https://github.com/dotnet/aspnetcore.git",
  "commit_id": "43d3389867e268e76315b8302e4615709b1b12dc",
  "commit_date": "Tue, 20 Oct 2020 03:17:38 -0700",
  "commit_message": "Use EphemeralDataProtection for identity tests (#27043)\n\n",
  "conflict_file_id": 14,
  "filename": "src/Identity/Specification.Tests/src/UserManagerSpecificationTests.cs",
  "last_commit_on_a": "f54b590804ecacc328d9050ee1bdbaede9fb57a1",
  "last_commit_on_b": "a2c983c1fb33937b11f5480695dc4bded77d4045",
  "author_info_a": {
    "name": "Hao Kung",
    "email": "HaoK@users.noreply.github.com"
  },
  "author_info_b": {
    "name": "Hao Kung",
    "email": "HaoK@users.noreply.github.com"
  },
  "num_conflict_regions": 1,
  "conflict_region_spans": [
    {
      "conflict_id": 1,
      "a": {
        "start": 11,
        "end": 13
      },
      "base": {
        "start": 11,
        "end": 12
      },
      "b": {
        "start": 11,
        "end": 11
      }
    }
  ]
}