{
  "repository_origin_url": "https://github.com/dotnet/aspnetcore.git",
  "commit_id": "7337ac7e87ddddfe0a66e5c3ed71052b85ca8877",
  "commit_date": "Mon, 26 Oct 2020 22:25:32 +0000",
  "commit_message": "[release/5.0] Update dependencies from dotnet/efcore (#27189)\n[release/5.0] Update dependencies from dotnet/efcore\n\n\n - Quarantine flaky test\n",
  "conflict_file_id": 15,
  "filename": "src/Components/test/E2ETest/Tests/VirtualizationTest.cs",
  "last_commit_on_a": "371a26f07b23ad77c636332c2dfc0cbd1d8137ba",
  "last_commit_on_b": "e20643109b87c03d204c0a57dc54e584492bdaa9",
  "author_info_a": {
    "name": "dotnet-maestro[bot]",
    "email": "42748379+dotnet-maestro[bot]@users.noreply.github.com"
  },
  "author_info_b": {
    "name": "Chris Ross",
    "email": "Tratcher@Outlook.com"
  },
  "num_conflict_regions": 1,
  "conflict_region_spans": [
    {
      "conflict_id": 1,
      "a": {
        "start": 171,
        "end": 172
      },
      "base": {
        "start": 171,
        "end": 171
      },
      "b": {
        "start": 171,
        "end": 172
      }
    }
  ]
}