{
  "repository_origin_url": "https://github.com/dotnet/aspnetcore.git",
  "commit_id": "1cdb159d2040396660b7d92f8515c5552eadfb1b",
  "commit_date": "Thu, 13 Aug 2020 22:26:03 -0700",
  "commit_message": "Add nullable annotations to  SignalR.Common, SignalR.Core and Http.Connections (#24764)\n* Add nullable annotations to  SignalR.Common, SignalR.Core and Http.Connections\n\nContributes to https://github.com/dotnet/aspnetcore/issues/5680\n\n* Changes per PR comments. Also add nullability to hub protocols\n",
  "conflict_file_id": 16,
  "filename": "src/SignalR/common/Protocols.Json/src/Protocol/JsonHubProtocol.cs",
  "last_commit_on_a": "1867750ec997911a64a0a02c0eaf82cc8a2ba4ae",
  "last_commit_on_b": "548065a4e9084f373dbd784beffdd6b407d37deb",
  "author_info_a": {
    "name": "Pranav K",
    "email": "prkrishn@hotmail.com"
  },
  "author_info_b": {
    "name": "Brennan",
    "email": "brecon@microsoft.com"
  },
  "num_conflict_regions": 3,
  "conflict_region_spans": [
    {
      "conflict_id": 1,
      "a": {
        "start": 515,
        "end": 523
      },
      "base": {
        "start": 515,
        "end": 516
      },
      "b": {
        "start": 515,
        "end": 523
      }
    },
    {
      "conflict_id": 2,
      "a": {
        "start": 536,
        "end": 544
      },
      "base": {
        "start": 529,
        "end": 530
      },
      "b": {
        "start": 536,
        "end": 544
      }
    },
    {
      "conflict_id": 3,
      "a": {
        "start": 590,
        "end": 591
      },
      "base": {
        "start": 576,
        "end": 577
      },
      "b": {
        "start": 590,
        "end": 598
      }
    }
  ]
}