{
  "repository_origin_url": "https://github.com/dotnet/aspnetcore.git",
  "commit_id": "e20643109b87c03d204c0a57dc54e584492bdaa9",
  "commit_date": "Fri, 23 Oct 2020 11:05:58 -0700",
  "commit_message": "Prevent WebSockets from throwing during graceful shutdown (#27123)\n- Fix canceled ReadResult handling in Http1UpgradeMessageBody\n- Add UpgradeTests.DoesNotThrowGivenCanceledReadResult\n",
  "conflict_file_id": 17,
  "filename": "src/Servers/Kestrel/Core/src/Internal/Http/Http1UpgradeMessageBody.cs",
  "last_commit_on_a": "c15cd69b65a5b999b7c7042c5408c7c3be2ac7e7",
  "last_commit_on_b": "98a94bec8d81fd20852cc882f645388e20b2b5e7",
  "author_info_a": {
    "name": "Stephen Halter",
    "email": "halter73@gmail.com"
  },
  "author_info_b": {
    "name": "John Luo",
    "email": "johluo@microsoft.com"
  },
  "num_conflict_regions": 2,
  "conflict_region_spans": [
    {
      "conflict_id": 1,
      "a": {
        "start": 30,
        "end": 32
      },
      "base": {
        "start": 30,
        "end": 32
      },
      "b": {
        "start": 30,
        "end": 32
      }
    },
    {
      "conflict_id": 2,
      "a": {
        "start": 36,
        "end": 43
      },
      "base": {
        "start": 36,
        "end": 43
      },
      "b": {
        "start": 36,
        "end": 38
      }
    }
  ]
}