{
  "repository_origin_url": "https://github.com/dotnet/aspnetcore.git",
  "commit_id": "81d269c4b891a8758a8fb7a8242121681c2109b7",
  "commit_date": "Fri, 16 Oct 2020 17:06:23 -0700",
  "commit_message": " Prevent WebSockets from throwing during graceful shutdown (#26914)\n* Fix canceled ReadResult handling in Http1UpgradeMessageBody\n\n* Add UpgradeTests.DoesNotThrowGivenCanceledReadResult\n",
  "conflict_file_id": 18,
  "filename": "src/Servers/Kestrel/test/InMemory.FunctionalTests/UpgradeTests.cs",
  "last_commit_on_a": "374f717e61c5538b873e79b73d889de0f8a0e625",
  "last_commit_on_b": "96c082f2853bf4b5bf6972f0a58c36448ef57b46",
  "author_info_a": {
    "name": "Stephen Halter",
    "email": "halter73@gmail.com"
  },
  "author_info_b": {
    "name": "Stephen Halter",
    "email": "halter73@gmail.com"
  },
  "num_conflict_regions": 1,
  "conflict_region_spans": [
    {
      "conflict_id": 1,
      "a": {
        "start": 348,
        "end": 393
      },
      "base": {
        "start": 348,
        "end": 348
      },
      "b": {
        "start": 348,
        "end": 381
      }
    }
  ]
}