{
  "repository_origin_url": "https://github.com/dotnet/aspnetcore.git",
  "commit_id": "81d269c4b891a8758a8fb7a8242121681c2109b7",
  "commit_date": "Fri, 16 Oct 2020 17:06:23 -0700",
  "commit_message": " Prevent WebSockets from throwing during graceful shutdown (#26914)\n* Fix canceled ReadResult handling in Http1UpgradeMessageBody\n\n* Add UpgradeTests.DoesNotThrowGivenCanceledReadResult\n",
  "conflict_file_id": 19,
  "filename": "src/Servers/Kestrel/Core/src/Internal/Http/Http1UpgradeMessageBody.cs",
  "last_commit_on_a": "374f717e61c5538b873e79b73d889de0f8a0e625",
  "last_commit_on_b": "2030c5c156082fa05991c2b42b1dd688e5f1aafb",
  "author_info_a": {
    "name": "Stephen Halter",
    "email": "halter73@gmail.com"
  },
  "author_info_b": {
    "name": "Pranav K",
    "email": "prkrishn@hotmail.com"
  },
  "num_conflict_regions": 2,
  "conflict_region_spans": [
    {
      "conflict_id": 1,
      "a": {
        "start": 17,
        "end": 21
      },
      "base": {
        "start": 17,
        "end": 19
      },
      "b": {
        "start": 17,
        "end": 19
      }
    },
    {
      "conflict_id": 2,
      "a": {
        "start": 28,
        "end": 45
      },
      "base": {
        "start": 26,
        "end": 43
      },
      "b": {
        "start": 26,
        "end": 26
      }
    }
  ]
}