{
  "repository_origin_url": "https://github.com/dotnet/aspnetcore.git",
  "commit_id": "e7610e365fee5a5344b3789fd1b74be532346547",
  "commit_date": "Wed, 7 Apr 2021 16:07:47 -0700",
  "commit_message": "Fix arguments order for call of HeartbeatSlow (#28698) (#31080)\nCo-authored-by: Roman Marusyk <Marusyk@users.noreply.github.com>\n",
  "conflict_file_id": 1,
  "filename": "src/Servers/Kestrel/Core/src/Internal/Infrastructure/KestrelTrace.cs",
  "last_commit_on_a": "dfbbc40f678ab5d2f3dd773b9cf2fef56fe96d01",
  "last_commit_on_b": "b700636c329dac8734e6d0b86734ed9dd9d17795",
  "author_info_a": {
    "name": "Brennan",
    "email": "brecon@microsoft.com"
  },
  "author_info_b": {
    "name": "G\u00fcnther Foidl",
    "email": "gue@korporal.at"
  },
  "num_conflict_regions": 1,
  "conflict_region_spans": [
    {
      "conflict_id": 1,
      "a": {
        "start": 52,
        "end": 54
      },
      "base": {
        "start": 52,
        "end": 54
      },
      "b": {
        "start": 52,
        "end": 54
      }
    }
  ]
}