{
  "repository_origin_url": "https://github.com/dotnet/aspnetcore.git",
  "commit_id": "59e89bd8860f069bd1a726472ecd11ff8fbb0f76",
  "commit_date": "Tue, 15 Sep 2020 10:08:15 -0700",
  "commit_message": "Merge branch 'release/5.0-rc2' into master\n\n",
  "conflict_file_id": 20,
  "filename": "src/Servers/IIS/IIS/test/testassets/InProcessWebSite/Startup.cs",
  "last_commit_on_a": "2b6cd9f606074d5fe6904d6d34c78ac034b06a67",
  "last_commit_on_b": "692b9a29e310bc232d60b52c826b560f84a763cd",
  "author_info_a": {
    "name": "Justin Kotalik",
    "email": "jukotali@microsoft.com"
  },
  "author_info_b": {
    "name": "Justin Kotalik",
    "email": "jukotali@microsoft.com"
  },
  "num_conflict_regions": 2,
  "conflict_region_spans": [
    {
      "conflict_id": 1,
      "a": {
        "start": 483,
        "end": 496
      },
      "base": {
        "start": 483,
        "end": 483
      },
      "b": {
        "start": 483,
        "end": 493
      }
    },
    {
      "conflict_id": 2,
      "a": {
        "start": 1072,
        "end": 1580
      },
      "base": {
        "start": 1059,
        "end": 1059
      },
      "b": {
        "start": 1069,
        "end": 1076
      }
    }
  ]
}