{
  "repository_origin_url": "https://github.com/dotnet/aspnetcore.git",
  "commit_id": "59e89bd8860f069bd1a726472ecd11ff8fbb0f76",
  "commit_date": "Mon, 28 Sep 2020 18:00:17 +0100",
  "commit_message": "Preserve client order of activity baggage items (#26302)\n\n",
  "conflict_file_id": 21,
  "filename": "src/Hosting/Hosting/test/HostingApplicationDiagnosticsTests.cs",
  "last_commit_on_a": "3892b4ea82b64aa7abe0a87c4277449c26b47c9c",
  "last_commit_on_b": "81008e5b1975bfe19b35385e0cf6199835867e7e",
  "author_info_a": {
    "name": "Andrey Tretyak",
    "email": "andreyt@microsoft.com"
  },
  "author_info_b": {
    "name": "Sourabh Shirhatti",
    "email": "shirhatti@outlook.com"
  },
  "num_conflict_regions": 1,
  "conflict_region_spans": [
    {
      "conflict_id": 1,
      "a": {
        "start": 304,
        "end": 369
      },
      "base": {
        "start": 304,
        "end": 304
      },
      "b": {
        "start": 304,
        "end": 340
      }
    }
  ]
}