{
  "repository_origin_url": "https://github.com/dotnet/aspnetcore.git",
  "commit_id": "59e89bd8860f069bd1a726472ecd11ff8fbb0f76",
  "commit_date": "Fri, 11 Sep 2020 09:21:02 -0700",
  "commit_message": "Send CloseMessage in more cases (#25693)\n* Send CloseMessage in more cases\n\n* fb\n",
  "conflict_file_id": 22,
  "filename": "src/SignalR/clients/csharp/Client/test/FunctionalTests/HubConnectionTests.cs",
  "last_commit_on_a": "a7d129cc972ab247d9b08a0755b332605d2f3c42",
  "last_commit_on_b": "e4fdd4a0c87ce595fe4a98875650179e2eb7f490",
  "author_info_a": {
    "name": "Brennan",
    "email": "brecon@microsoft.com"
  },
  "author_info_b": {
    "name": "Brennan",
    "email": "brecon@microsoft.com"
  },
  "num_conflict_regions": 1,
  "conflict_region_spans": [
    {
      "conflict_id": 1,
      "a": {
        "start": 1738,
        "end": 1767
      },
      "base": {
        "start": 1738,
        "end": 1739
      },
      "b": {
        "start": 1738,
        "end": 1767
      }
    }
  ]
}