{
  "repository_origin_url": "https://github.com/dotnet/aspnetcore.git",
  "commit_id": "59e89bd8860f069bd1a726472ecd11ff8fbb0f76",
  "commit_date": "Wed, 23 Sep 2020 12:19:44 -0700",
  "commit_message": "Cross-compile SignalR client libraries and enable platform compat ana\u2026 (#26140)\n* Cross-compile SignalR client libraries and enable platform compat analyzer\n\n* Make our own OperatingSystem for downlevel tfms\n\n* Changes per PR feedback\n\n* Eliminate one of the analyzer bugs\n\n* Add browser\n",
  "conflict_file_id": 23,
  "filename": "src/SignalR/clients/csharp/Http.Connections.Client/src/HttpConnection.cs",
  "last_commit_on_a": "eb3a7193587e43b2299019119de24df717c62557",
  "last_commit_on_b": "e4fdd4a0c87ce595fe4a98875650179e2eb7f490",
  "author_info_a": {
    "name": "Pranav K",
    "email": "prkrishn@hotmail.com"
  },
  "author_info_b": {
    "name": "Brennan",
    "email": "brecon@microsoft.com"
  },
  "num_conflict_regions": 2,
  "conflict_region_spans": [
    {
      "conflict_id": 1,
      "a": {
        "start": 155,
        "end": 156
      },
      "base": {
        "start": 155,
        "end": 159
      },
      "b": {
        "start": 155,
        "end": 158
      }
    },
    {
      "conflict_id": 2,
      "a": {
        "start": 542,
        "end": 553
      },
      "base": {
        "start": 545,
        "end": 558
      },
      "b": {
        "start": 544,
        "end": 565
      }
    }
  ]
}