{
  "repository_origin_url": "https://github.com/dotnet/aspnetcore.git",
  "commit_id": "59e89bd8860f069bd1a726472ecd11ff8fbb0f76",
  "commit_date": "Fri, 2 Oct 2020 09:44:02 -0700",
  "commit_message": "Use assertion library more consistently (#26519)\nUsing Browser.Exists is equivalent to Browser.FindElement except it provides better logs\nand diagnostics when the assertion fails. The additional waits will also rule out\nfailures due to the browser taking time to update possibly improving stability.\n\nI looked at the implementation of WebDriverWait to verify that using it will not\nintroduce additional delays to our tests.\n",
  "conflict_file_id": 24,
  "filename": "src/Components/test/E2ETest/ServerExecutionTests/CircuitGracefulTerminationTests.cs",
  "last_commit_on_a": "63baa064828780a4276a0ad0951d784135dfa28c",
  "last_commit_on_b": "2eb851a632afa6711ef19df65202c8077d593d24",
  "author_info_a": {
    "name": "Pranav K",
    "email": "prkrishn@hotmail.com"
  },
  "author_info_b": {
    "name": "Safia Abdalla",
    "email": "safia@microsoft.com"
  },
  "num_conflict_regions": 2,
  "conflict_region_spans": [
    {
      "conflict_id": 1,
      "a": {
        "start": 47,
        "end": 49
      },
      "base": {
        "start": 47,
        "end": 49
      },
      "b": {
        "start": 47,
        "end": 49
      }
    },
    {
      "conflict_id": 2,
      "a": {
        "start": 94,
        "end": 133
      },
      "base": {
        "start": 94,
        "end": 94
      },
      "b": {
        "start": 94,
        "end": 133
      }
    }
  ]
}