{
  "repository_origin_url": "https://github.com/dotnet/aspnetcore.git",
  "commit_id": "329664f600b0709dde7ac4fe369c0fd270b6be69",
  "commit_date": "Fri, 9 Oct 2020 20:38:45 -0700",
  "commit_message": "Add docs for Session, Diagnostics.EntityFrameworkCore, MiddlewareAnalysis and HeaderPropagation (#26720)\n\n",
  "conflict_file_id": 25,
  "filename": "src/Middleware/MiddlewareAnalysis/src/AnalysisBuilder.cs",
  "last_commit_on_a": "ff6d1986aca4f47129b9f13e81d8b881c885655b",
  "last_commit_on_b": "d0978cd0beb2c63c1fc498e22afd31113939262b",
  "author_info_a": {
    "name": "Stephen Halter",
    "email": "halter73@gmail.com"
  },
  "author_info_b": {
    "name": "dotnet-maestro-bot",
    "email": "dotnet-maestro-bot@microsoft.com"
  },
  "num_conflict_regions": 1,
  "conflict_region_spans": [
    {
      "conflict_id": 1,
      "a": {
        "start": 39,
        "end": 41
      },
      "base": {
        "start": 39,
        "end": 40
      },
      "b": {
        "start": 39,
        "end": 41
      }
    }
  ]
}