{
  "repository_origin_url": "https://github.com/dotnet/aspnetcore.git",
  "commit_id": "3f456b4114e68131b936f2ba02b2f84ddb73f48f",
  "commit_date": "Tue, 6 Oct 2020 10:23:58 -0700",
  "commit_message": "Add an option to allow 404 responses from ExceptionHandlers (#26567)\n\n",
  "conflict_file_id": 26,
  "filename": "src/Middleware/Diagnostics/src/ExceptionHandler/ExceptionHandlerOptions.cs",
  "last_commit_on_a": "85550027727098d65017a015d15376a60831b934",
  "last_commit_on_b": "2030c5c156082fa05991c2b42b1dd688e5f1aafb",
  "author_info_a": {
    "name": "John Luo",
    "email": "johluo@microsoft.com"
  },
  "author_info_b": {
    "name": "Pranav K",
    "email": "prkrishn@hotmail.com"
  },
  "num_conflict_regions": 1,
  "conflict_region_spans": [
    {
      "conflict_id": 1,
      "a": {
        "start": 26,
        "end": 36
      },
      "base": {
        "start": 26,
        "end": 27
      },
      "b": {
        "start": 26,
        "end": 27
      }
    }
  ]
}