{
  "repository_origin_url": "https://github.com/dotnet/aspnetcore.git",
  "commit_id": "b7fadae1ed387802fb35faaed3c9f8cfcd7b554e",
  "commit_date": "Fri, 19 Mar 2021 21:57:33 -0700",
  "commit_message": "Pass output to project methods\n\n",
  "conflict_file_id": 2,
  "filename": "src/ProjectTemplates/Shared/Project.cs",
  "last_commit_on_a": "968b57ea2c4ee0c10ea1b15e3d6157e30460bd5d",
  "last_commit_on_b": "14af9d94cfcbc74c23fdffa9a495e1b582841d7a",
  "author_info_a": {
    "name": "Hao Kung",
    "email": "HaoK@users.noreply.github.com"
  },
  "author_info_b": {
    "name": "Hao Kung",
    "email": "HaoK@users.noreply.github.com"
  },
  "num_conflict_regions": 2,
  "conflict_region_spans": [
    {
      "conflict_id": 1,
      "a": {
        "start": 187,
        "end": 188
      },
      "base": {
        "start": 187,
        "end": 188
      },
      "b": {
        "start": 187,
        "end": 188
      }
    },
    {
      "conflict_id": 2,
      "a": {
        "start": 203,
        "end": 204
      },
      "base": {
        "start": 203,
        "end": 204
      },
      "b": {
        "start": 203,
        "end": 204
      }
    }
  ]
}