{
  "repository_origin_url": "https://github.com/dotnet/aspnetcore.git",
  "commit_id": "2030c5c156082fa05991c2b42b1dd688e5f1aafb",
  "commit_date": "Fri, 18 Sep 2020 19:58:34 -0700",
  "commit_message": "Add nullable annotations to middleware (#24720)\n* Add nullable annotations to middleware\n\n* [x] CORS\n* [x] Diagnostics (public types only)\n* [x] HeaderPropagation\n* [x] HealthChecks\n* [x] HostFiltering\n* [x] HttpOverrides\n* [x] HttpsPolicy\n* [x] Localization\n* [x] MiddlewareAnalysis\n* [x] ResponseCaching\n\nContributes to https://github.com/dotnet/aspnetcore/issues/5680\n\n\n",
  "conflict_file_id": 31,
  "filename": "src/Middleware/Diagnostics/src/StatusCodePage/StatusCodeReExecuteFeature.cs",
  "last_commit_on_a": "94b1c6f6b423482ce52fb0473df33b6699ea755e",
  "last_commit_on_b": "8eb9603a9cbc2a741148a62e4fcaa5aaf2caaa0a",
  "author_info_a": {
    "name": "Pranav K",
    "email": "prkrishn@hotmail.com"
  },
  "author_info_b": {
    "name": "John Luo",
    "email": "johluo@microsoft.com"
  },
  "num_conflict_regions": 3,
  "conflict_region_spans": [
    {
      "conflict_id": 1,
      "a": {
        "start": 11,
        "end": 12
      },
      "base": {
        "start": 11,
        "end": 12
      },
      "b": {
        "start": 11,
        "end": 13
      }
    },
    {
      "conflict_id": 2,
      "a": {
        "start": 13,
        "end": 14
      },
      "base": {
        "start": 13,
        "end": 14
      },
      "b": {
        "start": 14,
        "end": 16
      }
    },
    {
      "conflict_id": 3,
      "a": {
        "start": 15,
        "end": 16
      },
      "base": {
        "start": 15,
        "end": 16
      },
      "b": {
        "start": 17,
        "end": 19
      }
    }
  ]
}