{
  "repository_origin_url": "https://github.com/dotnet/aspnetcore.git",
  "commit_id": "9650fc05d4dc4346aef91fb2bb6aa54d8965b3c6",
  "commit_date": "Fri, 2 Oct 2020 11:58:34 -0700",
  "commit_message": "Api docs for ResponseCaching (#26531)\n* Api docs for ResponseCaching\n\n* Enable warnings for HostFiltering, HttpsPolicy and StaticFiles\n\n* Update src/Middleware/ResponseCaching/src/ResponseCachingFeature.cs\n\nCo-authored-by: Pranav K <prkrishn@hotmail.com>\n\n* Add more details\n\nCo-authored-by: Pranav K <prkrishn@hotmail.com>\n",
  "conflict_file_id": 32,
  "filename": "src/Middleware/ResponseCaching/src/ResponseCachingFeature.cs",
  "last_commit_on_a": "acf1dc45c0d87df371c3cadfd6c080c7ebaef081",
  "last_commit_on_b": "94b1c6f6b423482ce52fb0473df33b6699ea755e",
  "author_info_a": {
    "name": "John Luo",
    "email": "johluo@microsoft.com"
  },
  "author_info_b": {
    "name": "Pranav K",
    "email": "prkrishn@hotmail.com"
  },
  "num_conflict_regions": 1,
  "conflict_region_spans": [
    {
      "conflict_id": 1,
      "a": {
        "start": 13,
        "end": 15
      },
      "base": {
        "start": 13,
        "end": 14
      },
      "b": {
        "start": 13,
        "end": 14
      }
    }
  ]
}