{
  "repository_origin_url": "https://github.com/dotnet/aspnetcore.git",
  "commit_id": "67fd6fe614cdfddd48c41e9eae42985097c358e7",
  "commit_date": "Fri, 18 Sep 2020 11:54:05 -0700",
  "commit_message": "[release/3.1] Memory Leak in Microsoft.Extensions.Caching.Memory when handling exceptions (dotnet/extensions#3535)\n* Memory Leak in Microsoft.Extensions.Caching.Memory when handling exceptions\n\n* Fixup\n\n* Fixup\n\n* Fix another memory leak when one cache depends on another cache\\n\\nCommit migrated from https://github.com/dotnet/extensions/commit/5dc3e89f888f70adc1d4867a981f3e2d124bdeb6\n\n",
  "conflict_file_id": 33,
  "filename": "src/Caching/Memory/test/MemoryCacheSetAndRemoveTests.cs",
  "last_commit_on_a": "cbe4faeb715c3729d699db2a0851897e72cd687d",
  "last_commit_on_b": "d224922043d9ef35078d3f38a6b56830adcd0f72",
  "author_info_a": {
    "name": "William Godbe",
    "email": "wigodbe@microsoft.com"
  },
  "author_info_b": {
    "name": "William Godbe",
    "email": "wigodbe@microsoft.com"
  },
  "num_conflict_regions": 1,
  "conflict_region_spans": [
    {
      "conflict_id": 1,
      "a": {
        "start": 206,
        "end": 266
      },
      "base": {
        "start": 206,
        "end": 206
      },
      "b": {
        "start": 206,
        "end": 221
      }
    }
  ]
}