{
  "repository_origin_url": "https://github.com/dotnet/aspnetcore.git",
  "commit_id": "2b6cd9f606074d5fe6904d6d34c78ac034b06a67",
  "commit_date": "Tue, 25 Aug 2020 08:53:42 +0200",
  "commit_message": "[Mvc] Add support for order in dynamic controller routes (#25073)\n* Order defaults to 1 same as conventional routes\n* An incremental order is applied to dynamic routes as they are defined.\n",
  "conflict_file_id": 34,
  "filename": "src/Mvc/Mvc.Core/src/DependencyInjection/MvcCoreServiceCollectionExtensions.cs",
  "last_commit_on_a": "f82384cfdb5e4d1a766058090f07083fe1cfc407",
  "last_commit_on_b": "b1e1aabc9d0d1de9b907033771e7debcd85e60ad",
  "author_info_a": {
    "name": "Javier Calvarro Nelson",
    "email": "jacalvar@microsoft.com"
  },
  "author_info_b": {
    "name": "Javier Calvarro Nelson",
    "email": "jacalvar@microsoft.com"
  },
  "num_conflict_regions": 1,
  "conflict_region_spans": [
    {
      "conflict_id": 1,
      "a": {
        "start": 272,
        "end": 274
      },
      "base": {
        "start": 272,
        "end": 273
      },
      "b": {
        "start": 272,
        "end": 275
      }
    }
  ]
}