{
  "repository_origin_url": "https://github.com/dotnet/aspnetcore.git",
  "commit_id": "811ad997c77e1ba8324f18abbb880fbc333f401c",
  "commit_date": "Tue, 16 Mar 2021 10:08:11 -0700",
  "commit_message": "Cleanup\n\n",
  "conflict_file_id": 3,
  "filename": "src/Shared/BrowserTesting/src/BrowserManager.cs",
  "last_commit_on_a": "ccc0c10de7746d25a2a30385ddf4db9b5905392c",
  "last_commit_on_b": "a104f9d3c7990446326ca03d1dd777f41a6c4f53",
  "author_info_a": {
    "name": "Hao Kung",
    "email": "HaoK@users.noreply.github.com"
  },
  "author_info_b": {
    "name": "Hao Kung",
    "email": "HaoK@users.noreply.github.com"
  },
  "num_conflict_regions": 1,
  "conflict_region_spans": [
    {
      "conflict_id": 1,
      "a": {
        "start": 50,
        "end": 51
      },
      "base": {
        "start": 50,
        "end": 51
      },
      "b": {
        "start": 50,
        "end": 59
      }
    }
  ]
}