{
  "repository_origin_url": "https://github.com/dotnet/aspnetcore.git",
  "commit_id": "2b6cd9f606074d5fe6904d6d34c78ac034b06a67",
  "commit_date": "Tue, 1 Sep 2020 10:53:21 -0700",
  "commit_message": "Merge branch 'master' into merge/release/5.0-to-master\n\n",
  "conflict_file_id": 40,
  "filename": "eng/helix/content/RunTests/RunTestsOptions.cs",
  "last_commit_on_a": "63fafc1bfb803bfce53597f9c746a8f076c4a326",
  "last_commit_on_b": "326507bb01f589439bf5d69fac35d222b1624e43",
  "author_info_a": {
    "name": "S\u00e9bastien Ros",
    "email": "sebastienros@gmail.com"
  },
  "author_info_b": {
    "name": "Doug Bunting",
    "email": "6431421+dougbu@users.noreply.github.com"
  },
  "num_conflict_regions": 2,
  "conflict_region_spans": [
    {
      "conflict_id": 1,
      "a": {
        "start": 61,
        "end": 75
      },
      "base": {
        "start": 61,
        "end": 74
      },
      "b": {
        "start": 61,
        "end": 81
      }
    },
    {
      "conflict_id": 2,
      "a": {
        "start": 91,
        "end": 93
      },
      "base": {
        "start": 90,
        "end": 91
      },
      "b": {
        "start": 97,
        "end": 97
      }
    }
  ]
}