{
  "repository_origin_url": "https://github.com/dotnet/aspnetcore.git",
  "commit_id": "9a0719825270d83eea3402cf4c5930f951b2d43b",
  "commit_date": "Mon, 31 Aug 2020 17:13:19 -0700",
  "commit_message": "Add async ServerOptionsSelectionCallback UseHttps overload (#25390)\n\n",
  "conflict_file_id": 43,
  "filename": "src/Servers/Kestrel/test/InMemory.FunctionalTests/HttpsTests.cs",
  "last_commit_on_a": "04f23ecfc49edb0968176450c715eddb3e93f2a0",
  "last_commit_on_b": "6ec1b481186365519c95cc79b24fc6f1c926e249",
  "author_info_a": {
    "name": "Stephen Halter",
    "email": "halter73@gmail.com"
  },
  "author_info_b": {
    "name": "Stephen Halter",
    "email": "halter73@gmail.com"
  },
  "num_conflict_regions": 3,
  "conflict_region_spans": [
    {
      "conflict_id": 1,
      "a": {
        "start": 64,
        "end": 94
      },
      "base": {
        "start": 64,
        "end": 64
      },
      "b": {
        "start": 64,
        "end": 98
      }
    },
    {
      "conflict_id": 2,
      "a": {
        "start": 368,
        "end": 383
      },
      "base": {
        "start": 338,
        "end": 341
      },
      "b": {
        "start": 372,
        "end": 377
      }
    },
    {
      "conflict_id": 3,
      "a": {
        "start": 384,
        "end": 393
      },
      "base": {
        "start": 342,
        "end": 342
      },
      "b": {
        "start": 378,
        "end": 397
      }
    }
  ]
}