{
  "repository_origin_url": "https://github.com/dotnet/aspnetcore.git",
  "commit_id": "87a51a358a74fed9ce3242b428a2d551f96f76ef",
  "commit_date": "Wed, 26 Aug 2020 09:55:27 -0700",
  "commit_message": "Address nullability feedback\nFixes https://github.com/dotnet/aspnetcore/issues/25275\n\n",
  "conflict_file_id": 45,
  "filename": "src/JSInterop/Microsoft.JSInterop/src/IJSInProcessRuntime.cs",
  "last_commit_on_a": "00bbb78d3c96d81afa9febb128aacf5c1365293d",
  "last_commit_on_b": "50815ed5980250391771560077da1d3333cc6524",
  "author_info_a": {
    "name": "Pranav K",
    "email": "prkrishn@hotmail.com"
  },
  "author_info_b": {
    "name": "Pranav K",
    "email": "prkrishn@hotmail.com"
  },
  "num_conflict_regions": 1,
  "conflict_region_spans": [
    {
      "conflict_id": 1,
      "a": {
        "start": 18,
        "end": 19
      },
      "base": {
        "start": 18,
        "end": 19
      },
      "b": {
        "start": 18,
        "end": 19
      }
    }
  ]
}