{
  "repository_origin_url": "https://github.com/dotnet/aspnetcore.git",
  "commit_id": "6205d66a0eb69459333b89e2aa53ba2dffb3c468",
  "commit_date": "Tue, 18 Aug 2020 21:12:52 +1200",
  "commit_message": "Fix HTTP/2 tests that use HttpClient and H2C (#24981)\n\n",
  "conflict_file_id": 46,
  "filename": "src/Grpc/test/testassets/InteropWebsite/Program.cs",
  "last_commit_on_a": "f68f5b0ee85ab59a5ca94e31cd84fab8de277f68",
  "last_commit_on_b": "cba2275799aba49c4ab66b8879c6ddef46d8c045",
  "author_info_a": {
    "name": "James Newton-King",
    "email": "james@newtonking.com"
  },
  "author_info_b": {
    "name": "DotNet Bot",
    "email": "dn-bot@microsoft.com"
  },
  "num_conflict_regions": 1,
  "conflict_region_spans": [
    {
      "conflict_id": 1,
      "a": {
        "start": 40,
        "end": 46
      },
      "base": {
        "start": 40,
        "end": 41
      },
      "b": {
        "start": 40,
        "end": 41
      }
    }
  ]
}