{
  "repository_origin_url": "https://github.com/dotnet/aspnetcore.git",
  "commit_id": "6205d66a0eb69459333b89e2aa53ba2dffb3c468",
  "commit_date": "Mon, 17 Aug 2020 12:47:10 -0700",
  "commit_message": "Fixups\n\n",
  "conflict_file_id": 47,
  "filename": "src/Components/WebAssembly/Sdk/integrationtests/WasmBuildIntegrationTest.cs",
  "last_commit_on_a": "8a8a1ac9726805864691db981016f21efbc739f9",
  "last_commit_on_b": "3e7a10649154271b475dd4b6919fefe2b9e73a53",
  "author_info_a": {
    "name": "Pranav K",
    "email": "prkrishn@hotmail.com"
  },
  "author_info_b": {
    "name": "Pranav Krishnamoorthy",
    "email": "prkrishn@microsoft.com"
  },
  "num_conflict_regions": 2,
  "conflict_region_spans": [
    {
      "conflict_id": 1,
      "a": {
        "start": 196,
        "end": 226
      },
      "base": {
        "start": 196,
        "end": 197
      },
      "b": {
        "start": 196,
        "end": 197
      }
    },
    {
      "conflict_id": 2,
      "a": {
        "start": 227,
        "end": 229
      },
      "base": {
        "start": 198,
        "end": 200
      },
      "b": {
        "start": 198,
        "end": 200
      }
    }
  ]
}