{
  "repository_origin_url": "https://github.com/dotnet/aspnetcore.git",
  "commit_id": "e564403a7cf5e01e748f07aa4a30d1135caed1eb",
  "commit_date": "Wed, 19 Aug 2020 10:26:44 -0700",
  "commit_message": "Broaden scope (#25023)\n\n",
  "conflict_file_id": 49,
  "filename": "src/SignalR/server/SignalR/test/HubConnectionHandlerTests.cs",
  "last_commit_on_a": "99b0aaeeeda3dd3f16c5e833c93d7c823d1ebd4b",
  "last_commit_on_b": "85bde1da5e957856250985dc2ae3a8de732e86ba",
  "author_info_a": {
    "name": "Ryan Brandenburg",
    "email": "rybrande@microsoft.com"
  },
  "author_info_b": {
    "name": "Brennan",
    "email": "brecon@microsoft.com"
  },
  "num_conflict_regions": 1,
  "conflict_region_spans": [
    {
      "conflict_id": 1,
      "a": {
        "start": 2807,
        "end": 2808
      },
      "base": {
        "start": 2807,
        "end": 2808
      },
      "b": {
        "start": 2807,
        "end": 2807
      }
    }
  ]
}