{
  "repository_origin_url": "https://github.com/dotnet/aspnetcore.git",
  "commit_id": "811ad997c77e1ba8324f18abbb880fbc333f401c",
  "commit_date": "Wed, 17 Mar 2021 02:18:52 -0700",
  "commit_message": "Update BlazorWasmTemplateTest.cs\n\n",
  "conflict_file_id": 4,
  "filename": "src/ProjectTemplates/BlazorTemplates.Tests/BlazorWasmTemplateTest.cs",
  "last_commit_on_a": "488f2458040a9c630c439d77744a0efa2a3f71a7",
  "last_commit_on_b": "a104f9d3c7990446326ca03d1dd777f41a6c4f53",
  "author_info_a": {
    "name": "Hao Kung",
    "email": "HaoK@users.noreply.github.com"
  },
  "author_info_b": {
    "name": "Hao Kung",
    "email": "HaoK@users.noreply.github.com"
  },
  "num_conflict_regions": 1,
  "conflict_region_spans": [
    {
      "conflict_id": 1,
      "a": {
        "start": 285,
        "end": 286
      },
      "base": {
        "start": 285,
        "end": 286
      },
      "b": {
        "start": 285,
        "end": 287
      }
    }
  ]
}