{
  "repository_origin_url": "https://github.com/dotnet/aspnetcore.git",
  "commit_id": "891af2ce10f9ac8d55e9e6230fddcacbab6d5010",
  "commit_date": "Wed, 12 Aug 2020 12:23:56 +1200",
  "commit_message": "Fix flaky keepalive ping test (#24804)\n* Fix flaky keepalive ping test\n\n* Clean up stream\n",
  "conflict_file_id": 50,
  "filename": "src/Servers/Kestrel/test/InMemory.FunctionalTests/Http2/Http2TimeoutTests.cs",
  "last_commit_on_a": "57b53214178125abc4fe5c3fc370b070ffb622f6",
  "last_commit_on_b": "229e4969662193afe17ad418b175e0a798041a78",
  "author_info_a": {
    "name": "James Newton-King",
    "email": "james@newtonking.com"
  },
  "author_info_b": {
    "name": "James Newton-King",
    "email": "james@newtonking.com"
  },
  "num_conflict_regions": 1,
  "conflict_region_spans": [
    {
      "conflict_id": 1,
      "a": {
        "start": 124,
        "end": 195
      },
      "base": {
        "start": 124,
        "end": 124
      },
      "b": {
        "start": 124,
        "end": 194
      }
    }
  ]
}