{
  "repository_origin_url": "https://github.com/dotnet/aspnetcore.git",
  "commit_id": "891af2ce10f9ac8d55e9e6230fddcacbab6d5010",
  "commit_date": "Thu, 2 Jul 2020 16:20:55 -0700",
  "commit_message": "Disable cookie name encoding/decoding. (#23579)\n\n",
  "conflict_file_id": 51,
  "filename": "src/Http/Http/src/Internal/RequestCookieCollection.cs",
  "last_commit_on_a": "8182bb16a9e2baf3d656b2212dd458689c313b99",
  "last_commit_on_b": "ad4f0a0cb658d17b6aa74e3a6733637c03cfb2c3",
  "author_info_a": {
    "name": "Chris Ross",
    "email": "Tratcher@Outlook.com"
  },
  "author_info_b": {
    "name": "Chris Ross",
    "email": "Tratcher@Outlook.com"
  },
  "num_conflict_regions": 2,
  "conflict_region_spans": [
    {
      "conflict_id": 1,
      "a": {
        "start": 64,
        "end": 67
      },
      "base": {
        "start": 64,
        "end": 64
      },
      "b": {
        "start": 64,
        "end": 67
      }
    },
    {
      "conflict_id": 2,
      "a": {
        "start": 85,
        "end": 86
      },
      "base": {
        "start": 82,
        "end": 83
      },
      "b": {
        "start": 85,
        "end": 90
      }
    }
  ]
}