{
  "repository_origin_url": "https://github.com/dotnet/aspnetcore.git",
  "commit_id": "891af2ce10f9ac8d55e9e6230fddcacbab6d5010",
  "commit_date": "Thu, 2 Jul 2020 16:20:55 -0700",
  "commit_message": "Disable cookie name encoding/decoding. (#23579)\n\n",
  "conflict_file_id": 52,
  "filename": "src/Http/Http/test/RequestCookiesCollectionTests.cs",
  "last_commit_on_a": "8182bb16a9e2baf3d656b2212dd458689c313b99",
  "last_commit_on_b": "ad4f0a0cb658d17b6aa74e3a6733637c03cfb2c3",
  "author_info_a": {
    "name": "Chris Ross",
    "email": "Tratcher@Outlook.com"
  },
  "author_info_b": {
    "name": "Chris Ross",
    "email": "Tratcher@Outlook.com"
  },
  "num_conflict_regions": 4,
  "conflict_region_spans": [
    {
      "conflict_id": 1,
      "a": {
        "start": 13,
        "end": 20
      },
      "base": {
        "start": 13,
        "end": 14
      },
      "b": {
        "start": 13,
        "end": 21
      }
    },
    {
      "conflict_id": 2,
      "a": {
        "start": 21,
        "end": 26
      },
      "base": {
        "start": 15,
        "end": 27
      },
      "b": {
        "start": 22,
        "end": 27
      }
    },
    {
      "conflict_id": 3,
      "a": {
        "start": 29,
        "end": 35
      },
      "base": {
        "start": 30,
        "end": 35
      },
      "b": {
        "start": 30,
        "end": 37
      }
    },
    {
      "conflict_id": 4,
      "a": {
        "start": 36,
        "end": 37
      },
      "base": {
        "start": 36,
        "end": 37
      },
      "b": {
        "start": 38,
        "end": 39
      }
    }
  ]
}