{
  "repository_origin_url": "https://github.com/dotnet/aspnetcore.git",
  "commit_id": "1b31674458c32c3b71b71d2b58e3006810930a14",
  "commit_date": "Thu, 16 Jul 2020 21:37:46 +0000",
  "commit_message": "Merged PR 9042: [3.1] Pass RequestAborted to SendFileAsync\nThis is the 3.1 version of https://dev.azure.com/dnceng/internal/_git/dotnet-aspnetcore/pullrequest/9014.\n\nThe concerns in 3.1 are slightly different than prior versions due to a significant redesign in how the response body was handled.\n\nIn 2.1 very few components implemented IHttpSendFileFeature, and most of those that did would eagerly terminate if the request aborted (e.g. HttpSys server). We mainly had to be concerned about the fallback code that did a copy loop when IHttpSendFileFeature wasn't available.\n\nIn 3.x the response body Stream, PipeWriter, and SendFileAsync were consolidated onto the new IHttpResponseBodyFeature. Now all servers and component shims support all three ways to send data and we can't make any assumptions about how eagerly they terminate. E.g. many components implemented SendFileAsync using a fallback copy loop, and these components don't have access to RequestAborted to eagerly terminate. This means that in 3.1 we need to pass the RequestAborted token when calling IHttpSendFileFeature.SendFileAsync, as well as any copy loops that have access to the token.\n\nI've primarily fixed the HttpResponse.SendFileAsync extension methods and made sure the other affected components call through here.\n\n[Infrastructure side note]\nThis commit needs to be rebased on internal/release/3.1 before merging. That branch can't be built locally so I developed this fix based on release/3.1 instead.\n\n",
  "conflict_file_id": 54,
  "filename": "src/Http/Http.Extensions/src/SendFileResponseExtensions.cs",
  "last_commit_on_a": "07b8318db0ec2d9cf05a8ab2a24847342746a664",
  "last_commit_on_b": "bccd1ea5e8d4dbd4f1367946b22ea60efffd7b50",
  "author_info_a": {
    "name": "Chris Ross (ASP.NET)",
    "email": "chrross@microsoft.com"
  },
  "author_info_b": {
    "name": "Chris Ross (ASP.NET)",
    "email": "chrross@microsoft.com"
  },
  "num_conflict_regions": 5,
  "conflict_region_spans": [
    {
      "conflict_id": 1,
      "a": {
        "start": 114,
        "end": 130
      },
      "base": {
        "start": 114,
        "end": 124
      },
      "b": {
        "start": 114,
        "end": 116
      }
    },
    {
      "conflict_id": 2,
      "a": {
        "start": 141,
        "end": 144
      },
      "base": {
        "start": 135,
        "end": 140
      },
      "b": {
        "start": 127,
        "end": 133
      }
    },
    {
      "conflict_id": 3,
      "a": {
        "start": 145,
        "end": 146
      },
      "base": {
        "start": 141,
        "end": 162
      },
      "b": {
        "start": 134,
        "end": 147
      }
    },
    {
      "conflict_id": 4,
      "a": {
        "start": 147,
        "end": 148
      },
      "base": {
        "start": 163,
        "end": 169
      },
      "b": {
        "start": 148,
        "end": 183
      }
    },
    {
      "conflict_id": 5,
      "a": {
        "start": 149,
        "end": 150
      },
      "base": {
        "start": 170,
        "end": 170
      },
      "b": {
        "start": 184,
        "end": 185
      }
    }
  ]
}