{
  "repository_origin_url": "https://github.com/dotnet/aspnetcore.git",
  "commit_id": "e0c1593846129b823164f9151df021b5803a806a",
  "commit_date": "Thu, 6 Aug 2020 18:03:18 -0700",
  "commit_message": "Add trx logger and upload trx files\n\n",
  "conflict_file_id": 55,
  "filename": "eng/helix/content/RunTests/TestRunner.cs",
  "last_commit_on_a": "3d85085c5a855f392cb82a767a33a41da2fd67c2",
  "last_commit_on_b": "130ec438fd8c5fecdb0d6fcaac4ee52d10b1687f",
  "author_info_a": {
    "name": "Hao Kung",
    "email": "HaoK@users.noreply.github.com"
  },
  "author_info_b": {
    "name": "Hao Kung",
    "email": "HaoK@users.noreply.github.com"
  },
  "num_conflict_regions": 2,
  "conflict_region_spans": [
    {
      "conflict_id": 1,
      "a": {
        "start": 250,
        "end": 251
      },
      "base": {
        "start": 250,
        "end": 251
      },
      "b": {
        "start": 250,
        "end": 251
      }
    },
    {
      "conflict_id": 2,
      "a": {
        "start": 332,
        "end": 360
      },
      "base": {
        "start": 332,
        "end": 332
      },
      "b": {
        "start": 332,
        "end": 348
      }
    }
  ]
}