{
  "repository_origin_url": "https://github.com/dotnet/aspnetcore.git",
  "commit_id": "e0c1593846129b823164f9151df021b5803a806a",
  "commit_date": "Fri, 31 Jul 2020 22:04:48 +0100",
  "commit_message": "Remove Blazor internal profiling infrastructure (#24468)\n* Put back InternalCalls\n\n* Removing .NET profiling calls\n\n* Remove JS side profiling\n",
  "conflict_file_id": 56,
  "filename": "src/Components/Components/src/RenderTree/RenderTreeDiffBuilder.cs",
  "last_commit_on_a": "870f27ce7107869cdc8aba36e85cabaa5ad673c3",
  "last_commit_on_b": "38e166fd590dc32bdf13adc3f45b74c318aee453",
  "author_info_a": {
    "name": "Steve Sanderson",
    "email": "SteveSandersonMS@users.noreply.github.com"
  },
  "author_info_b": {
    "name": "Steve Sanderson",
    "email": "SteveSandersonMS@users.noreply.github.com"
  },
  "num_conflict_regions": 1,
  "conflict_region_spans": [
    {
      "conflict_id": 1,
      "a": {
        "start": 924,
        "end": 927
      },
      "base": {
        "start": 924,
        "end": 927
      },
      "b": {
        "start": 924,
        "end": 927
      }
    }
  ]
}