{
  "repository_origin_url": "https://github.com/dotnet/aspnetcore.git",
  "commit_id": "e0c1593846129b823164f9151df021b5803a806a",
  "commit_date": "Mon, 3 Aug 2020 06:54:03 -0700",
  "commit_message": "Dipping toes into linker friendliness (#24458)\n- Annotated UseMiddleware and UseStartup to preserve constructors and public methods.\n- Annotated UseHub and MapHub preserve constructors and public methods.\n- Added a test to verify UseStartup and UseMiddleware works\n- The linker.xml preserves constructors all of the types that are registered in DI. This should be removed once we get the linker friendly DI changes.\n",
  "conflict_file_id": 57,
  "filename": "src/Hosting/Hosting/src/GenericHost/GenericWebHostBuilder.cs",
  "last_commit_on_a": "2a7702b4b8e23323d1813b5fc65c5c71abb25ae8",
  "last_commit_on_b": "cfd20ad2d71ff63dc9a06be8bf8628321e5bac99",
  "author_info_a": {
    "name": "David Fowler",
    "email": "davidfowl@gmail.com"
  },
  "author_info_b": {
    "name": "David Fowler",
    "email": "davidfowl@gmail.com"
  },
  "num_conflict_regions": 1,
  "conflict_region_spans": [
    {
      "conflict_id": 1,
      "a": {
        "start": 237,
        "end": 238
      },
      "base": {
        "start": 237,
        "end": 238
      },
      "b": {
        "start": 237,
        "end": 239
      }
    }
  ]
}