{
  "repository_origin_url": "https://github.com/dotnet/aspnetcore.git",
  "commit_id": "e0c1593846129b823164f9151df021b5803a806a",
  "commit_date": "Fri, 31 Jul 2020 22:04:48 +0100",
  "commit_message": "Remove Blazor internal profiling infrastructure (#24468)\n* Put back InternalCalls\n\n* Removing .NET profiling calls\n\n* Remove JS side profiling\n",
  "conflict_file_id": 58,
  "filename": "src/Components/Components/src/Rendering/RenderTreeBuilder.cs",
  "last_commit_on_a": "870f27ce7107869cdc8aba36e85cabaa5ad673c3",
  "last_commit_on_b": "f05827484e4a0e6953a486072cecf3f5d5264052",
  "author_info_a": {
    "name": "Steve Sanderson",
    "email": "SteveSandersonMS@users.noreply.github.com"
  },
  "author_info_b": {
    "name": "Steve Sanderson",
    "email": "SteveSandersonMS@users.noreply.github.com"
  },
  "num_conflict_regions": 15,
  "conflict_region_spans": [
    {
      "conflict_id": 1,
      "a": {
        "start": 7,
        "end": 8
      },
      "base": {
        "start": 7,
        "end": 9
      },
      "b": {
        "start": 7,
        "end": 7
      }
    },
    {
      "conflict_id": 2,
      "a": {
        "start": 56,
        "end": 57
      },
      "base": {
        "start": 57,
        "end": 59
      },
      "b": {
        "start": 55,
        "end": 57
      }
    },
    {
      "conflict_id": 3,
      "a": {
        "start": 74,
        "end": 76
      },
      "base": {
        "start": 76,
        "end": 79
      },
      "b": {
        "start": 74,
        "end": 75
      }
    },
    {
      "conflict_id": 4,
      "a": {
        "start": 85,
        "end": 86
      },
      "base": {
        "start": 88,
        "end": 91
      },
      "b": {
        "start": 84,
        "end": 86
      }
    },
    {
      "conflict_id": 5,
      "a": {
        "start": 95,
        "end": 96
      },
      "base": {
        "start": 100,
        "end": 103
      },
      "b": {
        "start": 95,
        "end": 97
      }
    },
    {
      "conflict_id": 6,
      "a": {
        "start": 164,
        "end": 165
      },
      "base": {
        "start": 171,
        "end": 173
      },
      "b": {
        "start": 165,
        "end": 167
      }
    },
    {
      "conflict_id": 7,
      "a": {
        "start": 413,
        "end": 414
      },
      "base": {
        "start": 421,
        "end": 423
      },
      "b": {
        "start": 415,
        "end": 416
      }
    },
    {
      "conflict_id": 8,
      "a": {
        "start": 419,
        "end": 420
      },
      "base": {
        "start": 428,
        "end": 430
      },
      "b": {
        "start": 421,
        "end": 423
      }
    },
    {
      "conflict_id": 9,
      "a": {
        "start": 472,
        "end": 473
      },
      "base": {
        "start": 482,
        "end": 484
      },
      "b": {
        "start": 475,
        "end": 476
      }
    },
    {
      "conflict_id": 10,
      "a": {
        "start": 543,
        "end": 544
      },
      "base": {
        "start": 554,
        "end": 556
      },
      "b": {
        "start": 546,
        "end": 548
      }
    },
    {
      "conflict_id": 11,
      "a": {
        "start": 561,
        "end": 563
      },
      "base": {
        "start": 573,
        "end": 576
      },
      "b": {
        "start": 565,
        "end": 566
      }
    },
    {
      "conflict_id": 12,
      "a": {
        "start": 577,
        "end": 578
      },
      "base": {
        "start": 590,
        "end": 592
      },
      "b": {
        "start": 580,
        "end": 582
      }
    },
    {
      "conflict_id": 13,
      "a": {
        "start": 599,
        "end": 600
      },
      "base": {
        "start": 613,
        "end": 615
      },
      "b": {
        "start": 603,
        "end": 605
      }
    },
    {
      "conflict_id": 14,
      "a": {
        "start": 617,
        "end": 618
      },
      "base": {
        "start": 632,
        "end": 634
      },
      "b": {
        "start": 622,
        "end": 624
      }
    },
    {
      "conflict_id": 15,
      "a": {
        "start": 627,
        "end": 629
      },
      "base": {
        "start": 643,
        "end": 646
      },
      "b": {
        "start": 633,
        "end": 634
      }
    }
  ]
}