{
  "repository_origin_url": "https://github.com/dotnet/aspnetcore.git",
  "commit_id": "e75a5c166afa91163628b4454a54202143bcea0f",
  "commit_date": "Wed, 5 Aug 2020 16:39:36 +0100",
  "commit_message": "Speed up multiple attributes overwrite detection. Fixes #24467 (#24561)\n\n",
  "conflict_file_id": 59,
  "filename": "src/Components/Components/src/Rendering/RenderTreeBuilder.cs",
  "last_commit_on_a": "f05827484e4a0e6953a486072cecf3f5d5264052",
  "last_commit_on_b": "b654051748e3082ab35b9d82b14a4dd8a4ca8deb",
  "author_info_a": {
    "name": "Steve Sanderson",
    "email": "SteveSandersonMS@users.noreply.github.com"
  },
  "author_info_b": {
    "name": "Pranav K",
    "email": "prkrishn@hotmail.com"
  },
  "num_conflict_regions": 15,
  "conflict_region_spans": [
    {
      "conflict_id": 1,
      "a": {
        "start": 7,
        "end": 7
      },
      "base": {
        "start": 7,
        "end": 9
      },
      "b": {
        "start": 7,
        "end": 8
      }
    },
    {
      "conflict_id": 2,
      "a": {
        "start": 55,
        "end": 57
      },
      "base": {
        "start": 57,
        "end": 59
      },
      "b": {
        "start": 56,
        "end": 57
      }
    },
    {
      "conflict_id": 3,
      "a": {
        "start": 74,
        "end": 75
      },
      "base": {
        "start": 76,
        "end": 79
      },
      "b": {
        "start": 74,
        "end": 76
      }
    },
    {
      "conflict_id": 4,
      "a": {
        "start": 84,
        "end": 86
      },
      "base": {
        "start": 88,
        "end": 91
      },
      "b": {
        "start": 85,
        "end": 86
      }
    },
    {
      "conflict_id": 5,
      "a": {
        "start": 95,
        "end": 97
      },
      "base": {
        "start": 100,
        "end": 103
      },
      "b": {
        "start": 95,
        "end": 96
      }
    },
    {
      "conflict_id": 6,
      "a": {
        "start": 165,
        "end": 167
      },
      "base": {
        "start": 171,
        "end": 173
      },
      "b": {
        "start": 164,
        "end": 165
      }
    },
    {
      "conflict_id": 7,
      "a": {
        "start": 415,
        "end": 416
      },
      "base": {
        "start": 421,
        "end": 423
      },
      "b": {
        "start": 413,
        "end": 414
      }
    },
    {
      "conflict_id": 8,
      "a": {
        "start": 421,
        "end": 423
      },
      "base": {
        "start": 428,
        "end": 430
      },
      "b": {
        "start": 419,
        "end": 420
      }
    },
    {
      "conflict_id": 9,
      "a": {
        "start": 475,
        "end": 476
      },
      "base": {
        "start": 482,
        "end": 484
      },
      "b": {
        "start": 472,
        "end": 473
      }
    },
    {
      "conflict_id": 10,
      "a": {
        "start": 546,
        "end": 548
      },
      "base": {
        "start": 554,
        "end": 556
      },
      "b": {
        "start": 543,
        "end": 544
      }
    },
    {
      "conflict_id": 11,
      "a": {
        "start": 565,
        "end": 566
      },
      "base": {
        "start": 573,
        "end": 576
      },
      "b": {
        "start": 561,
        "end": 563
      }
    },
    {
      "conflict_id": 12,
      "a": {
        "start": 580,
        "end": 582
      },
      "base": {
        "start": 590,
        "end": 592
      },
      "b": {
        "start": 577,
        "end": 578
      }
    },
    {
      "conflict_id": 13,
      "a": {
        "start": 603,
        "end": 605
      },
      "base": {
        "start": 613,
        "end": 615
      },
      "b": {
        "start": 599,
        "end": 600
      }
    },
    {
      "conflict_id": 14,
      "a": {
        "start": 622,
        "end": 624
      },
      "base": {
        "start": 632,
        "end": 634
      },
      "b": {
        "start": 617,
        "end": 618
      }
    },
    {
      "conflict_id": 15,
      "a": {
        "start": 633,
        "end": 634
      },
      "base": {
        "start": 643,
        "end": 646
      },
      "b": {
        "start": 627,
        "end": 629
      }
    }
  ]
}