{
  "repository_origin_url": "https://github.com/dotnet/aspnetcore.git",
  "commit_id": "811ad997c77e1ba8324f18abbb880fbc333f401c",
  "commit_date": "Tue, 16 Mar 2021 15:24:03 -0700",
  "commit_message": "Add logging\n\n",
  "conflict_file_id": 5,
  "filename": "src/ProjectTemplates/BlazorTemplates.Tests/BlazorServerTemplateTest.cs",
  "last_commit_on_a": "e856f9e651924170726d399ea1db453fccffe2e2",
  "last_commit_on_b": "a104f9d3c7990446326ca03d1dd777f41a6c4f53",
  "author_info_a": {
    "name": "Hao Kung",
    "email": "HaoK@users.noreply.github.com"
  },
  "author_info_b": {
    "name": "Hao Kung",
    "email": "HaoK@users.noreply.github.com"
  },
  "num_conflict_regions": 1,
  "conflict_region_spans": [
    {
      "conflict_id": 1,
      "a": {
        "start": 96,
        "end": 97
      },
      "base": {
        "start": 96,
        "end": 97
      },
      "b": {
        "start": 96,
        "end": 98
      }
    }
  ]
}