{
  "repository_origin_url": "https://github.com/dotnet/aspnetcore.git",
  "commit_id": "e1fcdcaa863dd9cfa72854f164b70ce62340c6c0",
  "commit_date": "Tue, 21 Jul 2020 12:37:20 -0700",
  "commit_message": "[release/5.0-preview8] Update dependencies from dotnet/arcade (#23979)\n* Update dependencies from https://github.com/dotnet/arcade build 20200714.3\n\nMicrosoft.DotNet.GenAPI , Microsoft.DotNet.Helix.Sdk , Microsoft.DotNet.Arcade.Sdk\n From Version 5.0.0-beta.20330.3 -> To Version 5.0.0-beta.20364.3\n\n* Update DotNetMuxerTests.cs\n\n- skip failing test\n\nCo-authored-by: dotnet-maestro[bot] <dotnet-maestro[bot]@users.noreply.github.com>\nCo-authored-by: Doug Bunting <6431421+dougbu@users.noreply.github.com>\n",
  "conflict_file_id": 60,
  "filename": "src/Shared/test/Shared.Tests/DotNetMuxerTests.cs",
  "last_commit_on_a": "406fe1b47d7614006d273cb9ef5cfd7708e383d2",
  "last_commit_on_b": "6ec9940b166c5006805dfc39cfd65eef5be3e27c",
  "author_info_a": {
    "name": "dotnet-maestro[bot]",
    "email": "42748379+dotnet-maestro[bot]@users.noreply.github.com"
  },
  "author_info_b": {
    "name": "dotnet-maestro[bot]",
    "email": "42748379+dotnet-maestro[bot]@users.noreply.github.com"
  },
  "num_conflict_regions": 1,
  "conflict_region_spans": [
    {
      "conflict_id": 1,
      "a": {
        "start": 13,
        "end": 14
      },
      "base": {
        "start": 13,
        "end": 14
      },
      "b": {
        "start": 13,
        "end": 14
      }
    }
  ]
}