{
  "repository_origin_url": "https://github.com/dotnet/aspnetcore.git",
  "commit_id": "537ab96eb2762bbbba9290da943890a9c0849fa1",
  "commit_date": "Mon, 20 Jul 2020 20:33:04 +0000",
  "commit_message": "Tests, tweaks, and other follow-ups to lazy-loading (#23947)\n* Render 'OnNavigateError' fragment on unhandled exception in OnNavigateAsync\n\n* Address first round of feedback from peer review\n\n* Refactor OnNavigateAsync handling and fix tests\n\n* Make OnNavigateAsync cancellation cooperative with user tasks\n\n* Fix aggressive re-rendering and cancellation handling\n\n* Fix up tests based on peer review\n",
  "conflict_file_id": 61,
  "filename": "src/Components/Components/test/Routing/RouterTest.cs",
  "last_commit_on_a": "0a611656982348d23000ed5c45f92aec074b33ea",
  "last_commit_on_b": "2c66f9ee64553afc01f4839c169cee297b6376ed",
  "author_info_a": {
    "name": "Safia Abdalla",
    "email": "safia@microsoft.com"
  },
  "author_info_b": {
    "name": "Adrian Wright",
    "email": "adrian@compiledcoding.co.uk"
  },
  "num_conflict_regions": 1,
  "conflict_region_spans": [
    {
      "conflict_id": 1,
      "a": {
        "start": 226,
        "end": 228
      },
      "base": {
        "start": 226,
        "end": 234
      },
      "b": {
        "start": 226,
        "end": 234
      }
    }
  ]
}