{
  "repository_origin_url": "https://github.com/dotnet/aspnetcore.git",
  "commit_id": "a494961c3bfef48f3783cbd317fbca1497b43c11",
  "commit_date": "Tue, 14 Jul 2020 17:17:04 -0700",
  "commit_message": "Add sharedfx and targeting pack tests (#23045) (#23070)\n* Add sharedfx and targeting pack tests (#23045)\n\n* Add test for assembly versions\n\n* Add test for framework list\n\n* Add some hardcoded lists for sharedfx and targeting pack content\n\n* Fix failing tests\n\n* Fix targeting pack tests\n\n* Feedback\n",
  "conflict_file_id": 63,
  "filename": "src/Framework/test/TestData.cs",
  "last_commit_on_a": "d101de8d1c50e6e8528fadddc7dca24fc88ffa53",
  "last_commit_on_b": "c83fd8951a166aac364fde375343cb9fe78e5603",
  "author_info_a": {
    "name": "John Luo",
    "email": "johluo@microsoft.com"
  },
  "author_info_b": {
    "name": "John Luo",
    "email": "johluo@microsoft.com"
  },
  "num_conflict_regions": 1,
  "conflict_region_spans": [
    {
      "conflict_id": 1,
      "a": {
        "start": 13,
        "end": 293
      },
      "base": {
        "start": 13,
        "end": 13
      },
      "b": {
        "start": 13,
        "end": 283
      }
    }
  ]
}