{
  "repository_origin_url": "https://github.com/dotnet/aspnetcore.git",
  "commit_id": "de034feb981d30c3b5d0a426bd9457712d33e98a",
  "commit_date": "Fri, 3 Jul 2020 17:20:17 -0700",
  "commit_message": "Add support for gzip compression during build and publish (#23611)\n* Add support for gzip compression during build and publish\n\n3.2 shipped with gzip compression during build and publish. During the port to 5.0, the build and publish\npipeline was different and ended up only during brotli compression during publish. However, during build\nthe app size is now up to 20MB. Statically compressing runtime assets during build reduces the payload size\nto about 8.5 MB. This should help with faster initial boot ups and perception.\n\n* Quarantine test\n\n* More quarantine\n",
  "conflict_file_id": 64,
  "filename": "src/Razor/Microsoft.NET.Sdk.Razor/integrationtests/Wasm/WasmPublishIntegrationTest.cs",
  "last_commit_on_a": "499a3bcdc1ae9c765afdaddf74edaa50a59d537d",
  "last_commit_on_b": "9a4e6cf97c5adc4ae64da15f4988d10d757cdc05",
  "author_info_a": {
    "name": "Pranav K",
    "email": "prkrishn@hotmail.com"
  },
  "author_info_b": {
    "name": "Pranav K",
    "email": "prkrishn@hotmail.com"
  },
  "num_conflict_regions": 2,
  "conflict_region_spans": [
    {
      "conflict_id": 1,
      "a": {
        "start": 360,
        "end": 361
      },
      "base": {
        "start": 360,
        "end": 360
      },
      "b": {
        "start": 360,
        "end": 361
      }
    },
    {
      "conflict_id": 2,
      "a": {
        "start": 553,
        "end": 554
      },
      "base": {
        "start": 552,
        "end": 552
      },
      "b": {
        "start": 553,
        "end": 554
      }
    }
  ]
}