{
  "repository_origin_url": "https://github.com/dotnet/aspnetcore.git",
  "commit_id": "8e8f0b447b420ff3342f0d93c403fc7ff7f01f5f",
  "commit_date": "Thu, 25 Jun 2020 14:32:43 -0700",
  "commit_message": "Annotate Components.Forms \\ Components.Web \\ Component.Server with nullable attributes (#23204) (#23355)\n* Annotate Components.Forms \\ Components.Web with nullable attributes\nContributes to https://github.com/dotnet/aspnetcore/issues/5680\n\n* Fixup\n\n* Fixup rebase\n\n* Undo nullable\n\n* Fixup\n",
  "conflict_file_id": 65,
  "filename": "src/Components/Web/ref/Microsoft.AspNetCore.Components.Web.netstandard2.0.cs",
  "last_commit_on_a": "1f56e8273269b1d61bbe031609599bc0dbcf2716",
  "last_commit_on_b": "36c6c2c2a6af84659cf03be4265d82103682a062",
  "author_info_a": {
    "name": "Pranav K",
    "email": "prkrishn@hotmail.com"
  },
  "author_info_b": {
    "name": "Mackinnon Buck",
    "email": "mackinnon.buck@gmail.com"
  },
  "num_conflict_regions": 1,
  "conflict_region_spans": [
    {
      "conflict_id": 1,
      "a": {
        "start": 13,
        "end": 16
      },
      "base": {
        "start": 13,
        "end": 16
      },
      "b": {
        "start": 13,
        "end": 24
      }
    }
  ]
}