{
  "repository_origin_url": "https://github.com/dotnet/aspnetcore.git",
  "commit_id": "afb1f4814392343b6105b774a5ed51f220562840",
  "commit_date": "Tue, 28 Apr 2020 20:58:38 +0100",
  "commit_message": "Make GetKnownHttpScheme \"safe\" (#21204)\n\n",
  "conflict_file_id": 67,
  "filename": "src/Servers/Kestrel/Core/src/Internal/Infrastructure/HttpUtilities.cs",
  "last_commit_on_a": "8b2f8088e926c6559a73a57f1c17a2b2e856f1be",
  "last_commit_on_b": "dcd1250f43a6d36e074ec5b41216ebb8976aec27",
  "author_info_a": {
    "name": "Ben Adams",
    "email": "thundercat@illyriad.co.uk"
  },
  "author_info_b": {
    "name": "Justin Kotalik",
    "email": "jukotali@microsoft.com"
  },
  "num_conflict_regions": 1,
  "conflict_region_spans": [
    {
      "conflict_id": 1,
      "a": {
        "start": 136,
        "end": 214
      },
      "base": {
        "start": 136,
        "end": 197
      },
      "b": {
        "start": 136,
        "end": 138
      }
    }
  ]
}