{
  "repository_origin_url": "https://github.com/dotnet/aspnetcore.git",
  "commit_id": "afb1f4814392343b6105b774a5ed51f220562840",
  "commit_date": "Fri, 22 Nov 2019 15:35:47 -0800",
  "commit_message": "Pool HttpSys request buffers  (#17314)\n\n",
  "conflict_file_id": 68,
  "filename": "src/Shared/HttpSys/RequestProcessing/HeaderEncoding.cs",
  "last_commit_on_a": "ca23b1a325a9c65ff9c375f15c03a18af08ca0bd",
  "last_commit_on_b": "dcd1250f43a6d36e074ec5b41216ebb8976aec27",
  "author_info_a": {
    "name": "Chris Ross",
    "email": "Tratcher@Outlook.com"
  },
  "author_info_b": {
    "name": "Justin Kotalik",
    "email": "jukotali@microsoft.com"
  },
  "num_conflict_regions": 1,
  "conflict_region_spans": [
    {
      "conflict_id": 1,
      "a": {
        "start": 16,
        "end": 17
      },
      "base": {
        "start": 16,
        "end": 26
      },
      "b": {
        "start": 16,
        "end": 24
      }
    }
  ]
}