{
  "repository_origin_url": "https://github.com/dotnet/aspnetcore.git",
  "commit_id": "84831fba9bacdc6016baf0ed23c5b6dc1390d7d0",
  "commit_date": "Thu, 11 Jun 2020 09:30:26 -0700",
  "commit_message": "Quarantining CanDispatchAsyncWorkToSyncContext (#22803)\n* Quarantining CanDispatchAsyncWorkToSyncContext\n\n* Missing using\n\n* Make method virtual\n",
  "conflict_file_id": 69,
  "filename": "src/Components/test/E2ETest/ServerExecutionTests/ServerComponentRenderingTest.cs",
  "last_commit_on_a": "5f26302eaa702fedd8f40a5839b7cff69b3e4713",
  "last_commit_on_b": "4192a023f550e375b4468ed72482d4ef5a0083f7",
  "author_info_a": {
    "name": "S\u00e9bastien Ros",
    "email": "sebastienros@gmail.com"
  },
  "author_info_b": {
    "name": "Artak",
    "email": "34246760+mkArtakMSFT@users.noreply.github.com"
  },
  "num_conflict_regions": 1,
  "conflict_region_spans": [
    {
      "conflict_id": 1,
      "a": {
        "start": 38,
        "end": 43
      },
      "base": {
        "start": 38,
        "end": 38
      },
      "b": {
        "start": 38,
        "end": 43
      }
    }
  ]
}