{
  "repository_origin_url": "https://github.com/dotnet/aspnetcore.git",
  "commit_id": "44cfcbfcb6378de5f9a1ae6e06baedffb017079a",
  "commit_date": "Fri, 12 Mar 2021 23:11:33 -0800",
  "commit_message": "Try splitting createbuildpublish from run\n\n",
  "conflict_file_id": 6,
  "filename": "src/ProjectTemplates/BlazorTemplates.Tests/BlazorWasmTemplateTest.cs",
  "last_commit_on_a": "0c1a6905b194dbbff19a358d62ac4df1d9e5636f",
  "last_commit_on_b": "fc1257a21155b44c054cfa57de31bd4d6a0863b7",
  "author_info_a": {
    "name": "Hao Kung",
    "email": "HaoK@users.noreply.github.com"
  },
  "author_info_b": {
    "name": "Justin Kotalik",
    "email": "jukotali@microsoft.com"
  },
  "num_conflict_regions": 2,
  "conflict_region_spans": [
    {
      "conflict_id": 1,
      "a": {
        "start": 217,
        "end": 267
      },
      "base": {
        "start": 217,
        "end": 275
      },
      "b": {
        "start": 217,
        "end": 276
      }
    },
    {
      "conflict_id": 2,
      "a": {
        "start": 483,
        "end": 485
      },
      "base": {
        "start": 491,
        "end": 510
      },
      "b": {
        "start": 492,
        "end": 512
      }
    }
  ]
}