{
  "repository_origin_url": "https://github.com/dotnet/aspnetcore.git",
  "commit_id": "71853a464075c6941c56b43c528b4f556ebc19d3",
  "commit_date": "Wed, 27 May 2020 15:31:20 -0700",
  "commit_message": "Changes to build in master\n* Cleanup bad merge\n* Update to dotnet-serve that supports arbitrary ports\n\n",
  "conflict_file_id": 70,
  "filename": "src/ProjectTemplates/test/ByteOrderMarkTest.cs",
  "last_commit_on_a": "592dfe165b6fccb65accd20c3581a430b987127d",
  "last_commit_on_b": "8efeefb3d17c6b20aaa6d2f7555c1ec41d5fe5ff",
  "author_info_a": {
    "name": "Pranav K",
    "email": "prkrishn@hotmail.com"
  },
  "author_info_b": {
    "name": "Pranav K",
    "email": "prkrishn@hotmail.com"
  },
  "num_conflict_regions": 1,
  "conflict_region_spans": [
    {
      "conflict_id": 1,
      "a": {
        "start": 24,
        "end": 26
      },
      "base": {
        "start": 24,
        "end": 25
      },
      "b": {
        "start": 24,
        "end": 26
      }
    }
  ]
}