{
  "repository_origin_url": "https://github.com/dotnet/aspnetcore.git",
  "commit_id": "4c50b6cb1643ea031ebeef7ebe9a3fd661a5bcf7",
  "commit_date": "Wed, 26 Feb 2020 12:55:41 -0800",
  "commit_message": "[Helix] Shared framework support + Templates tests (#19177)\n\n",
  "conflict_file_id": 72,
  "filename": "src/ProjectTemplates/test/ByteOrderMarkTest.cs",
  "last_commit_on_a": "4498058343d736750dfb5fb142ccbb8116380636",
  "last_commit_on_b": "8efeefb3d17c6b20aaa6d2f7555c1ec41d5fe5ff",
  "author_info_a": {
    "name": "Hao Kung",
    "email": "HaoK@users.noreply.github.com"
  },
  "author_info_b": {
    "name": "Pranav K",
    "email": "prkrishn@hotmail.com"
  },
  "num_conflict_regions": 1,
  "conflict_region_spans": [
    {
      "conflict_id": 1,
      "a": {
        "start": 23,
        "end": 25
      },
      "base": {
        "start": 23,
        "end": 24
      },
      "b": {
        "start": 23,
        "end": 25
      }
    }
  ]
}