{
  "repository_origin_url": "https://github.com/dotnet/aspnetcore.git",
  "commit_id": "4c50b6cb1643ea031ebeef7ebe9a3fd661a5bcf7",
  "commit_date": "Mon, 9 Mar 2020 14:28:51 -0700",
  "commit_message": "Quarantine Blazor-Ignitor based tests (#19667)\n\n",
  "conflict_file_id": 73,
  "filename": "src/Components/test/E2ETest/ServerExecutionTests/InteropReliabilityTests.cs",
  "last_commit_on_a": "72bb72f11c2268af13eb89b07284e5034b6372bc",
  "last_commit_on_b": "9dda113d6008e8f684961e30355e6d5f63ba596a",
  "author_info_a": {
    "name": "Pranav K",
    "email": "prkrishn@hotmail.com"
  },
  "author_info_b": {
    "name": "Pranav K",
    "email": "prkrishn@hotmail.com"
  },
  "num_conflict_regions": 1,
  "conflict_region_spans": [
    {
      "conflict_id": 1,
      "a": {
        "start": 22,
        "end": 23
      },
      "base": {
        "start": 22,
        "end": 22
      },
      "b": {
        "start": 22,
        "end": 23
      }
    }
  ]
}