{
  "repository_origin_url": "https://github.com/dotnet/aspnetcore.git",
  "commit_id": "4c50b6cb1643ea031ebeef7ebe9a3fd661a5bcf7",
  "commit_date": "Thu, 12 Dec 2019 15:05:12 +0000",
  "commit_message": "Support async main (#17673)\n\n",
  "conflict_file_id": 74,
  "filename": "src/Components/test/testassets/BasicTestApp/Program.cs",
  "last_commit_on_a": "3a93704737cceb38c4d51ae03075cf4eaad81b23",
  "last_commit_on_b": "089bb4a07296bb2b5f9fd7b037a4af347bd1c449",
  "author_info_a": {
    "name": "Steve Sanderson",
    "email": "SteveSandersonMS@users.noreply.github.com"
  },
  "author_info_b": {
    "name": "Safia Abdalla",
    "email": "safia@microsoft.com"
  },
  "num_conflict_regions": 3,
  "conflict_region_spans": [
    {
      "conflict_id": 1,
      "a": {
        "start": 6,
        "end": 9
      },
      "base": {
        "start": 6,
        "end": 7
      },
      "b": {
        "start": 6,
        "end": 21
      }
    },
    {
      "conflict_id": 2,
      "a": {
        "start": 16,
        "end": 20
      },
      "base": {
        "start": 14,
        "end": 16
      },
      "b": {
        "start": 28,
        "end": 29
      }
    },
    {
      "conflict_id": 3,
      "a": {
        "start": 44,
        "end": 64
      },
      "base": {
        "start": 40,
        "end": 43
      },
      "b": {
        "start": 53,
        "end": 95
      }
    }
  ]
}