{
  "repository_origin_url": "https://github.com/dotnet/aspnetcore.git",
  "commit_id": "8efeefb3d17c6b20aaa6d2f7555c1ec41d5fe5ff",
  "commit_date": "Tue, 3 Dec 2019 14:41:28 -0800",
  "commit_message": "Add publish test for BlazorStandalone\n\n",
  "conflict_file_id": 76,
  "filename": "src/ProjectTemplates/test/Helpers/Project.cs",
  "last_commit_on_a": "1c3ae1549e3f3137ccfafc0de4753dc358b4e441",
  "last_commit_on_b": "8232c6a4d86872ca2641c2b7379409240056aaef",
  "author_info_a": {
    "name": "Pranav K",
    "email": "prkrishn@hotmail.com"
  },
  "author_info_b": {
    "name": "Javier Calvarro Nelson",
    "email": "jacalvar@microsoft.com"
  },
  "num_conflict_regions": 1,
  "conflict_region_spans": [
    {
      "conflict_id": 1,
      "a": {
        "start": 123,
        "end": 124
      },
      "base": {
        "start": 123,
        "end": 124
      },
      "b": {
        "start": 123,
        "end": 124
      }
    }
  ]
}