{
  "repository_origin_url": "https://github.com/dotnet/aspnetcore.git",
  "commit_id": "8efeefb3d17c6b20aaa6d2f7555c1ec41d5fe5ff",
  "commit_date": "Mon, 27 Jan 2020 17:54:18 -0800",
  "commit_message": "Run Blazor E2E tests on SauceLabs (#18456)\n* Run Blazor E2E tests on SauceLabs\n\n* Added azure pipeline\n\n* update yml\n\n* Update meta\n\n* More changes\n\n",
  "conflict_file_id": 77,
  "filename": "src/Components/test/E2ETest/Infrastructure/ServerFixtures/DevHostServerFixture.cs",
  "last_commit_on_a": "24be2992dec6773a6e71839efd1cf992deba58ec",
  "last_commit_on_b": "c935e9aa2d2e0929f2258c208932b68d744d2795",
  "author_info_a": {
    "name": "Ajay Bhargav B",
    "email": "ajbaaska@microsoft.com"
  },
  "author_info_b": {
    "name": "Pranav K",
    "email": "prkrishn@hotmail.com"
  },
  "num_conflict_regions": 1,
  "conflict_region_spans": [
    {
      "conflict_id": 1,
      "a": {
        "start": 4,
        "end": 8
      },
      "base": {
        "start": 4,
        "end": 7
      },
      "b": {
        "start": 4,
        "end": 5
      }
    }
  ]
}