{
  "repository_origin_url": "https://github.com/dotnet/aspnetcore.git",
  "commit_id": "8efeefb3d17c6b20aaa6d2f7555c1ec41d5fe5ff",
  "commit_date": "Sun, 19 Jan 2020 15:51:50 -0800",
  "commit_message": "Rework of Blazor startup experience\nFixes: #16874\n\nThis is a significant simplication of our startup code model for Blazor\nwasm with the goal of removing concepts that don't make much sense here.\nPreviously in this area we've tried to be consistent with ASP.NET Core\non the server, but it's not helping up much in WASM.\n\nWe're still leveraging some of the lessons from server-size ASP.NET\n(hello CreateDefaultBuilder) but consistency is no longer a goal.\n\nThis change actually makes a bunch of scenarios better (rather than\nremoving features) - it's now possible to access services from the\napplication's DI scope and initialize them before the UI is shown\n`RunAsync`.\n\nThis change also adds configuration in a central way. There's nothing in\nthis change that populates configuration in an automatic way, that will\ncome next.\n\n",
  "conflict_file_id": 79,
  "filename": "src/Components/test/testassets/TestServer/StartupWithMapFallbackToClientSideBlazor.cs",
  "last_commit_on_a": "3111032dc074a252f1d1cbd951ecb41153bd1555",
  "last_commit_on_b": "47536a3c14943b07cab386c27f0769d54cc2a227",
  "author_info_a": {
    "name": "Ryan Nowak",
    "email": "nowakra@gmail.com"
  },
  "author_info_b": {
    "name": "Pranav K",
    "email": "prkrishn@hotmail.com"
  },
  "num_conflict_regions": 5,
  "conflict_region_spans": [
    {
      "conflict_id": 1,
      "a": {
        "start": 36,
        "end": 43
      },
      "base": {
        "start": 36,
        "end": 43
      },
      "b": {
        "start": 36,
        "end": 38
      }
    },
    {
      "conflict_id": 2,
      "a": {
        "start": 47,
        "end": 48
      },
      "base": {
        "start": 47,
        "end": 48
      },
      "b": {
        "start": 42,
        "end": 47
      }
    },
    {
      "conflict_id": 3,
      "a": {
        "start": 51,
        "end": 52
      },
      "base": {
        "start": 51,
        "end": 52
      },
      "b": {
        "start": 50,
        "end": 55
      }
    },
    {
      "conflict_id": 4,
      "a": {
        "start": 55,
        "end": 56
      },
      "base": {
        "start": 55,
        "end": 56
      },
      "b": {
        "start": 58,
        "end": 63
      }
    },
    {
      "conflict_id": 5,
      "a": {
        "start": 59,
        "end": 60
      },
      "base": {
        "start": 59,
        "end": 60
      },
      "b": {
        "start": 66,
        "end": 71
      }
    }
  ]
}