{
  "repository_origin_url": "https://github.com/dotnet/aspnetcore.git",
  "commit_id": "8efeefb3d17c6b20aaa6d2f7555c1ec41d5fe5ff",
  "commit_date": "Mon, 27 Jan 2020 17:54:18 -0800",
  "commit_message": "Run Blazor E2E tests on SauceLabs (#18456)\n* Run Blazor E2E tests on SauceLabs\n\n* Added azure pipeline\n\n* update yml\n\n* Update meta\n\n* More changes\n\n",
  "conflict_file_id": 80,
  "filename": "src/Shared/E2ETesting/BrowserFixture.cs",
  "last_commit_on_a": "24be2992dec6773a6e71839efd1cf992deba58ec",
  "last_commit_on_b": "4628dfb0052e5ac55960116d9b068fe185416576",
  "author_info_a": {
    "name": "Ajay Bhargav B",
    "email": "ajbaaska@microsoft.com"
  },
  "author_info_b": {
    "name": "Steve Sanderson",
    "email": "SteveSandersonMS@users.noreply.github.com"
  },
  "num_conflict_regions": 3,
  "conflict_region_spans": [
    {
      "conflict_id": 1,
      "a": {
        "start": 114,
        "end": 115
      },
      "base": {
        "start": 114,
        "end": 116
      },
      "b": {
        "start": 114,
        "end": 125
      }
    },
    {
      "conflict_id": 2,
      "a": {
        "start": 124,
        "end": 129
      },
      "base": {
        "start": 125,
        "end": 126
      },
      "b": {
        "start": 134,
        "end": 136
      }
    },
    {
      "conflict_id": 3,
      "a": {
        "start": 200,
        "end": 301
      },
      "base": {
        "start": 197,
        "end": 197
      },
      "b": {
        "start": 207,
        "end": 318
      }
    }
  ]
}