{
  "repository_origin_url": "https://github.com/dotnet/aspnetcore.git",
  "commit_id": "8efeefb3d17c6b20aaa6d2f7555c1ec41d5fe5ff",
  "commit_date": "Tue, 3 Dec 2019 14:29:05 -0800",
  "commit_message": "Run build and publish tests for Blazor templates (#17410)\n* Add build and publish tests for Blazor hosted\n*  Add build tests for Blazor standalone\n* Cleanup project template\n\nFixes https://github.com/aspnet/AspNetCore/issues/14866\nFixes https://github.com/aspnet/AspNetCore/issues/10269\nFixes https://github.com/aspnet/AspNetCore/issues/9168\n\n",
  "conflict_file_id": 81,
  "filename": "src/ProjectTemplates/test/Helpers/TemplatePackageInstaller.cs",
  "last_commit_on_a": "7fc46862eafc386cedda04a0b20bd707e19cd3c8",
  "last_commit_on_b": "c935e9aa2d2e0929f2258c208932b68d744d2795",
  "author_info_a": {
    "name": "Pranav K",
    "email": "prkrishn@hotmail.com"
  },
  "author_info_b": {
    "name": "Pranav K",
    "email": "prkrishn@hotmail.com"
  },
  "num_conflict_regions": 2,
  "conflict_region_spans": [
    {
      "conflict_id": 1,
      "a": {
        "start": 39,
        "end": 41
      },
      "base": {
        "start": 39,
        "end": 40
      },
      "b": {
        "start": 39,
        "end": 41
      }
    },
    {
      "conflict_id": 2,
      "a": {
        "start": 90,
        "end": 91
      },
      "base": {
        "start": 89,
        "end": 90
      },
      "b": {
        "start": 90,
        "end": 91
      }
    }
  ]
}