{
  "repository_origin_url": "https://github.com/dotnet/aspnetcore.git",
  "commit_id": "f9b41018529a39824765007e982b48d9f89d5af6",
  "commit_date": "Tue, 5 May 2020 19:18:37 -0700",
  "commit_message": "Set certificate in some Kestrel tests to avoid global machine state (#21516)\n\n",
  "conflict_file_id": 83,
  "filename": "src/Servers/Kestrel/test/BindTests/AddressRegistrationTests.cs",
  "last_commit_on_a": "88dbfaa2ab2dfbc3a9403c34d21a809db08c9f4f",
  "last_commit_on_b": "8ff1cb906d2bf937484f5cdbab2a951b82459b74",
  "author_info_a": {
    "name": "Brennan",
    "email": "brecon@microsoft.com"
  },
  "author_info_b": {
    "name": "Brennan",
    "email": "brecon@microsoft.com"
  },
  "num_conflict_regions": 1,
  "conflict_region_spans": [
    {
      "conflict_id": 1,
      "a": {
        "start": 134,
        "end": 136
      },
      "base": {
        "start": 134,
        "end": 136
      },
      "b": {
        "start": 134,
        "end": 136
      }
    }
  ]
}