{
  "repository_origin_url": "https://github.com/dotnet/aspnetcore.git",
  "commit_id": "f9b41018529a39824765007e982b48d9f89d5af6",
  "commit_date": "Tue, 12 May 2020 17:10:02 -0700",
  "commit_message": "Add .version file to shared framework zip (#21587)\n* Add .version file to shared framework zip\n\n* Fix test\n\n* Test for proper version file depending on env\n",
  "conflict_file_id": 86,
  "filename": "src/Framework/test/SharedFxTests.cs",
  "last_commit_on_a": "7c58b8b7677a668a64d88e15a367fcdd39567edc",
  "last_commit_on_b": "9e2a4809258e93e3fa5a68f3c2228894d0a245bf",
  "author_info_a": {
    "name": "William Godbe",
    "email": "wigodbe@microsoft.com"
  },
  "author_info_b": {
    "name": "William Godbe",
    "email": "wigodbe@microsoft.com"
  },
  "num_conflict_regions": 1,
  "conflict_region_spans": [
    {
      "conflict_id": 1,
      "a": {
        "start": 138,
        "end": 139
      },
      "base": {
        "start": 138,
        "end": 139
      },
      "b": {
        "start": 138,
        "end": 139
      }
    }
  ]
}