{
  "repository_origin_url": "https://github.com/dotnet/aspnetcore.git",
  "commit_id": "f9b41018529a39824765007e982b48d9f89d5af6",
  "commit_date": "Tue, 21 Apr 2020 22:48:27 -0700",
  "commit_message": "Fix use of precedence in endpoint routing DFA (#20801)\n* Fix use of precedence in endpoint routing DFA\n\nFixes: #18677\nFixes: #16579\n\nThis is a change to how sorting is use when building endpoint routing's graph of\nnodes that is eventually transformed into the route table. There were\nbugs in how this was done that made it incompatible in some niche\nscenarios both with previous implementations and how we describe the\nfeatures in the abstract.\n\nThere are a wide array of cases that might have been impacted by this\nbug because routing is a pattern language. Generally the bugs will involve a\ncatch-all, and some something that changes ordering of templates.\n\nIssue #18677 has the simplest repro for this, the following templates\nwould not behave as expected:\n\n```\na/{*b}\n{a}/{b}\n```\n\nOne would expect any URL Path starting with `/a` to match the first\nroute, but that's not what happens.\n\n---\n\nThe root cause of this bug was an issue in how the algorithm used to be\nbuild the DFA was designed. Specifically that it uses a BFS to build the\ngraph, and it uses an up-front one-time sort of endpoints in order to\ndrive that BFS.\n\nThe building of the graph has the expectation that at each level, we\nwill process **all** literal segments (`/a`) and then **all** parameter\nsegments (`/{a}`) and then **all** catch-all segments (`/{*a}`). Routing\ndefines a concept called *precedence* that defines the *conceptual*\norder in while segments types are ordered.\n\nSo there are two problems:\n\n- We sort based on criteria other than precedence (#16579)\n- We can't rely on a one-time sort, it needs to be done at each level\n(#18677)\n\n---\n\nThe fix is to repeat the sort operation at each level and use precedence\nas the only key for sorting (as dictated by the graph building algo).\n\nWe do a sort of the matches of each node *after* building the\nprecedence-based part of the DFA, based on the full sorting criteria, to\nmaintain compatibility.\n\n* Add test\n",
  "conflict_file_id": 87,
  "filename": "src/Http/Routing/src/Matching/DfaMatcherBuilder.cs",
  "last_commit_on_a": "80861f1da944e1ef593bb5dfd36e882e50de32b0",
  "last_commit_on_b": "b194b6c90af6fbc8e6667f6f70b244162928d005",
  "author_info_a": {
    "name": "Ryan Nowak",
    "email": "nowakra@gmail.com"
  },
  "author_info_b": {
    "name": "Ryan Nowak",
    "email": "nowakra@gmail.com"
  },
  "num_conflict_regions": 3,
  "conflict_region_spans": [
    {
      "conflict_id": 1,
      "a": {
        "start": 65,
        "end": 68
      },
      "base": {
        "start": 65,
        "end": 65
      },
      "b": {
        "start": 65,
        "end": 71
      }
    },
    {
      "conflict_id": 2,
      "a": {
        "start": 75,
        "end": 75
      },
      "base": {
        "start": 72,
        "end": 78
      },
      "b": {
        "start": 78,
        "end": 87
      }
    },
    {
      "conflict_id": 3,
      "a": {
        "start": 128,
        "end": 131
      },
      "base": {
        "start": 131,
        "end": 131
      },
      "b": {
        "start": 140,
        "end": 148
      }
    }
  ]
}