{
  "repository_origin_url": "https://github.com/dotnet/aspnetcore.git",
  "commit_id": "8eb7a3cffc7c2a27dafd85a968cdf59e2e1eadf0",
  "commit_date": "Tue, 24 Dec 2019 00:30:03 +0100",
  "commit_message": "Choosing the right query when selecting. Issue dotnet/extensions#1268 \\n\\nCommit migrated from https://github.com/dotnet/extensions/commit/4bead49f38ea2521c054d83862dda32da2f3c1e1\n\n",
  "conflict_file_id": 88,
  "filename": "src/Caching/SqlServer/src/MonoDatabaseOperations.cs",
  "last_commit_on_a": "5ab1b4c1778291d04094c7f6b216890ec92dc566",
  "last_commit_on_b": "682139d2ade57efb821f122a3987347827991378",
  "author_info_a": {
    "name": "MarkCBB",
    "email": "mark@markcortada.com"
  },
  "author_info_b": {
    "name": "Sam Harwell",
    "email": "Sam.Harwell@microsoft.com"
  },
  "num_conflict_regions": 1,
  "conflict_region_spans": [
    {
      "conflict_id": 1,
      "a": {
        "start": 97,
        "end": 97
      },
      "base": {
        "start": 97,
        "end": 113
      },
      "b": {
        "start": 97,
        "end": 113
      }
    }
  ]
}