{
  "repository_origin_url": "https://github.com/dotnet/aspnetcore.git",
  "commit_id": "8eb7a3cffc7c2a27dafd85a968cdf59e2e1eadf0",
  "commit_date": "Tue, 24 Dec 2019 00:13:13 +0100",
  "commit_message": "Cleaning useless code. Removing unused columns in query. Issue dotnet/extensions#1268 \\n\\nCommit migrated from https://github.com/dotnet/extensions/commit/8bafa5ff5ca16ecf6a49f17ab1c4608de19a8162\n\n",
  "conflict_file_id": 89,
  "filename": "src/Caching/SqlServer/src/DatabaseOperations.cs",
  "last_commit_on_a": "1cd4d38164f3a7777ffb155c91108e369b509afb",
  "last_commit_on_b": "682139d2ade57efb821f122a3987347827991378",
  "author_info_a": {
    "name": "MarkCBB",
    "email": "mark@markcortada.com"
  },
  "author_info_b": {
    "name": "Sam Harwell",
    "email": "Sam.Harwell@microsoft.com"
  },
  "num_conflict_regions": 1,
  "conflict_region_spans": [
    {
      "conflict_id": 1,
      "a": {
        "start": 274,
        "end": 274
      },
      "base": {
        "start": 274,
        "end": 292
      },
      "b": {
        "start": 274,
        "end": 292
      }
    }
  ]
}