{
  "repository_origin_url": "https://github.com/dotnet/aspnetcore.git",
  "commit_id": "6d1e2a8a1db41d737d3a2ed829a1aadcd93efe0c",
  "commit_date": "Wed, 13 Jan 2021 10:23:39 -0800",
  "commit_message": "Allow/ignore upgrades with bodies #17081 (#28907)\n\n",
  "conflict_file_id": 8,
  "filename": "src/Servers/Kestrel/Core/src/Internal/Http/Http1MessageBody.cs",
  "last_commit_on_a": "b9fa0c783e362f3751360eee30d08312eba6e583",
  "last_commit_on_b": "86249d5abb6b0306c7249007eb42a3e1e3619fd2",
  "author_info_a": {
    "name": "Chris Ross",
    "email": "Tratcher@Outlook.com"
  },
  "author_info_b": {
    "name": "Chris Ross",
    "email": "Tratcher@Outlook.com"
  },
  "num_conflict_regions": 1,
  "conflict_region_spans": [
    {
      "conflict_id": 1,
      "a": {
        "start": 137,
        "end": 139
      },
      "base": {
        "start": 137,
        "end": 143
      },
      "b": {
        "start": 137,
        "end": 138
      }
    }
  ]
}