{
  "repository_origin_url": "https://github.com/dotnet/aspnetcore.git",
  "commit_id": "998ebad707dc237d952ed8b3922a944c0521273f",
  "commit_date": "Wed, 15 Apr 2020 12:41:59 -0700",
  "commit_message": "Don't re-use DefaultHttpContext if IHttpContextAccessor is in use (#15049) (#20844)\n* Don't re-use DefaultHttpContext if IHttpContextAccessor is in use\n- Consumers may still get null or an ODE but will never end up with data from a different request.\n- Make sure an ODE is thrown from all properties on HttpContext after the request is over.\n",
  "conflict_file_id": 90,
  "filename": "src/Http/Http/src/DefaultHttpContext.cs",
  "last_commit_on_a": "1b99352ec7e0ee0b743d6709b063b54b9330c8e1",
  "last_commit_on_b": "a71aa8a5bc3950b8ff8abb7365051d7958023c2f",
  "author_info_a": {
    "name": "David Fowler",
    "email": "davidfowl@gmail.com"
  },
  "author_info_b": {
    "name": "Dairai Nyabando",
    "email": "dnyabando@g.harvard.edu"
  },
  "num_conflict_regions": 2,
  "conflict_region_spans": [
    {
      "conflict_id": 1,
      "a": {
        "start": 136,
        "end": 137
      },
      "base": {
        "start": 136,
        "end": 137
      },
      "b": {
        "start": 136,
        "end": 138
      }
    },
    {
      "conflict_id": 2,
      "a": {
        "start": 138,
        "end": 139
      },
      "base": {
        "start": 138,
        "end": 139
      },
      "b": {
        "start": 139,
        "end": 141
      }
    }
  ]
}