{
  "repository_origin_url": "https://github.com/dotnet/aspnetcore.git",
  "commit_id": "cc0407877fb280745c687b2051bf5843fa9c7e2b",
  "commit_date": "Thu, 9 Apr 2020 01:08:43 +0200",
  "commit_message": "[Blazor][Wasm] API review feedback (#20652)\n* UserFactory->AccountClaimsPrincipalFactory\n* Change constants to static readonly\n* Make applicationpaths provider and RemoteAuthenticatorViewCore dependencies internal\n* Change collection types, make properties get only where possible\n* Change state constraint to extend RemoteAuthenticationState\n",
  "conflict_file_id": 91,
  "filename": "src/Components/WebAssembly/WebAssembly.Authentication/src/RemoteAuthenticationBuilderExtensions.cs",
  "last_commit_on_a": "43bd9dbf3edf17d9d7621e466f15e439846c2c67",
  "last_commit_on_b": "f34ef732d2f33dd7d38d3578544d3bc4a6cdf914",
  "author_info_a": {
    "name": "Javier Calvarro Nelson",
    "email": "jacalvar@microsoft.com"
  },
  "author_info_b": {
    "name": "Javier Calvarro Nelson",
    "email": "jacalvar@microsoft.com"
  },
  "num_conflict_regions": 4,
  "conflict_region_spans": [
    {
      "conflict_id": 1,
      "a": {
        "start": 26,
        "end": 27
      },
      "base": {
        "start": 26,
        "end": 27
      },
      "b": {
        "start": 26,
        "end": 27
      }
    },
    {
      "conflict_id": 2,
      "a": {
        "start": 28,
        "end": 29
      },
      "base": {
        "start": 28,
        "end": 29
      },
      "b": {
        "start": 28,
        "end": 29
      }
    },
    {
      "conflict_id": 3,
      "a": {
        "start": 43,
        "end": 44
      },
      "base": {
        "start": 43,
        "end": 44
      },
      "b": {
        "start": 43,
        "end": 44
      }
    },
    {
      "conflict_id": 4,
      "a": {
        "start": 53,
        "end": 54
      },
      "base": {
        "start": 53,
        "end": 54
      },
      "b": {
        "start": 53,
        "end": 54
      }
    }
  ]
}