{
  "repository_origin_url": "https://github.com/dotnet/aspnetcore.git",
  "commit_id": "52065f423471069f543e978c9bbe1f92aabf1a24",
  "commit_date": "Wed, 25 Mar 2020 13:13:02 -0700",
  "commit_message": "[SignalR] Avoid deadlock with closing and user callbacks (#19612) (#19664)\n* [SignalR] Avoid deadlock with closing and user callbacks (#19612)\n\n* fb\n",
  "conflict_file_id": 94,
  "filename": "src/SignalR/clients/csharp/Client/test/UnitTests/HubConnectionTests.cs",
  "last_commit_on_a": "9514a865effc2c1d293e6e28fe940b99bb0a0b93",
  "last_commit_on_b": "f053620895fbd9577af5bb26192b0b5272ca5820",
  "author_info_a": {
    "name": "Brennan",
    "email": "brecon@microsoft.com"
  },
  "author_info_b": {
    "name": "Brennan",
    "email": "brecon@microsoft.com"
  },
  "num_conflict_regions": 1,
  "conflict_region_spans": [
    {
      "conflict_id": 1,
      "a": {
        "start": 417,
        "end": 463
      },
      "base": {
        "start": 417,
        "end": 417
      },
      "b": {
        "start": 417,
        "end": 481
      }
    }
  ]
}