{
  "repository_origin_url": "https://github.com/dotnet/aspnetcore.git",
  "commit_id": "acb4479e2bded7a28da99a7f3c1fca9bae45c010",
  "commit_date": "Wed, 12 Feb 2020 21:20:31 +0000",
  "commit_message": "Set AuthenticationMethod for first Identity external login (#18296)\n\n",
  "conflict_file_id": 95,
  "filename": "src/Identity/UI/src/Areas/Identity/Pages/V4/Account/ExternalLogin.cshtml.cs",
  "last_commit_on_a": "ccf3c4e6b8574f5e432d6c18efbb5caf5d2dbef2",
  "last_commit_on_b": "109663e078da47ae119008f21837d68caf59e37e",
  "author_info_a": {
    "name": "Kirk Larkin",
    "email": "6025110+serpent5@users.noreply.github.com"
  },
  "author_info_b": {
    "name": "Hao Kung",
    "email": "HaoK@users.noreply.github.com"
  },
  "num_conflict_regions": 1,
  "conflict_region_spans": [
    {
      "conflict_id": 1,
      "a": {
        "start": 209,
        "end": 216
      },
      "base": {
        "start": 209,
        "end": 209
      },
      "b": {
        "start": 209,
        "end": 216
      }
    }
  ]
}