{
  "repository_origin_url": "https://github.com/dotnet/aspnetcore.git",
  "commit_id": "acb4479e2bded7a28da99a7f3c1fca9bae45c010",
  "commit_date": "Tue, 18 Feb 2020 13:35:11 -0800",
  "commit_message": "Merge branch 'release/3.1' into master\n\n",
  "conflict_file_id": 96,
  "filename": "src/Identity/UI/src/Areas/Identity/Pages/V3/Account/ExternalLogin.cshtml.cs",
  "last_commit_on_a": "88073f86ff1b8d1fc80684c93170250aad71d9aa",
  "last_commit_on_b": "109663e078da47ae119008f21837d68caf59e37e",
  "author_info_a": {
    "name": "Stephen Halter",
    "email": "halter73@gmail.com"
  },
  "author_info_b": {
    "name": "Hao Kung",
    "email": "HaoK@users.noreply.github.com"
  },
  "num_conflict_regions": 1,
  "conflict_region_spans": [
    {
      "conflict_id": 1,
      "a": {
        "start": 211,
        "end": 227
      },
      "base": {
        "start": 211,
        "end": 211
      },
      "b": {
        "start": 211,
        "end": 219
      }
    }
  ]
}