{
  "repository_origin_url": "https://github.com/dotnet/aspnetcore.git",
  "commit_id": "acb4479e2bded7a28da99a7f3c1fca9bae45c010",
  "commit_date": "Thu, 5 Mar 2020 17:08:53 +1300",
  "commit_message": "Add HTTP/2 HPack static compression (#19521)\n\n",
  "conflict_file_id": 97,
  "filename": "src/Servers/Kestrel/Core/src/Internal/Http/HttpRequestHeaders.cs",
  "last_commit_on_a": "5aa86873c30f1f4643c801bd303901fb66af8b09",
  "last_commit_on_b": "7fa6d1964444b990890c18f32c0345094ff5b76f",
  "author_info_a": {
    "name": "James Newton-King",
    "email": "james@newtonking.com"
  },
  "author_info_b": {
    "name": "Stephen Halter",
    "email": "halter73@gmail.com"
  },
  "num_conflict_regions": 4,
  "conflict_region_spans": [
    {
      "conflict_id": 1,
      "a": {
        "start": 17,
        "end": 17
      },
      "base": {
        "start": 17,
        "end": 18
      },
      "b": {
        "start": 17,
        "end": 19
      }
    },
    {
      "conflict_id": 2,
      "a": {
        "start": 19,
        "end": 23
      },
      "base": {
        "start": 20,
        "end": 21
      },
      "b": {
        "start": 21,
        "end": 22
      }
    },
    {
      "conflict_id": 3,
      "a": {
        "start": 24,
        "end": 26
      },
      "base": {
        "start": 22,
        "end": 23
      },
      "b": {
        "start": 23,
        "end": 25
      }
    },
    {
      "conflict_id": 4,
      "a": {
        "start": 86,
        "end": 87
      },
      "base": {
        "start": 83,
        "end": 84
      },
      "b": {
        "start": 85,
        "end": 86
      }
    }
  ]
}