{
  "repository_origin_url": "https://github.com/dotnet/aspnetcore.git",
  "commit_id": "acb4479e2bded7a28da99a7f3c1fca9bae45c010",
  "commit_date": "Thu, 5 Mar 2020 17:08:53 +1300",
  "commit_message": "Add HTTP/2 HPack static compression (#19521)\n\n",
  "conflict_file_id": 98,
  "filename": "src/Servers/Kestrel/test/InMemory.FunctionalTests/Http2/Http2StreamTests.cs",
  "last_commit_on_a": "5aa86873c30f1f4643c801bd303901fb66af8b09",
  "last_commit_on_b": "7fa6d1964444b990890c18f32c0345094ff5b76f",
  "author_info_a": {
    "name": "James Newton-King",
    "email": "james@newtonking.com"
  },
  "author_info_b": {
    "name": "Stephen Halter",
    "email": "halter73@gmail.com"
  },
  "num_conflict_regions": 1,
  "conflict_region_spans": [
    {
      "conflict_id": 1,
      "a": {
        "start": 4585,
        "end": 4638
      },
      "base": {
        "start": 4585,
        "end": 4585
      },
      "b": {
        "start": 4585,
        "end": 4645
      }
    }
  ]
}