{
  "repository_origin_url": "https://github.com/dotnet/aspnetcore.git",
  "commit_id": "d7d647935db2b753a8d9099cb3e8caa9b03640bd",
  "commit_date": "Wed, 13 Jan 2021 10:25:45 -0800",
  "commit_message": "[release/5.0] Add option to `RazorPageGenerator` for `#line` preprocessor directives (#27765) (#29024)\n- cherry-picked from 1a241fcfc2f8 in 'master' branch\n\n- avoid new CS1504 errors because compiler can't find the ErrorPage.cshtml file\n  - we override Arcade's `$(MicrosoftCodeAnalysisCSharpVersion)`\n- use new option in GeneratePage.ps1 script\n  - script also did not know `RazorSyntaxGenerator` had moved to this repo\n- reflect latest `RazorSyntaxGenerator` processing\n  - run GeneratePage.ps1\n  - update README.md\n\nnits:\n- quote all paths in GeneratePage.ps1 script\n- remove passive voice in README.md\n",
  "conflict_file_id": 9,
  "filename": "src/Shared/ErrorPage/ErrorPage.Designer.cs",
  "last_commit_on_a": "d546861a008cc6db35c23d92d016c7d723fdbc88",
  "last_commit_on_b": "2c175f7fbddefa4cd6a9f153a4ec8728c8816a05",
  "author_info_a": {
    "name": "Doug Bunting",
    "email": "6431421+dougbu@users.noreply.github.com"
  },
  "author_info_b": {
    "name": "James Newton-King",
    "email": "james@newtonking.com"
  },
  "num_conflict_regions": 57,
  "conflict_region_spans": [
    {
      "conflict_id": 1,
      "a": {
        "start": 298,
        "end": 300
      },
      "base": {
        "start": 298,
        "end": 300
      },
      "b": {
        "start": 298,
        "end": 300
      }
    },
    {
      "conflict_id": 2,
      "a": {
        "start": 306,
        "end": 308
      },
      "base": {
        "start": 306,
        "end": 308
      },
      "b": {
        "start": 306,
        "end": 308
      }
    },
    {
      "conflict_id": 3,
      "a": {
        "start": 336,
        "end": 337
      },
      "base": {
        "start": 336,
        "end": 337
      },
      "b": {
        "start": 336,
        "end": 337
      }
    },
    {
      "conflict_id": 4,
      "a": {
        "start": 338,
        "end": 340
      },
      "base": {
        "start": 338,
        "end": 340
      },
      "b": {
        "start": 338,
        "end": 340
      }
    },
    {
      "conflict_id": 5,
      "a": {
        "start": 416,
        "end": 418
      },
      "base": {
        "start": 416,
        "end": 418
      },
      "b": {
        "start": 416,
        "end": 418
      }
    },
    {
      "conflict_id": 6,
      "a": {
        "start": 424,
        "end": 425
      },
      "base": {
        "start": 424,
        "end": 425
      },
      "b": {
        "start": 424,
        "end": 426
      }
    },
    {
      "conflict_id": 7,
      "a": {
        "start": 432,
        "end": 433
      },
      "base": {
        "start": 432,
        "end": 433
      },
      "b": {
        "start": 433,
        "end": 434
      }
    },
    {
      "conflict_id": 8,
      "a": {
        "start": 442,
        "end": 443
      },
      "base": {
        "start": 442,
        "end": 443
      },
      "b": {
        "start": 443,
        "end": 444
      }
    },
    {
      "conflict_id": 9,
      "a": {
        "start": 454,
        "end": 455
      },
      "base": {
        "start": 454,
        "end": 455
      },
      "b": {
        "start": 455,
        "end": 456
      }
    },
    {
      "conflict_id": 10,
      "a": {
        "start": 465,
        "end": 467
      },
      "base": {
        "start": 465,
        "end": 467
      },
      "b": {
        "start": 466,
        "end": 468
      }
    },
    {
      "conflict_id": 11,
      "a": {
        "start": 473,
        "end": 475
      },
      "base": {
        "start": 473,
        "end": 475
      },
      "b": {
        "start": 474,
        "end": 476
      }
    },
    {
      "conflict_id": 12,
      "a": {
        "start": 481,
        "end": 482
      },
      "base": {
        "start": 481,
        "end": 482
      },
      "b": {
        "start": 482,
        "end": 483
      }
    },
    {
      "conflict_id": 13,
      "a": {
        "start": 491,
        "end": 492
      },
      "base": {
        "start": 491,
        "end": 492
      },
      "b": {
        "start": 492,
        "end": 493
      }
    },
    {
      "conflict_id": 14,
      "a": {
        "start": 493,
        "end": 495
      },
      "base": {
        "start": 493,
        "end": 495
      },
      "b": {
        "start": 494,
        "end": 496
      }
    },
    {
      "conflict_id": 15,
      "a": {
        "start": 502,
        "end": 503
      },
      "base": {
        "start": 502,
        "end": 503
      },
      "b": {
        "start": 503,
        "end": 504
      }
    },
    {
      "conflict_id": 16,
      "a": {
        "start": 511,
        "end": 512
      },
      "base": {
        "start": 511,
        "end": 512
      },
      "b": {
        "start": 512,
        "end": 513
      }
    },
    {
      "conflict_id": 17,
      "a": {
        "start": 519,
        "end": 520
      },
      "base": {
        "start": 519,
        "end": 520
      },
      "b": {
        "start": 520,
        "end": 521
      }
    },
    {
      "conflict_id": 18,
      "a": {
        "start": 529,
        "end": 530
      },
      "base": {
        "start": 529,
        "end": 530
      },
      "b": {
        "start": 530,
        "end": 531
      }
    },
    {
      "conflict_id": 19,
      "a": {
        "start": 536,
        "end": 537
      },
      "base": {
        "start": 536,
        "end": 537
      },
      "b": {
        "start": 537,
        "end": 538
      }
    },
    {
      "conflict_id": 20,
      "a": {
        "start": 538,
        "end": 540
      },
      "base": {
        "start": 538,
        "end": 540
      },
      "b": {
        "start": 539,
        "end": 541
      }
    },
    {
      "conflict_id": 21,
      "a": {
        "start": 547,
        "end": 548
      },
      "base": {
        "start": 547,
        "end": 548
      },
      "b": {
        "start": 548,
        "end": 549
      }
    },
    {
      "conflict_id": 22,
      "a": {
        "start": 555,
        "end": 556
      },
      "base": {
        "start": 555,
        "end": 556
      },
      "b": {
        "start": 556,
        "end": 557
      }
    },
    {
      "conflict_id": 23,
      "a": {
        "start": 563,
        "end": 564
      },
      "base": {
        "start": 563,
        "end": 564
      },
      "b": {
        "start": 564,
        "end": 565
      }
    },
    {
      "conflict_id": 24,
      "a": {
        "start": 572,
        "end": 573
      },
      "base": {
        "start": 572,
        "end": 573
      },
      "b": {
        "start": 573,
        "end": 574
      }
    },
    {
      "conflict_id": 25,
      "a": {
        "start": 580,
        "end": 581
      },
      "base": {
        "start": 580,
        "end": 581
      },
      "b": {
        "start": 581,
        "end": 582
      }
    },
    {
      "conflict_id": 26,
      "a": {
        "start": 588,
        "end": 589
      },
      "base": {
        "start": 588,
        "end": 589
      },
      "b": {
        "start": 589,
        "end": 590
      }
    },
    {
      "conflict_id": 27,
      "a": {
        "start": 590,
        "end": 592
      },
      "base": {
        "start": 590,
        "end": 592
      },
      "b": {
        "start": 591,
        "end": 593
      }
    },
    {
      "conflict_id": 28,
      "a": {
        "start": 599,
        "end": 600
      },
      "base": {
        "start": 599,
        "end": 600
      },
      "b": {
        "start": 600,
        "end": 601
      }
    },
    {
      "conflict_id": 29,
      "a": {
        "start": 608,
        "end": 609
      },
      "base": {
        "start": 608,
        "end": 609
      },
      "b": {
        "start": 609,
        "end": 610
      }
    },
    {
      "conflict_id": 30,
      "a": {
        "start": 616,
        "end": 617
      },
      "base": {
        "start": 616,
        "end": 617
      },
      "b": {
        "start": 617,
        "end": 618
      }
    },
    {
      "conflict_id": 31,
      "a": {
        "start": 624,
        "end": 625
      },
      "base": {
        "start": 624,
        "end": 625
      },
      "b": {
        "start": 625,
        "end": 626
      }
    },
    {
      "conflict_id": 32,
      "a": {
        "start": 631,
        "end": 632
      },
      "base": {
        "start": 631,
        "end": 632
      },
      "b": {
        "start": 632,
        "end": 633
      }
    },
    {
      "conflict_id": 33,
      "a": {
        "start": 633,
        "end": 635
      },
      "base": {
        "start": 633,
        "end": 635
      },
      "b": {
        "start": 634,
        "end": 636
      }
    },
    {
      "conflict_id": 34,
      "a": {
        "start": 642,
        "end": 643
      },
      "base": {
        "start": 642,
        "end": 643
      },
      "b": {
        "start": 643,
        "end": 644
      }
    },
    {
      "conflict_id": 35,
      "a": {
        "start": 651,
        "end": 652
      },
      "base": {
        "start": 651,
        "end": 652
      },
      "b": {
        "start": 652,
        "end": 653
      }
    },
    {
      "conflict_id": 36,
      "a": {
        "start": 659,
        "end": 660
      },
      "base": {
        "start": 659,
        "end": 660
      },
      "b": {
        "start": 660,
        "end": 661
      }
    },
    {
      "conflict_id": 37,
      "a": {
        "start": 667,
        "end": 668
      },
      "base": {
        "start": 667,
        "end": 668
      },
      "b": {
        "start": 668,
        "end": 669
      }
    },
    {
      "conflict_id": 38,
      "a": {
        "start": 675,
        "end": 676
      },
      "base": {
        "start": 675,
        "end": 676
      },
      "b": {
        "start": 676,
        "end": 677
      }
    },
    {
      "conflict_id": 39,
      "a": {
        "start": 677,
        "end": 679
      },
      "base": {
        "start": 677,
        "end": 679
      },
      "b": {
        "start": 678,
        "end": 680
      }
    },
    {
      "conflict_id": 40,
      "a": {
        "start": 686,
        "end": 687
      },
      "base": {
        "start": 686,
        "end": 687
      },
      "b": {
        "start": 687,
        "end": 688
      }
    },
    {
      "conflict_id": 41,
      "a": {
        "start": 695,
        "end": 696
      },
      "base": {
        "start": 695,
        "end": 696
      },
      "b": {
        "start": 696,
        "end": 697
      }
    },
    {
      "conflict_id": 42,
      "a": {
        "start": 703,
        "end": 704
      },
      "base": {
        "start": 703,
        "end": 704
      },
      "b": {
        "start": 704,
        "end": 705
      }
    },
    {
      "conflict_id": 43,
      "a": {
        "start": 711,
        "end": 712
      },
      "base": {
        "start": 711,
        "end": 712
      },
      "b": {
        "start": 712,
        "end": 713
      }
    },
    {
      "conflict_id": 44,
      "a": {
        "start": 719,
        "end": 720
      },
      "base": {
        "start": 719,
        "end": 720
      },
      "b": {
        "start": 720,
        "end": 721
      }
    },
    {
      "conflict_id": 45,
      "a": {
        "start": 727,
        "end": 728
      },
      "base": {
        "start": 727,
        "end": 728
      },
      "b": {
        "start": 728,
        "end": 729
      }
    },
    {
      "conflict_id": 46,
      "a": {
        "start": 741,
        "end": 742
      },
      "base": {
        "start": 741,
        "end": 742
      },
      "b": {
        "start": 742,
        "end": 743
      }
    },
    {
      "conflict_id": 47,
      "a": {
        "start": 748,
        "end": 749
      },
      "base": {
        "start": 748,
        "end": 749
      },
      "b": {
        "start": 749,
        "end": 750
      }
    },
    {
      "conflict_id": 48,
      "a": {
        "start": 750,
        "end": 752
      },
      "base": {
        "start": 750,
        "end": 752
      },
      "b": {
        "start": 751,
        "end": 753
      }
    },
    {
      "conflict_id": 49,
      "a": {
        "start": 759,
        "end": 761
      },
      "base": {
        "start": 759,
        "end": 761
      },
      "b": {
        "start": 760,
        "end": 762
      }
    },
    {
      "conflict_id": 50,
      "a": {
        "start": 767,
        "end": 768
      },
      "base": {
        "start": 767,
        "end": 768
      },
      "b": {
        "start": 768,
        "end": 769
      }
    },
    {
      "conflict_id": 51,
      "a": {
        "start": 775,
        "end": 776
      },
      "base": {
        "start": 775,
        "end": 776
      },
      "b": {
        "start": 776,
        "end": 777
      }
    },
    {
      "conflict_id": 52,
      "a": {
        "start": 783,
        "end": 784
      },
      "base": {
        "start": 783,
        "end": 784
      },
      "b": {
        "start": 784,
        "end": 785
      }
    },
    {
      "conflict_id": 53,
      "a": {
        "start": 791,
        "end": 792
      },
      "base": {
        "start": 791,
        "end": 792
      },
      "b": {
        "start": 792,
        "end": 793
      }
    },
    {
      "conflict_id": 54,
      "a": {
        "start": 799,
        "end": 800
      },
      "base": {
        "start": 799,
        "end": 800
      },
      "b": {
        "start": 800,
        "end": 801
      }
    },
    {
      "conflict_id": 55,
      "a": {
        "start": 807,
        "end": 808
      },
      "base": {
        "start": 807,
        "end": 808
      },
      "b": {
        "start": 808,
        "end": 809
      }
    },
    {
      "conflict_id": 56,
      "a": {
        "start": 815,
        "end": 816
      },
      "base": {
        "start": 815,
        "end": 816
      },
      "b": {
        "start": 816,
        "end": 817
      }
    },
    {
      "conflict_id": 57,
      "a": {
        "start": 823,
        "end": 824
      },
      "base": {
        "start": 823,
        "end": 824
      },
      "b": {
        "start": 824,
        "end": 825
      }
    }
  ]
}