{
  "repository_origin_url": "https://github.com/dotnet/roslyn.git",
  "commit_id": "571982c097874fc04371401de3dc140a6fc2e4b3",
  "commit_date": "Thu, 1 Apr 2021 18:12:05 -0700",
  "commit_message": "Merge branch 'release/dev16.10' into dev/shech/merge16.10ToInheritanceMargin\n\n",
  "conflict_file_id": 0,
  "filename": "src/EditorFeatures/Core/Shared/Options/FeatureOnOffOptions.cs",
  "last_commit_on_a": "e3a36a2a8d36fa6776cc92cda0c4d7d830edd9dc",
  "last_commit_on_b": "fb70f15c164f93af8f1b04af25addee84c85772a",
  "author_info_a": {
    "name": "Shen Chen",
    "email": "cos_ifne@hotmail.com"
  },
  "author_info_b": {
    "name": "Allison Chou",
    "email": "allichou@microsoft.com"
  },
  "num_conflict_regions": 2,
  "conflict_region_spans": [
    {
      "conflict_id": 1,
      "a": {
        "start": 91,
        "end": 97
      },
      "base": {
        "start": 91,
        "end": 91
      },
      "b": {
        "start": 91,
        "end": 96
      }
    },
    {
      "conflict_id": 2,
      "a": {
        "start": 127,
        "end": 129
      },
      "base": {
        "start": 121,
        "end": 122
      },
      "b": {
        "start": 126,
        "end": 128
      }
    }
  ]
}