{
  "repository_origin_url": "https://github.com/dotnet/roslyn.git",
  "commit_id": "0309e23a07bed488ec43a52807e5131ed1d5a33f",
  "commit_date": "Tue, 30 Mar 2021 16:33:28 -0700",
  "commit_message": "Use CommonCompiler in Rebuild tests (#52208)\n* Add file system abstraction\n\nThis adds a file system abstraction sufficient to hook all file open\nevents inside `CommonCompiler`. This is necessary to fully test the\nrebuild scenarios that we need to add\n\n* Generated code has access to ref name\n\n* Tests for round tripping through CommonCompiler\n\n* Fix debug plus round trip\n\n* Fix failing tests\n\nThe determinism / round trip tests in emit were depending on a bug in\nour test framework. The metadata writer only emits references if there\nis a name associated with the reference. Before my PR all of our in\nmemory references lacked image names and hence they were omitted from\nthe PDB. Once I fixed that they started showing up and needed to be\naccounted for in the logic.\n\n* Fix a build error\n\n* Respond to PR feedback\n\n* Fix test failures\n\n* PR feedback\n\n* PR feedback\n\n* Test failure\n\n* Fixups\n\n* PR feedback\n",
  "conflict_file_id": 10,
  "filename": "src/Compilers/Test/Core/Generated.cs",
  "last_commit_on_a": "d0e64666ce95ac6279c1ae346d50446e976060e2",
  "last_commit_on_b": "109a835b8333f391db7e01947a826ac278398cb4",
  "author_info_a": {
    "name": "Jared Parsons",
    "email": "jaredpparsons@gmail.com"
  },
  "author_info_b": {
    "name": "Jared Parsons",
    "email": "jaredpparsons@gmail.com"
  },
  "num_conflict_regions": 2,
  "conflict_region_spans": [
    {
      "conflict_id": 1,
      "a": {
        "start": 250,
        "end": 266
      },
      "base": {
        "start": 250,
        "end": 250
      },
      "b": {
        "start": 250,
        "end": 269
      }
    },
    {
      "conflict_id": 2,
      "a": {
        "start": 269,
        "end": 282
      },
      "base": {
        "start": 253,
        "end": 266
      },
      "b": {
        "start": 272,
        "end": 286
      }
    }
  ]
}