{
  "repository_origin_url": "https://github.com/dotnet/roslyn.git",
  "commit_id": "f5c6199b88a723d31f79542d5ddeda674a24ab7f",
  "commit_date": "Wed, 31 Mar 2021 14:19:14 -0700",
  "commit_message": "Move to a single simple type for internal NavTo results\n\n",
  "conflict_file_id": 11,
  "filename": "src/Features/Core/Portable/NavigateTo/AbstractNavigateToSearchService.cs",
  "last_commit_on_a": "e233c629f816b29e2ecc26dbaa2311f4fbc947ba",
  "last_commit_on_b": "e74ddf97c383458f05ca2143ed2c7d0b5a79ffb4",
  "author_info_a": {
    "name": "Cyrus Najmabadi",
    "email": "cyrus.najmabadi@gmail.com"
  },
  "author_info_b": {
    "name": "Cyrus Najmabadi",
    "email": "cyrus.najmabadi@gmail.com"
  },
  "num_conflict_regions": 2,
  "conflict_region_spans": [
    {
      "conflict_id": 1,
      "a": {
        "start": 67,
        "end": 68
      },
      "base": {
        "start": 67,
        "end": 68
      },
      "b": {
        "start": 67,
        "end": 68
      }
    },
    {
      "conflict_id": 2,
      "a": {
        "start": 96,
        "end": 97
      },
      "base": {
        "start": 96,
        "end": 97
      },
      "b": {
        "start": 96,
        "end": 97
      }
    }
  ]
}