{
  "repository_origin_url": "https://github.com/dotnet/roslyn.git",
  "commit_id": "f5c6199b88a723d31f79542d5ddeda674a24ab7f",
  "commit_date": "Wed, 31 Mar 2021 14:19:14 -0700",
  "commit_message": "Move to a single simple type for internal NavTo results\n\n",
  "conflict_file_id": 13,
  "filename": "src/Features/Core/Portable/NavigateTo/AbstractNavigateToSearchService.InProcess.cs",
  "last_commit_on_a": "e233c629f816b29e2ecc26dbaa2311f4fbc947ba",
  "last_commit_on_b": "e74ddf97c383458f05ca2143ed2c7d0b5a79ffb4",
  "author_info_a": {
    "name": "Cyrus Najmabadi",
    "email": "cyrus.najmabadi@gmail.com"
  },
  "author_info_b": {
    "name": "Cyrus Najmabadi",
    "email": "cyrus.najmabadi@gmail.com"
  },
  "num_conflict_regions": 5,
  "conflict_region_spans": [
    {
      "conflict_id": 1,
      "a": {
        "start": 42,
        "end": 43
      },
      "base": {
        "start": 42,
        "end": 43
      },
      "b": {
        "start": 42,
        "end": 43
      }
    },
    {
      "conflict_id": 2,
      "a": {
        "start": 45,
        "end": 46
      },
      "base": {
        "start": 45,
        "end": 46
      },
      "b": {
        "start": 45,
        "end": 46
      }
    },
    {
      "conflict_id": 3,
      "a": {
        "start": 50,
        "end": 51
      },
      "base": {
        "start": 50,
        "end": 51
      },
      "b": {
        "start": 50,
        "end": 51
      }
    },
    {
      "conflict_id": 4,
      "a": {
        "start": 60,
        "end": 61
      },
      "base": {
        "start": 60,
        "end": 61
      },
      "b": {
        "start": 60,
        "end": 61
      }
    },
    {
      "conflict_id": 5,
      "a": {
        "start": 110,
        "end": 116
      },
      "base": {
        "start": 110,
        "end": 116
      },
      "b": {
        "start": 110,
        "end": 113
      }
    }
  ]
}