{
  "repository_origin_url": "https://github.com/dotnet/roslyn.git",
  "commit_id": "7a07596261856c78670a861435eac0e029cce3c4",
  "commit_date": "Wed, 31 Mar 2021 11:13:22 -0700",
  "commit_message": "Simplify navigate to code.\n\n",
  "conflict_file_id": 14,
  "filename": "src/Features/Core/Portable/NavigateTo/NavigateToSearcher.cs",
  "last_commit_on_a": "1b66fe33607cc0c683c3d5f73b6684240da9d2f3",
  "last_commit_on_b": "e74ddf97c383458f05ca2143ed2c7d0b5a79ffb4",
  "author_info_a": {
    "name": "Cyrus Najmabadi",
    "email": "cyrus.najmabadi@gmail.com"
  },
  "author_info_b": {
    "name": "Cyrus Najmabadi",
    "email": "cyrus.najmabadi@gmail.com"
  },
  "num_conflict_regions": 1,
  "conflict_region_spans": [
    {
      "conflict_id": 1,
      "a": {
        "start": 184,
        "end": 186
      },
      "base": {
        "start": 184,
        "end": 207
      },
      "b": {
        "start": 184,
        "end": 193
      }
    }
  ]
}