{
  "repository_origin_url": "https://github.com/dotnet/roslyn.git",
  "commit_id": "d7e0cfd1aded540c2b97924266afda041608091b",
  "commit_date": "Thu, 25 Feb 2021 13:11:11 -0800",
  "commit_message": "Parsing record structs (#51252)\n\n",
  "conflict_file_id": 16,
  "filename": "src/Compilers/CSharp/Test/Syntax/Parsing/RecordParsing.cs",
  "last_commit_on_a": "3b5b118ae965b697257263f04978e2eb044905c4",
  "last_commit_on_b": "4e4c8237665adb00a0d0c5f710b9f5ce1a2086d6",
  "author_info_a": {
    "name": "Julien Couvreur",
    "email": "jcouv@users.noreply.github.com"
  },
  "author_info_b": {
    "name": "Julien Couvreur",
    "email": "jcouv@users.noreply.github.com"
  },
  "num_conflict_regions": 1,
  "conflict_region_spans": [
    {
      "conflict_id": 1,
      "a": {
        "start": 2611,
        "end": 3999
      },
      "base": {
        "start": 2611,
        "end": 2611
      },
      "b": {
        "start": 2611,
        "end": 2617
      }
    }
  ]
}