{
  "repository_origin_url": "https://github.com/dotnet/roslyn.git",
  "commit_id": "d7e0cfd1aded540c2b97924266afda041608091b",
  "commit_date": "Tue, 23 Mar 2021 11:11:16 -0700",
  "commit_message": "Record-structs: Add equality members  (#51900)\n\n",
  "conflict_file_id": 17,
  "filename": "src/Compilers/CSharp/Portable/Symbols/Synthesized/Records/SynthesizedRecordObjEquals.cs",
  "last_commit_on_a": "157512d0daa2198cd3bd4250bbf7b9dcd1c3e07e",
  "last_commit_on_b": "39c64a153f8532eb968e20dac2c68f2ee88e8e50",
  "author_info_a": {
    "name": "Julien Couvreur",
    "email": "jcouv@users.noreply.github.com"
  },
  "author_info_b": {
    "name": "AlekseyTs",
    "email": "AlekseyTs@users.noreply.github.com"
  },
  "num_conflict_regions": 1,
  "conflict_region_spans": [
    {
      "conflict_id": 1,
      "a": {
        "start": 24,
        "end": 26
      },
      "base": {
        "start": 24,
        "end": 25
      },
      "b": {
        "start": 24,
        "end": 27
      }
    }
  ]
}