{
  "repository_origin_url": "https://github.com/dotnet/roslyn.git",
  "commit_id": "d7e0cfd1aded540c2b97924266afda041608091b",
  "commit_date": "Tue, 23 Mar 2021 11:11:16 -0700",
  "commit_message": "Record-structs: Add equality members  (#51900)\n\n",
  "conflict_file_id": 18,
  "filename": "src/Compilers/CSharp/Portable/Symbols/Synthesized/Records/SynthesizedRecordEqualityOperator.cs",
  "last_commit_on_a": "157512d0daa2198cd3bd4250bbf7b9dcd1c3e07e",
  "last_commit_on_b": "791d60fb39dc216dd75b0a7b85fb420c8c446b2d",
  "author_info_a": {
    "name": "Julien Couvreur",
    "email": "jcouv@users.noreply.github.com"
  },
  "author_info_b": {
    "name": "C-xC-c",
    "email": "58750933+C-xC-c@users.noreply.github.com"
  },
  "num_conflict_regions": 3,
  "conflict_region_spans": [
    {
      "conflict_id": 1,
      "a": {
        "start": 9,
        "end": 22
      },
      "base": {
        "start": 9,
        "end": 15
      },
      "b": {
        "start": 9,
        "end": 15
      }
    },
    {
      "conflict_id": 2,
      "a": {
        "start": 38,
        "end": 42
      },
      "base": {
        "start": 31,
        "end": 32
      },
      "b": {
        "start": 31,
        "end": 32
      }
    },
    {
      "conflict_id": 3,
      "a": {
        "start": 64,
        "end": 76
      },
      "base": {
        "start": 54,
        "end": 57
      },
      "b": {
        "start": 54,
        "end": 57
      }
    }
  ]
}