{
  "repository_origin_url": "https://github.com/dotnet/roslyn.git",
  "commit_id": "267a8460321b72415793a059300107dc7419bb07",
  "commit_date": "Thu, 4 Mar 2021 10:38:36 -0800",
  "commit_message": "Remove state objects.\n\n",
  "conflict_file_id": 1,
  "filename": "src/Workspaces/Core/Portable/Workspace/Host/PersistentStorage/DocumentKey.cs",
  "last_commit_on_a": "de49957d96e531b0b5bcecec433bbbfdcf3e95d9",
  "last_commit_on_b": "affd18b5faf1b0fedebe233e34e76bfb65ad973d",
  "author_info_a": {
    "name": "Cyrus Najmabadi",
    "email": "cyrus.najmabadi@gmail.com"
  },
  "author_info_b": {
    "name": "Cyrus Najmabadi",
    "email": "cyrusn@microsoft.com"
  },
  "num_conflict_regions": 3,
  "conflict_region_spans": [
    {
      "conflict_id": 1,
      "a": {
        "start": 5,
        "end": 5
      },
      "base": {
        "start": 5,
        "end": 7
      },
      "b": {
        "start": 5,
        "end": 6
      }
    },
    {
      "conflict_id": 2,
      "a": {
        "start": 16,
        "end": 42
      },
      "base": {
        "start": 18,
        "end": 41
      },
      "b": {
        "start": 17,
        "end": 17
      }
    },
    {
      "conflict_id": 3,
      "a": {
        "start": 57,
        "end": 58
      },
      "base": {
        "start": 56,
        "end": 57
      },
      "b": {
        "start": 32,
        "end": 33
      }
    }
  ]
}