{
  "repository_origin_url": "https://github.com/dotnet/roslyn.git",
  "commit_id": "c3013b8c43f7104b7de11c6354082e492aa3aa42",
  "commit_date": "Mon, 22 Mar 2021 19:33:15 -0700",
  "commit_message": "Avoid loading assemblies on the UI thread\nCloses AB#761238\n\n",
  "conflict_file_id": 20,
  "filename": "src/VisualStudio/Core/Def/RoslynPackage.cs",
  "last_commit_on_a": "fcc29a2c6892b2620303cf686e9d07a8c694c326",
  "last_commit_on_b": "faf7c13acd548e6b9fc913f2349c3c07030cb113",
  "author_info_a": {
    "name": "Sam Harwell",
    "email": "Sam.Harwell@microsoft.com"
  },
  "author_info_b": {
    "name": "Jonathon Marolf",
    "email": "jmarolf@microsoft.com"
  },
  "num_conflict_regions": 1,
  "conflict_region_spans": [
    {
      "conflict_id": 1,
      "a": {
        "start": 144,
        "end": 153
      },
      "base": {
        "start": 144,
        "end": 144
      },
      "b": {
        "start": 144,
        "end": 147
      }
    }
  ]
}