{
  "repository_origin_url": "https://github.com/dotnet/roslyn.git",
  "commit_id": "c3013b8c43f7104b7de11c6354082e492aa3aa42",
  "commit_date": "Mon, 22 Mar 2021 17:42:19 -0700",
  "commit_message": "Pass CancellationToken to SelectAsArrayAsync\n\n",
  "conflict_file_id": 21,
  "filename": "src/Features/Core/Portable/NavigateTo/AbstractNavigateToSearchService.cs",
  "last_commit_on_a": "b90760f73f03449a6882e3e6ed0aa9aaff379333",
  "last_commit_on_b": "e86d8f65a9893ff0bf5d0cfe0fe475663682d419",
  "author_info_a": {
    "name": "Sam Harwell",
    "email": "Sam.Harwell@microsoft.com"
  },
  "author_info_b": {
    "name": "Cyrus Najmabadi",
    "email": "cyrus.najmabadi@gmail.com"
  },
  "num_conflict_regions": 1,
  "conflict_region_spans": [
    {
      "conflict_id": 1,
      "a": {
        "start": 73,
        "end": 90
      },
      "base": {
        "start": 73,
        "end": 90
      },
      "b": {
        "start": 73,
        "end": 75
      }
    }
  ]
}