{
  "repository_origin_url": "https://github.com/dotnet/roslyn.git",
  "commit_id": "df4e42afd002e675bd2e0ce9a2e98bc24c07df80",
  "commit_date": "Mon, 22 Mar 2021 15:07:34 -0700",
  "commit_message": "Merge remote-tracking branch 'upstream/main' into merges/main-to-main-vs-deps\n\n",
  "conflict_file_id": 24,
  "filename": "src/EditorFeatures/TestUtilities/EditAndContinue/MockEditAndContinueWorkspaceService.cs",
  "last_commit_on_a": "8c005f9ab30b215daaa9f6254946358b6c03eb68",
  "last_commit_on_b": "73d44323818dc6f1b4765c9cc322cb44a8056164",
  "author_info_a": {
    "name": "tmat",
    "email": "tomas.matousek@microsoft.com"
  },
  "author_info_b": {
    "name": "Tom\u00e1\u0161 Matou\u0161ek",
    "email": "tmat@users.noreply.github.com"
  },
  "num_conflict_regions": 1,
  "conflict_region_spans": [
    {
      "conflict_id": 1,
      "a": {
        "start": 29,
        "end": 31
      },
      "base": {
        "start": 29,
        "end": 31
      },
      "b": {
        "start": 29,
        "end": 32
      }
    }
  ]
}