{
  "repository_origin_url": "https://github.com/dotnet/roslyn.git",
  "commit_id": "016332e63c30790b9642a57a0a49d720d866c19d",
  "commit_date": "Mon, 15 Mar 2021 11:35:03 -0700",
  "commit_message": "Check for empty project filter instead of null project filter.\n\n",
  "conflict_file_id": 25,
  "filename": "src/Workspaces/Core/MSBuild/MSBuild/MSBuildProjectLoader.cs",
  "last_commit_on_a": "309de7308b0654634f9a8d3a9aa65d53d8cc5490",
  "last_commit_on_b": "8f67fdc37bf748e29b1c0580c484532864de93f0",
  "author_info_a": {
    "name": "Joey Robichaud",
    "email": "joseph.robichaud@microsoft.com"
  },
  "author_info_b": {
    "name": "Joey Robichaud",
    "email": "joseph.robichaud@microsoft.com"
  },
  "num_conflict_regions": 1,
  "conflict_region_spans": [
    {
      "conflict_id": 1,
      "a": {
        "start": 192,
        "end": 200
      },
      "base": {
        "start": 192,
        "end": 193
      },
      "b": {
        "start": 192,
        "end": 200
      }
    }
  ]
}