{
  "repository_origin_url": "https://github.com/dotnet/roslyn.git",
  "commit_id": "8c005f9ab30b215daaa9f6254946358b6c03eb68",
  "commit_date": "Mon, 15 Mar 2021 21:15:23 -0700",
  "commit_message": "Code cleanup for Edit and Continue (#51897)\n* Code cleanup for Edit and Continue\n\n\n",
  "conflict_file_id": 26,
  "filename": "src/Features/Core/Portable/EditAndContinue/IEditAndContinueWorkspaceService.cs",
  "last_commit_on_a": "398a1ae1718781a3d3debc1f877776a874eb4ea3",
  "last_commit_on_b": "b254587e8cb40612c4c042ab8f7fa253d522ef37",
  "author_info_a": {
    "name": "Sam Harwell",
    "email": "sam.harwell@microsoft.com"
  },
  "author_info_b": {
    "name": "Tom\u00e1\u0161 Matou\u0161ek",
    "email": "tmat@users.noreply.github.com"
  },
  "num_conflict_regions": 1,
  "conflict_region_spans": [
    {
      "conflict_id": 1,
      "a": {
        "start": 5,
        "end": 6
      },
      "base": {
        "start": 5,
        "end": 5
      },
      "b": {
        "start": 5,
        "end": 6
      }
    }
  ]
}