{
  "repository_origin_url": "https://github.com/dotnet/roslyn.git",
  "commit_id": "8c005f9ab30b215daaa9f6254946358b6c03eb68",
  "commit_date": "Fri, 19 Mar 2021 21:43:54 +0000",
  "commit_message": "Merge pull request #51980 from dotnet/merges/main-to-main-vs-deps\nMerge main to main-vs-deps\n",
  "conflict_file_id": 27,
  "filename": "src/Workspaces/Core/Portable/Experiments/IExperimentationService.cs",
  "last_commit_on_a": "7eb55689fac855d3fd8aeb5641128c61d0f349cc",
  "last_commit_on_b": "4a9d8418b5834fe4d7ddb35981fffe6bd29dbecc",
  "author_info_a": {
    "name": "msftbot[bot]",
    "email": "48340428+msftbot[bot]@users.noreply.github.com"
  },
  "author_info_b": {
    "name": "CyrusNajmabadi",
    "email": "cyrus.najmabadi@gmail.com"
  },
  "num_conflict_regions": 1,
  "conflict_region_spans": [
    {
      "conflict_id": 1,
      "a": {
        "start": 40,
        "end": 41
      },
      "base": {
        "start": 40,
        "end": 40
      },
      "b": {
        "start": 40,
        "end": 41
      }
    }
  ]
}