{
  "repository_origin_url": "https://github.com/dotnet/roslyn.git",
  "commit_id": "200e5702331ff4d353ca2b7ea64f41d95281a907",
  "commit_date": "Sun, 21 Mar 2021 01:08:57 +0000",
  "commit_message": "Merge pull request #52006 from dotnet/merges/release/dev17.0-to-release/dev17.0-vs-deps\nMerge release/dev17.0 to release/dev17.0-vs-deps\n",
  "conflict_file_id": 28,
  "filename": "src/Workspaces/Core/Portable/Experiments/IExperimentationService.cs",
  "last_commit_on_a": "ae98762331a9eeedd6a2d456308f443c91c8508b",
  "last_commit_on_b": "4a9d8418b5834fe4d7ddb35981fffe6bd29dbecc",
  "author_info_a": {
    "name": "msftbot[bot]",
    "email": "48340428+msftbot[bot]@users.noreply.github.com"
  },
  "author_info_b": {
    "name": "CyrusNajmabadi",
    "email": "cyrus.najmabadi@gmail.com"
  },
  "num_conflict_regions": 1,
  "conflict_region_spans": [
    {
      "conflict_id": 1,
      "a": {
        "start": 40,
        "end": 41
      },
      "base": {
        "start": 40,
        "end": 40
      },
      "b": {
        "start": 40,
        "end": 41
      }
    }
  ]
}