{
  "repository_origin_url": "https://github.com/dotnet/roslyn.git",
  "commit_id": "75700f540c83d95aeb3987e0014b4dbc34b894d4",
  "commit_date": "Fri, 19 Mar 2021 02:57:10 -0700",
  "commit_message": "do not add if empty\n\n",
  "conflict_file_id": 29,
  "filename": "src/Features/Core/Portable/LanguageServices/SymbolDisplayService/AbstractSymbolDisplayService.AbstractSymbolDescriptionBuilder.cs",
  "last_commit_on_a": "b71d31341be7e373a74968cb2dd39d56129e1278",
  "last_commit_on_b": "a5e3467ecf1072c3be9fe48a24f84ea344eda8cc",
  "author_info_a": {
    "name": "Cyrus Najmabadi",
    "email": "cyrus.najmabadi@gmail.com"
  },
  "author_info_b": {
    "name": "Cyrus Najmabadi",
    "email": "cyrus.najmabadi@gmail.com"
  },
  "num_conflict_regions": 2,
  "conflict_region_spans": [
    {
      "conflict_id": 1,
      "a": {
        "start": 85,
        "end": 87
      },
      "base": {
        "start": 85,
        "end": 87
      },
      "b": {
        "start": 85,
        "end": 86
      }
    },
    {
      "conflict_id": 2,
      "a": {
        "start": 431,
        "end": 439
      },
      "base": {
        "start": 431,
        "end": 432
      },
      "b": {
        "start": 430,
        "end": 431
      }
    }
  ]
}