{
  "repository_origin_url": "https://github.com/dotnet/roslyn.git",
  "commit_id": "267a8460321b72415793a059300107dc7419bb07",
  "commit_date": "Thu, 4 Mar 2021 10:38:36 -0800",
  "commit_message": "Remove state objects.\n\n",
  "conflict_file_id": 2,
  "filename": "src/Workspaces/Core/Portable/Workspace/Host/PersistentStorage/ProjectKey.cs",
  "last_commit_on_a": "de49957d96e531b0b5bcecec433bbbfdcf3e95d9",
  "last_commit_on_b": "affd18b5faf1b0fedebe233e34e76bfb65ad973d",
  "author_info_a": {
    "name": "Cyrus Najmabadi",
    "email": "cyrus.najmabadi@gmail.com"
  },
  "author_info_b": {
    "name": "Cyrus Najmabadi",
    "email": "cyrusn@microsoft.com"
  },
  "num_conflict_regions": 2,
  "conflict_region_spans": [
    {
      "conflict_id": 1,
      "a": {
        "start": 16,
        "end": 47
      },
      "base": {
        "start": 16,
        "end": 44
      },
      "b": {
        "start": 16,
        "end": 16
      }
    },
    {
      "conflict_id": 2,
      "a": {
        "start": 65,
        "end": 66
      },
      "base": {
        "start": 62,
        "end": 63
      },
      "b": {
        "start": 34,
        "end": 35
      }
    }
  ]
}