{
  "repository_origin_url": "https://github.com/dotnet/roslyn.git",
  "commit_id": "87ba423a908b68e03a75da9ddb441bc46dc520cb",
  "commit_date": "Fri, 19 Mar 2021 13:29:03 -0700",
  "commit_message": "Simplify the code around seeing if we can reuse a prior generated state\n\n",
  "conflict_file_id": 30,
  "filename": "src/Workspaces/Core/Portable/Workspace/Solution/SolutionState.CompilationTracker.cs",
  "last_commit_on_a": "b99bcbd0969cd89c9ef5c0ebd98c94db964e16e3",
  "last_commit_on_b": "af7a90f6404d8a34b8e58ede5210268ad41b6b31",
  "author_info_a": {
    "name": "Jason Malinowski",
    "email": "jason.malinowski@microsoft.com"
  },
  "author_info_b": {
    "name": "Tom\u00e1\u0161 Matou\u0161ek",
    "email": "tmat@users.noreply.github.com"
  },
  "num_conflict_regions": 2,
  "conflict_region_spans": [
    {
      "conflict_id": 1,
      "a": {
        "start": 741,
        "end": 743
      },
      "base": {
        "start": 741,
        "end": 742
      },
      "b": {
        "start": 741,
        "end": 742
      }
    },
    {
      "conflict_id": 2,
      "a": {
        "start": 866,
        "end": 867
      },
      "base": {
        "start": 865,
        "end": 866
      },
      "b": {
        "start": 865,
        "end": 866
      }
    }
  ]
}