{
  "repository_origin_url": "https://github.com/dotnet/roslyn.git",
  "commit_id": "b46e4de0d7d2d613de6da0f51cbb371bad93735a",
  "commit_date": "Thu, 18 Mar 2021 17:23:01 -0700",
  "commit_message": "Update UI\n\n",
  "conflict_file_id": 31,
  "filename": "src/EditorFeatures/Core/ValueTracking/ValueTrackingService.cs",
  "last_commit_on_a": "7df622b8c5cd60cb8a70d11441a126719549866f",
  "last_commit_on_b": "cdfb8dc70225946ba61101a57b57a6250311d227",
  "author_info_a": {
    "name": "Andrew Hall (METAL)",
    "email": "andrha@microsoft.com"
  },
  "author_info_b": {
    "name": "Andrew Hall (METAL)",
    "email": "andrha@microsoft.com"
  },
  "num_conflict_regions": 2,
  "conflict_region_spans": [
    {
      "conflict_id": 1,
      "a": {
        "start": 52,
        "end": 57
      },
      "base": {
        "start": 52,
        "end": 53
      },
      "b": {
        "start": 52,
        "end": 53
      }
    },
    {
      "conflict_id": 2,
      "a": {
        "start": 111,
        "end": 117
      },
      "base": {
        "start": 107,
        "end": 108
      },
      "b": {
        "start": 107,
        "end": 108
      }
    }
  ]
}