{
  "repository_origin_url": "https://github.com/dotnet/roslyn.git",
  "commit_id": "f1c7aa3991b941d2bbfbb817f22b7a65d1f88ab2",
  "commit_date": "Fri, 12 Mar 2021 12:41:06 -0800",
  "commit_message": "Port logic\n\n",
  "conflict_file_id": 32,
  "filename": "src/Workspaces/CSharp/Portable/Recommendations/CSharpRecommendationServiceRunner.cs",
  "last_commit_on_a": "5de1dd0838f7cee00340410567817d80696f342b",
  "last_commit_on_b": "2d3fd7daa2b28a4c4dc1dee116fd124e96306730",
  "author_info_a": {
    "name": "Cyrus Najmabadi",
    "email": "cyrus.najmabadi@gmail.com"
  },
  "author_info_b": {
    "name": "Cyrus Najmabadi",
    "email": "cyrus.najmabadi@gmail.com"
  },
  "num_conflict_regions": 7,
  "conflict_region_spans": [
    {
      "conflict_id": 1,
      "a": {
        "start": 118,
        "end": 124
      },
      "base": {
        "start": 118,
        "end": 141
      },
      "b": {
        "start": 118,
        "end": 124
      }
    },
    {
      "conflict_id": 2,
      "a": {
        "start": 333,
        "end": 334
      },
      "base": {
        "start": 350,
        "end": 351
      },
      "b": {
        "start": 333,
        "end": 334
      }
    },
    {
      "conflict_id": 3,
      "a": {
        "start": 335,
        "end": 338
      },
      "base": {
        "start": 352,
        "end": 352
      },
      "b": {
        "start": 335,
        "end": 338
      }
    },
    {
      "conflict_id": 4,
      "a": {
        "start": 408,
        "end": 420
      },
      "base": {
        "start": 422,
        "end": 437
      },
      "b": {
        "start": 408,
        "end": 420
      }
    },
    {
      "conflict_id": 5,
      "a": {
        "start": 454,
        "end": 458
      },
      "base": {
        "start": 471,
        "end": 501
      },
      "b": {
        "start": 454,
        "end": 458
      }
    },
    {
      "conflict_id": 6,
      "a": {
        "start": 466,
        "end": 469
      },
      "base": {
        "start": 509,
        "end": 513
      },
      "b": {
        "start": 466,
        "end": 469
      }
    },
    {
      "conflict_id": 7,
      "a": {
        "start": 484,
        "end": 486
      },
      "base": {
        "start": 528,
        "end": 530
      },
      "b": {
        "start": 484,
        "end": 486
      }
    }
  ]
}