{
  "repository_origin_url": "https://github.com/dotnet/roslyn.git",
  "commit_id": "8416190d7365e3b8af9395a80404da8cb8c9fc62",
  "commit_date": "Wed, 24 Feb 2021 14:43:26 -0800",
  "commit_message": "Merge branch 'release/dev16.9-vs-deps' into dev16.10-vs-deps\n\n",
  "conflict_file_id": 33,
  "filename": "src/VisualStudio/Core/Def/Implementation/LanguageClient/RazorInProcLanguageClient.cs",
  "last_commit_on_a": "8b6c0d5fa08158bf3a65927aa2049e735bb38e7c",
  "last_commit_on_b": "f365e3faf0a6d46f0a630bfdd58f24380c3e9293",
  "author_info_a": {
    "name": "Jason Malinowski",
    "email": "jason.malinowski@microsoft.com"
  },
  "author_info_b": {
    "name": "Allison Chou",
    "email": "allichou@microsoft.com"
  },
  "num_conflict_regions": 1,
  "conflict_region_spans": [
    {
      "conflict_id": 1,
      "a": {
        "start": 56,
        "end": 57
      },
      "base": {
        "start": 56,
        "end": 57
      },
      "b": {
        "start": 56,
        "end": 58
      }
    }
  ]
}