{
  "repository_origin_url": "https://github.com/dotnet/roslyn.git",
  "commit_id": "8416190d7365e3b8af9395a80404da8cb8c9fc62",
  "commit_date": "Fri, 12 Feb 2021 10:05:51 -0800",
  "commit_message": "Merge remote-tracking branch 'origin/master-vs-deps' into merges/master-to-master-vs-deps\n\n",
  "conflict_file_id": 34,
  "filename": "src/Features/LanguageServer/Protocol/Handler/Diagnostics/AbstractPullDiagnosticHandler.cs",
  "last_commit_on_a": "6903dc50deabb12c054d1b0b25de40efdef018f0",
  "last_commit_on_b": "f365e3faf0a6d46f0a630bfdd58f24380c3e9293",
  "author_info_a": {
    "name": "Joey Robichaud",
    "email": "jorobich@microsoft.com"
  },
  "author_info_b": {
    "name": "Allison Chou",
    "email": "allichou@microsoft.com"
  },
  "num_conflict_regions": 1,
  "conflict_region_spans": [
    {
      "conflict_id": 1,
      "a": {
        "start": 238,
        "end": 240
      },
      "base": {
        "start": 238,
        "end": 238
      },
      "b": {
        "start": 238,
        "end": 243
      }
    }
  ]
}