{
  "repository_origin_url": "https://github.com/dotnet/roslyn.git",
  "commit_id": "8416190d7365e3b8af9395a80404da8cb8c9fc62",
  "commit_date": "Wed, 10 Mar 2021 17:08:32 -0800",
  "commit_message": "Merge branch 'release/dev16.10-vs-deps' into merges/release/dev16.9-vs-deps-to-release/dev16.10-vs-deps\n\n",
  "conflict_file_id": 35,
  "filename": "src/VisualStudio/Core/Def/Implementation/LanguageClient/AlwaysActivateInProcLanguageClient.cs",
  "last_commit_on_a": "ae4590d124566c20328a295eb11dbfa54d75dd2f",
  "last_commit_on_b": "7052692120e526040b7116a4214eb292b6fcdf85",
  "author_info_a": {
    "name": "Joey Robichaud",
    "email": "jorobich@microsoft.com"
  },
  "author_info_b": {
    "name": "Joey Robichaud",
    "email": "jorobich@microsoft.com"
  },
  "num_conflict_regions": 1,
  "conflict_region_spans": [
    {
      "conflict_id": 1,
      "a": {
        "start": 36,
        "end": 37
      },
      "base": {
        "start": 36,
        "end": 37
      },
      "b": {
        "start": 36,
        "end": 38
      }
    }
  ]
}