{
  "repository_origin_url": "https://github.com/dotnet/roslyn.git",
  "commit_id": "8416190d7365e3b8af9395a80404da8cb8c9fc62",
  "commit_date": "Tue, 26 Jan 2021 11:28:33 -0800",
  "commit_message": "EnC OOP - part 2: Switch to Debugger.Contracts (#50643)\n* Switch to Debugger.Contracts\n\n* Do not load EnC service in design-time mode\n",
  "conflict_file_id": 36,
  "filename": "src/EditorFeatures/Core/Implementation/EditAndContinue/EditAndContinueDiagnosticAnalyzer.cs",
  "last_commit_on_a": "38c1328c0ed7d872dd9fbb854b1649cd199d29e7",
  "last_commit_on_b": "837161a20bf40b47c7a66761d28e43907f8737ae",
  "author_info_a": {
    "name": "Tom\u00e1\u0161 Matou\u0161ek",
    "email": "tmat@users.noreply.github.com"
  },
  "author_info_b": {
    "name": "Tom\u00e1\u0161 Matou\u0161ek",
    "email": "tmat@users.noreply.github.com"
  },
  "num_conflict_regions": 1,
  "conflict_region_spans": [
    {
      "conflict_id": 1,
      "a": {
        "start": 41,
        "end": 49
      },
      "base": {
        "start": 41,
        "end": 47
      },
      "b": {
        "start": 41,
        "end": 44
      }
    }
  ]
}