{
  "repository_origin_url": "https://github.com/dotnet/roslyn.git",
  "commit_id": "8d00209490f4595ef22a5440243ecfa0dc187eb2",
  "commit_date": "Thu, 11 Mar 2021 12:48:14 -0800",
  "commit_message": "simplify\n\n",
  "conflict_file_id": 37,
  "filename": "src/Workspaces/CSharp/Portable/Recommendations/CSharpRecommendationServiceRunner.cs",
  "last_commit_on_a": "1a9f0d69422f14eb08091223f6375042ec04a853",
  "last_commit_on_b": "2d3fd7daa2b28a4c4dc1dee116fd124e96306730",
  "author_info_a": {
    "name": "Cyrus Najmabadi",
    "email": "cyrus.najmabadi@gmail.com"
  },
  "author_info_b": {
    "name": "Cyrus Najmabadi",
    "email": "cyrus.najmabadi@gmail.com"
  },
  "num_conflict_regions": 8,
  "conflict_region_spans": [
    {
      "conflict_id": 1,
      "a": {
        "start": 117,
        "end": 140
      },
      "base": {
        "start": 117,
        "end": 140
      },
      "b": {
        "start": 117,
        "end": 123
      }
    },
    {
      "conflict_id": 2,
      "a": {
        "start": 349,
        "end": 350
      },
      "base": {
        "start": 349,
        "end": 350
      },
      "b": {
        "start": 332,
        "end": 333
      }
    },
    {
      "conflict_id": 3,
      "a": {
        "start": 422,
        "end": 431
      },
      "base": {
        "start": 422,
        "end": 431
      },
      "b": {
        "start": 405,
        "end": 408
      }
    },
    {
      "conflict_id": 4,
      "a": {
        "start": 432,
        "end": 435
      },
      "base": {
        "start": 432,
        "end": 438
      },
      "b": {
        "start": 409,
        "end": 418
      }
    },
    {
      "conflict_id": 5,
      "a": {
        "start": 455,
        "end": 456
      },
      "base": {
        "start": 458,
        "end": 459
      },
      "b": {
        "start": 438,
        "end": 442
      }
    },
    {
      "conflict_id": 6,
      "a": {
        "start": 477,
        "end": 481
      },
      "base": {
        "start": 480,
        "end": 484
      },
      "b": {
        "start": 463,
        "end": 466
      }
    },
    {
      "conflict_id": 7,
      "a": {
        "start": 492,
        "end": 494
      },
      "base": {
        "start": 495,
        "end": 503
      },
      "b": {
        "start": 477,
        "end": 479
      }
    },
    {
      "conflict_id": 8,
      "a": {
        "start": 496,
        "end": 504
      },
      "base": {
        "start": 505,
        "end": 508
      },
      "b": {
        "start": 481,
        "end": 484
      }
    }
  ]
}