{
  "repository_origin_url": "https://github.com/dotnet/roslyn.git",
  "commit_id": "4a75743e5007330e1316b99195b5b3d1b5f2f487",
  "commit_date": "Wed, 10 Mar 2021 17:08:32 -0800",
  "commit_message": "Merge branch 'release/dev16.10-vs-deps' into merges/release/dev16.9-vs-deps-to-release/dev16.10-vs-deps\n\n",
  "conflict_file_id": 38,
  "filename": "src/VisualStudio/Core/Def/Implementation/LanguageClient/AlwaysActivateInProcLanguageClient.cs",
  "last_commit_on_a": "ae4590d124566c20328a295eb11dbfa54d75dd2f",
  "last_commit_on_b": "a663766c825544898e1d196af46e8e4003cfb340",
  "author_info_a": {
    "name": "Joey Robichaud",
    "email": "jorobich@microsoft.com"
  },
  "author_info_b": {
    "name": "David Barbet",
    "email": "dabarbet@microsoft.com"
  },
  "num_conflict_regions": 2,
  "conflict_region_spans": [
    {
      "conflict_id": 1,
      "a": {
        "start": 57,
        "end": 62
      },
      "base": {
        "start": 57,
        "end": 58
      },
      "b": {
        "start": 57,
        "end": 63
      }
    },
    {
      "conflict_id": 2,
      "a": {
        "start": 63,
        "end": 74
      },
      "base": {
        "start": 59,
        "end": 69
      },
      "b": {
        "start": 64,
        "end": 79
      }
    }
  ]
}