{
  "repository_origin_url": "https://github.com/dotnet/roslyn.git",
  "commit_id": "2f14568e9fec58d9a300140ffd40c77533d14189",
  "commit_date": "Tue, 2 Mar 2021 16:44:35 -0800",
  "commit_message": "Merge remote-tracking branch 'upstream/master-vs-deps' into merge_master_vs_deps\n\n",
  "conflict_file_id": 39,
  "filename": "src/VisualStudio/Core/Def/Implementation/LanguageClient/AlwaysActivateInProcLanguageClient.cs",
  "last_commit_on_a": "a663766c825544898e1d196af46e8e4003cfb340",
  "last_commit_on_b": "7052692120e526040b7116a4214eb292b6fcdf85",
  "author_info_a": {
    "name": "David Barbet",
    "email": "dabarbet@microsoft.com"
  },
  "author_info_b": {
    "name": "Joey Robichaud",
    "email": "jorobich@microsoft.com"
  },
  "num_conflict_regions": 2,
  "conflict_region_spans": [
    {
      "conflict_id": 1,
      "a": {
        "start": 57,
        "end": 63
      },
      "base": {
        "start": 57,
        "end": 58
      },
      "b": {
        "start": 57,
        "end": 62
      }
    },
    {
      "conflict_id": 2,
      "a": {
        "start": 64,
        "end": 79
      },
      "base": {
        "start": 59,
        "end": 69
      },
      "b": {
        "start": 63,
        "end": 74
      }
    }
  ]
}