{
  "repository_origin_url": "https://github.com/dotnet/roslyn.git",
  "commit_id": "267a8460321b72415793a059300107dc7419bb07",
  "commit_date": "Mon, 5 Apr 2021 10:47:33 -0700",
  "commit_message": "Merge pull request #52378 from dotnet/merges/main-to-main-vs-deps\nMerge main to main-vs-deps\n",
  "conflict_file_id": 3,
  "filename": "src/Workspaces/Core/Portable/Storage/AbstractPersistentStorageService.cs",
  "last_commit_on_a": "e26948464c97d85aebc21c69142794e4a263f0df",
  "last_commit_on_b": "7b17ab75e69458173b0393759c177a9d38752c4a",
  "author_info_a": {
    "name": "Allison Chou",
    "email": "allichou@microsoft.com"
  },
  "author_info_b": {
    "name": "Cyrus Najmabadi",
    "email": "cyrusn@microsoft.com"
  },
  "num_conflict_regions": 1,
  "conflict_region_spans": [
    {
      "conflict_id": 1,
      "a": {
        "start": 154,
        "end": 161
      },
      "base": {
        "start": 154,
        "end": 157
      },
      "b": {
        "start": 154,
        "end": 160
      }
    }
  ]
}