{
  "repository_origin_url": "https://github.com/dotnet/roslyn.git",
  "commit_id": "1f40bd9d9109c7a86fe83317b08ae68313c27666",
  "commit_date": "Tue, 19 Jan 2021 16:01:37 -0800",
  "commit_message": "Merge remote-tracking branch 'dotnet/release/dev16.10' into insert-full-call\n\n",
  "conflict_file_id": 40,
  "filename": "src/Features/Core/Portable/Completion/CompletionOptions.cs",
  "last_commit_on_a": "5e9695d9708bcdf9d6839e459b9752f08aa501de",
  "last_commit_on_b": "9e027f637c94c992aeeacbeb629c5f36a9820203",
  "author_info_a": {
    "name": "Sam Harwell",
    "email": "Sam.Harwell@microsoft.com"
  },
  "author_info_b": {
    "name": "Allison Chou",
    "email": "allichou@microsoft.com"
  },
  "num_conflict_regions": 1,
  "conflict_region_spans": [
    {
      "conflict_id": 1,
      "a": {
        "start": 66,
        "end": 71
      },
      "base": {
        "start": 66,
        "end": 66
      },
      "b": {
        "start": 66,
        "end": 74
      }
    }
  ]
}