{
  "repository_origin_url": "https://github.com/dotnet/roslyn.git",
  "commit_id": "152de58ac83569f7942d946b4f26574d850e5a68",
  "commit_date": "Thu, 5 Nov 2020 10:56:40 -0800",
  "commit_message": "Merge remote-tracking branch 'upstream/master' into intellisenseExplicitCast\n\n",
  "conflict_file_id": 41,
  "filename": "src/Features/Core/Portable/Completion/CommonCompletionItem.cs",
  "last_commit_on_a": "45d5de39bc469036d055793cdee1b5a6ba881566",
  "last_commit_on_b": "7464573942d364bc8a33c04ec46ac5835e3d90ba",
  "author_info_a": {
    "name": "Cyrus Najmabadi",
    "email": "cyrus.najmabadi@gmail.com"
  },
  "author_info_b": {
    "name": "Allison Chou",
    "email": "allichou@microsoft.com"
  },
  "num_conflict_regions": 1,
  "conflict_region_spans": [
    {
      "conflict_id": 1,
      "a": {
        "start": 28,
        "end": 30
      },
      "base": {
        "start": 28,
        "end": 29
      },
      "b": {
        "start": 28,
        "end": 30
      }
    }
  ]
}