{
  "repository_origin_url": "https://github.com/dotnet/roslyn.git",
  "commit_id": "152de58ac83569f7942d946b4f26574d850e5a68",
  "commit_date": "Thu, 21 Jan 2021 10:31:24 -0800",
  "commit_message": "Merge remote-tracking branch 'upstream/master' into intellisenseExplicitCast\n\n",
  "conflict_file_id": 42,
  "filename": "src/Features/Core/Portable/Completion/Providers/SymbolCompletionItem.cs",
  "last_commit_on_a": "9c3aba1bac6f1f2d0824a219109e626533d686d8",
  "last_commit_on_b": "7464573942d364bc8a33c04ec46ac5835e3d90ba",
  "author_info_a": {
    "name": "Cyrus Najmabadi",
    "email": "cyrus.najmabadi@gmail.com"
  },
  "author_info_b": {
    "name": "Allison Chou",
    "email": "allichou@microsoft.com"
  },
  "num_conflict_regions": 2,
  "conflict_region_spans": [
    {
      "conflict_id": 1,
      "a": {
        "start": 36,
        "end": 40
      },
      "base": {
        "start": 36,
        "end": 37
      },
      "b": {
        "start": 36,
        "end": 38
      }
    },
    {
      "conflict_id": 2,
      "a": {
        "start": 316,
        "end": 318
      },
      "base": {
        "start": 313,
        "end": 314
      },
      "b": {
        "start": 314,
        "end": 315
      }
    }
  ]
}