{
  "repository_origin_url": "https://github.com/dotnet/roslyn.git",
  "commit_id": "7052692120e526040b7116a4214eb292b6fcdf85",
  "commit_date": "Tue, 9 Mar 2021 17:20:53 -0800",
  "commit_message": "add feature flag to remotely control textsync in 16.9\n\n",
  "conflict_file_id": 43,
  "filename": "src/Workspaces/Core/Portable/Experiments/IExperimentationService.cs",
  "last_commit_on_a": "91ce75d62a8547c57518a1b37b44d52c8fc4e1de",
  "last_commit_on_b": "03f3b2337390efa85ce371086b246da872135845",
  "author_info_a": {
    "name": "David Barbet",
    "email": "dabarbet@microsoft.com"
  },
  "author_info_b": {
    "name": "Joey Robichaud",
    "email": "joseph.robichaud@microsoft.com"
  },
  "num_conflict_regions": 1,
  "conflict_region_spans": [
    {
      "conflict_id": 1,
      "a": {
        "start": 36,
        "end": 37
      },
      "base": {
        "start": 36,
        "end": 36
      },
      "b": {
        "start": 36,
        "end": 37
      }
    }
  ]
}