{
  "repository_origin_url": "https://github.com/dotnet/roslyn.git",
  "commit_id": "054a9856ec12dcccd6e9b7a0c99c7f28ec9cd390",
  "commit_date": "Mon, 7 Dec 2020 14:49:09 -0800",
  "commit_message": "Merge remote-tracking branch 'dotnet/master' into merges/master-to-features/UsedAssemblyReferences\n\n",
  "conflict_file_id": 45,
  "filename": "src/Compilers/CSharp/Test/Symbol/Compilation/CompilationAPITests.cs",
  "last_commit_on_a": "f6ba23211d9272426214fe055ab8f1e9983e6dd4",
  "last_commit_on_b": "30a20db9cca7a243b2ff7ce57489ee2b748cfbd2",
  "author_info_a": {
    "name": "AlekseyTs",
    "email": "alekseyt@microsoft.com"
  },
  "author_info_b": {
    "name": "Fredric Silberberg",
    "email": "frsilb@microsoft.com"
  },
  "num_conflict_regions": 1,
  "conflict_region_spans": [
    {
      "conflict_id": 1,
      "a": {
        "start": 2195,
        "end": 2196
      },
      "base": {
        "start": 2195,
        "end": 2196
      },
      "b": {
        "start": 2195,
        "end": 2196
      }
    }
  ]
}