{
  "repository_origin_url": "https://github.com/dotnet/roslyn.git",
  "commit_id": "054a9856ec12dcccd6e9b7a0c99c7f28ec9cd390",
  "commit_date": "Fri, 12 Feb 2021 08:02:06 +1100",
  "commit_message": "Formatting\n\n",
  "conflict_file_id": 46,
  "filename": "src/EditorFeatures/CSharpTest/EditAndContinue/StatementEditingTests.cs",
  "last_commit_on_a": "ca90d45327074531947c74020d2b4a6a5b16a334",
  "last_commit_on_b": "fc7b7377b45a0d3ad87ef13b44993db82a9f44f3",
  "author_info_a": {
    "name": "David Wengier",
    "email": "david.wengier@microsoft.com"
  },
  "author_info_b": {
    "name": "Tom\u00e1\u0161 Matou\u0161ek",
    "email": "tmat@users.noreply.github.com"
  },
  "num_conflict_regions": 1,
  "conflict_region_spans": [
    {
      "conflict_id": 1,
      "a": {
        "start": 6993,
        "end": 7387
      },
      "base": {
        "start": 6993,
        "end": 6993
      },
      "b": {
        "start": 6993,
        "end": 7346
      }
    }
  ]
}