{
  "repository_origin_url": "https://github.com/dotnet/roslyn.git",
  "commit_id": "054a9856ec12dcccd6e9b7a0c99c7f28ec9cd390",
  "commit_date": "Wed, 3 Mar 2021 13:31:43 -0800",
  "commit_message": "Fix merge conflicts\n\n",
  "conflict_file_id": 47,
  "filename": "src/VisualStudio/Core/Def/Implementation/LanguageClient/RazorInProcLanguageClient.cs",
  "last_commit_on_a": "f365e3faf0a6d46f0a630bfdd58f24380c3e9293",
  "last_commit_on_b": "503ae48736894edcfe1ccbfdd4041f1f33eecd4a",
  "author_info_a": {
    "name": "Allison Chou",
    "email": "allichou@microsoft.com"
  },
  "author_info_b": {
    "name": "Jason Malinowski",
    "email": "jason.malinowski@microsoft.com"
  },
  "num_conflict_regions": 1,
  "conflict_region_spans": [
    {
      "conflict_id": 1,
      "a": {
        "start": 56,
        "end": 58
      },
      "base": {
        "start": 56,
        "end": 57
      },
      "b": {
        "start": 56,
        "end": 57
      }
    }
  ]
}