{
  "repository_origin_url": "https://github.com/dotnet/roslyn.git",
  "commit_id": "054a9856ec12dcccd6e9b7a0c99c7f28ec9cd390",
  "commit_date": "Tue, 26 Jan 2021 09:49:06 -0800",
  "commit_message": "PR feedback\n\n",
  "conflict_file_id": 48,
  "filename": "src/Tools/AnalyzerRunner/IncrementalAnalyzerRunner.cs",
  "last_commit_on_a": "eff8e08587a40162b49445c32947439120c03e6f",
  "last_commit_on_b": "9514be45fc6eb29978de3e27c644c735d5697013",
  "author_info_a": {
    "name": "Cyrus Najmabadi",
    "email": "cyrus.najmabadi@gmail.com"
  },
  "author_info_b": {
    "name": "Cyrus Najmabadi",
    "email": "cyrus.najmabadi@gmail.com"
  },
  "num_conflict_regions": 1,
  "conflict_region_spans": [
    {
      "conflict_id": 1,
      "a": {
        "start": 58,
        "end": 59
      },
      "base": {
        "start": 58,
        "end": 59
      },
      "b": {
        "start": 58,
        "end": 59
      }
    }
  ]
}