{
  "repository_origin_url": "https://github.com/dotnet/roslyn.git",
  "commit_id": "054a9856ec12dcccd6e9b7a0c99c7f28ec9cd390",
  "commit_date": "Tue, 19 Jan 2021 17:45:35 -0800",
  "commit_message": "EnC OOP - part 1 (#50410)\n* Move EnC to OOP\n\n* Align data structures with debugger\n\n* Fix test\n",
  "conflict_file_id": 49,
  "filename": "src/EditorFeatures/CSharpTest/EditAndContinue/ActiveStatementTests.cs",
  "last_commit_on_a": "837161a20bf40b47c7a66761d28e43907f8737ae",
  "last_commit_on_b": "fc7b7377b45a0d3ad87ef13b44993db82a9f44f3",
  "author_info_a": {
    "name": "Tom\u00e1\u0161 Matou\u0161ek",
    "email": "tmat@users.noreply.github.com"
  },
  "author_info_b": {
    "name": "Tom\u00e1\u0161 Matou\u0161ek",
    "email": "tmat@users.noreply.github.com"
  },
  "num_conflict_regions": 1,
  "conflict_region_spans": [
    {
      "conflict_id": 1,
      "a": {
        "start": 11,
        "end": 12
      },
      "base": {
        "start": 11,
        "end": 11
      },
      "b": {
        "start": 11,
        "end": 13
      }
    }
  ]
}