{
  "repository_origin_url": "https://github.com/dotnet/roslyn.git",
  "commit_id": "267a8460321b72415793a059300107dc7419bb07",
  "commit_date": "Wed, 3 Mar 2021 14:04:40 -0800",
  "commit_message": "Add docs\n\n",
  "conflict_file_id": 4,
  "filename": "src/Workspaces/Core/Portable/Workspace/Host/PersistentStorage/SolutionKey.cs",
  "last_commit_on_a": "a258e12a1196906ed1a55a44e048ad9e36817383",
  "last_commit_on_b": "affd18b5faf1b0fedebe233e34e76bfb65ad973d",
  "author_info_a": {
    "name": "Cyrus Najmabadi",
    "email": "cyrus.najmabadi@gmail.com"
  },
  "author_info_b": {
    "name": "Cyrus Najmabadi",
    "email": "cyrusn@microsoft.com"
  },
  "num_conflict_regions": 2,
  "conflict_region_spans": [
    {
      "conflict_id": 1,
      "a": {
        "start": 21,
        "end": 22
      },
      "base": {
        "start": 21,
        "end": 22
      },
      "b": {
        "start": 21,
        "end": 24
      }
    },
    {
      "conflict_id": 2,
      "a": {
        "start": 36,
        "end": 62
      },
      "base": {
        "start": 36,
        "end": 62
      },
      "b": {
        "start": 38,
        "end": 38
      }
    }
  ]
}