{
  "repository_origin_url": "https://github.com/dotnet/roslyn.git",
  "commit_id": "054a9856ec12dcccd6e9b7a0c99c7f28ec9cd390",
  "commit_date": "Thu, 11 Feb 2021 13:02:38 -0800",
  "commit_message": "Merge 'master' into merges/master-to-features/UsedAssemblyReferences\n\n",
  "conflict_file_id": 51,
  "filename": "src/Compilers/CSharp/Test/Semantic/Semantics/NullableReferenceTypesTests.cs",
  "last_commit_on_a": "d21dafcb3a43a28969669a3589c3db1681bd7c78",
  "last_commit_on_b": "8629673a85f0f111d282fba25dabb0c4ae5819a6",
  "author_info_a": {
    "name": "AlekseyTs",
    "email": "alekseyt@microsoft.com"
  },
  "author_info_b": {
    "name": "Allison Chou",
    "email": "allichou@microsoft.com"
  },
  "num_conflict_regions": 1,
  "conflict_region_spans": [
    {
      "conflict_id": 1,
      "a": {
        "start": 13439,
        "end": 13440
      },
      "base": {
        "start": 13439,
        "end": 13440
      },
      "b": {
        "start": 13439,
        "end": 13446
      }
    }
  ]
}