{
  "repository_origin_url": "https://github.com/dotnet/roslyn.git",
  "commit_id": "054a9856ec12dcccd6e9b7a0c99c7f28ec9cd390",
  "commit_date": "Tue, 9 Feb 2021 22:22:21 +1100",
  "commit_message": "Remove assert\nNow that tree edits are computed for statement syntax, there is no guarantee nodes will be labelled\n\n",
  "conflict_file_id": 52,
  "filename": "src/Features/CSharp/Portable/EditAndContinue/SyntaxComparer.cs",
  "last_commit_on_a": "218323767362c0ee217ff0057b68f66eaca45e0d",
  "last_commit_on_b": "4595a1eef9440569ca13a6ad38999e9fc51f6ed1",
  "author_info_a": {
    "name": "David Wengier",
    "email": "david.wengier@microsoft.com"
  },
  "author_info_b": {
    "name": "David Wengier",
    "email": "david.wengier@microsoft.com"
  },
  "num_conflict_regions": 37,
  "conflict_region_spans": [
    {
      "conflict_id": 1,
      "a": {
        "start": 36,
        "end": 337
      },
      "base": {
        "start": 36,
        "end": 43
      },
      "b": {
        "start": 36,
        "end": 40
      }
    },
    {
      "conflict_id": 2,
      "a": {
        "start": 339,
        "end": 341
      },
      "base": {
        "start": 45,
        "end": 47
      },
      "b": {
        "start": 42,
        "end": 43
      }
    },
    {
      "conflict_id": 3,
      "a": {
        "start": 342,
        "end": 400
      },
      "base": {
        "start": 48,
        "end": 49
      },
      "b": {
        "start": 44,
        "end": 58
      }
    },
    {
      "conflict_id": 4,
      "a": {
        "start": 401,
        "end": 407
      },
      "base": {
        "start": 50,
        "end": 51
      },
      "b": {
        "start": 59,
        "end": 86
      }
    },
    {
      "conflict_id": 5,
      "a": {
        "start": 408,
        "end": 409
      },
      "base": {
        "start": 52,
        "end": 53
      },
      "b": {
        "start": 87,
        "end": 108
      }
    },
    {
      "conflict_id": 6,
      "a": {
        "start": 410,
        "end": 415
      },
      "base": {
        "start": 54,
        "end": 55
      },
      "b": {
        "start": 109,
        "end": 110
      }
    },
    {
      "conflict_id": 7,
      "a": {
        "start": 416,
        "end": 736
      },
      "base": {
        "start": 56,
        "end": 57
      },
      "b": {
        "start": 111,
        "end": 112
      }
    },
    {
      "conflict_id": 8,
      "a": {
        "start": 738,
        "end": 758
      },
      "base": {
        "start": 59,
        "end": 60
      },
      "b": {
        "start": 114,
        "end": 120
      }
    },
    {
      "conflict_id": 9,
      "a": {
        "start": 759,
        "end": 761
      },
      "base": {
        "start": 61,
        "end": 62
      },
      "b": {
        "start": 121,
        "end": 131
      }
    },
    {
      "conflict_id": 10,
      "a": {
        "start": 762,
        "end": 775
      },
      "base": {
        "start": 63,
        "end": 64
      },
      "b": {
        "start": 132,
        "end": 139
      }
    },
    {
      "conflict_id": 11,
      "a": {
        "start": 776,
        "end": 802
      },
      "base": {
        "start": 65,
        "end": 65
      },
      "b": {
        "start": 140,
        "end": 819
      }
    },
    {
      "conflict_id": 12,
      "a": {
        "start": 803,
        "end": 852
      },
      "base": {
        "start": 66,
        "end": 67
      },
      "b": {
        "start": 820,
        "end": 881
      }
    },
    {
      "conflict_id": 13,
      "a": {
        "start": 854,
        "end": 855
      },
      "base": {
        "start": 69,
        "end": 70
      },
      "b": {
        "start": 883,
        "end": 890
      }
    },
    {
      "conflict_id": 14,
      "a": {
        "start": 857,
        "end": 858
      },
      "base": {
        "start": 72,
        "end": 73
      },
      "b": {
        "start": 892,
        "end": 893
      }
    },
    {
      "conflict_id": 15,
      "a": {
        "start": 859,
        "end": 866
      },
      "base": {
        "start": 74,
        "end": 75
      },
      "b": {
        "start": 894,
        "end": 895
      }
    },
    {
      "conflict_id": 16,
      "a": {
        "start": 871,
        "end": 945
      },
      "base": {
        "start": 80,
        "end": 80
      },
      "b": {
        "start": 900,
        "end": 948
      }
    },
    {
      "conflict_id": 17,
      "a": {
        "start": 946,
        "end": 951
      },
      "base": {
        "start": 81,
        "end": 82
      },
      "b": {
        "start": 949,
        "end": 950
      }
    },
    {
      "conflict_id": 18,
      "a": {
        "start": 952,
        "end": 1014
      },
      "base": {
        "start": 83,
        "end": 86
      },
      "b": {
        "start": 951,
        "end": 1043
      }
    },
    {
      "conflict_id": 19,
      "a": {
        "start": 1018,
        "end": 1025
      },
      "base": {
        "start": 90,
        "end": 91
      },
      "b": {
        "start": 1047,
        "end": 1049
      }
    },
    {
      "conflict_id": 20,
      "a": {
        "start": 1026,
        "end": 1053
      },
      "base": {
        "start": 92,
        "end": 94
      },
      "b": {
        "start": 1050,
        "end": 1051
      }
    },
    {
      "conflict_id": 21,
      "a": {
        "start": 1054,
        "end": 1075
      },
      "base": {
        "start": 95,
        "end": 97
      },
      "b": {
        "start": 1052,
        "end": 1123
      }
    },
    {
      "conflict_id": 22,
      "a": {
        "start": 1076,
        "end": 1200
      },
      "base": {
        "start": 98,
        "end": 100
      },
      "b": {
        "start": 1124,
        "end": 1229
      }
    },
    {
      "conflict_id": 23,
      "a": {
        "start": 1203,
        "end": 1251
      },
      "base": {
        "start": 103,
        "end": 105
      },
      "b": {
        "start": 1232,
        "end": 1237
      }
    },
    {
      "conflict_id": 24,
      "a": {
        "start": 1252,
        "end": 1256
      },
      "base": {
        "start": 106,
        "end": 108
      },
      "b": {
        "start": 1238,
        "end": 1285
      }
    },
    {
      "conflict_id": 25,
      "a": {
        "start": 1261,
        "end": 1266
      },
      "base": {
        "start": 113,
        "end": 118
      },
      "b": {
        "start": 1290,
        "end": 1313
      }
    },
    {
      "conflict_id": 26,
      "a": {
        "start": 1267,
        "end": 1270
      },
      "base": {
        "start": 119,
        "end": 120
      },
      "b": {
        "start": 1314,
        "end": 1330
      }
    },
    {
      "conflict_id": 27,
      "a": {
        "start": 1271,
        "end": 1303
      },
      "base": {
        "start": 121,
        "end": 122
      },
      "b": {
        "start": 1331,
        "end": 1332
      }
    },
    {
      "conflict_id": 28,
      "a": {
        "start": 1313,
        "end": 1327
      },
      "base": {
        "start": 132,
        "end": 133
      },
      "b": {
        "start": 1342,
        "end": 1346
      }
    },
    {
      "conflict_id": 29,
      "a": {
        "start": 1328,
        "end": 1330
      },
      "base": {
        "start": 134,
        "end": 135
      },
      "b": {
        "start": 1347,
        "end": 1348
      }
    },
    {
      "conflict_id": 30,
      "a": {
        "start": 1332,
        "end": 1334
      },
      "base": {
        "start": 137,
        "end": 138
      },
      "b": {
        "start": 1350,
        "end": 1363
      }
    },
    {
      "conflict_id": 31,
      "a": {
        "start": 1390,
        "end": 1404
      },
      "base": {
        "start": 194,
        "end": 199
      },
      "b": {
        "start": 1419,
        "end": 1423
      }
    },
    {
      "conflict_id": 32,
      "a": {
        "start": 1405,
        "end": 1457
      },
      "base": {
        "start": 200,
        "end": 201
      },
      "b": {
        "start": 1424,
        "end": 1425
      }
    },
    {
      "conflict_id": 33,
      "a": {
        "start": 1458,
        "end": 1482
      },
      "base": {
        "start": 202,
        "end": 203
      },
      "b": {
        "start": 1426,
        "end": 1441
      }
    },
    {
      "conflict_id": 34,
      "a": {
        "start": 1483,
        "end": 1484
      },
      "base": {
        "start": 204,
        "end": 206
      },
      "b": {
        "start": 1442,
        "end": 1470
      }
    },
    {
      "conflict_id": 35,
      "a": {
        "start": 1486,
        "end": 1487
      },
      "base": {
        "start": 208,
        "end": 209
      },
      "b": {
        "start": 1472,
        "end": 1473
      }
    },
    {
      "conflict_id": 36,
      "a": {
        "start": 1488,
        "end": 1530
      },
      "base": {
        "start": 210,
        "end": 211
      },
      "b": {
        "start": 1474,
        "end": 1477
      }
    },
    {
      "conflict_id": 37,
      "a": {
        "start": 1531,
        "end": 1573
      },
      "base": {
        "start": 212,
        "end": 214
      },
      "b": {
        "start": 1478,
        "end": 1603
      }
    }
  ]
}