{
  "repository_origin_url": "https://github.com/dotnet/roslyn.git",
  "commit_id": "054a9856ec12dcccd6e9b7a0c99c7f28ec9cd390",
  "commit_date": "Tue, 9 Feb 2021 14:54:17 -0800",
  "commit_message": "Remove the bulk load parameter now that it isn't needed\n\n",
  "conflict_file_id": 53,
  "filename": "src/Workspaces/Core/Portable/Storage/AbstractPersistentStorageService.cs",
  "last_commit_on_a": "57d9b49fce85781ab0ca4fb589a1cbeb5e5c4e67",
  "last_commit_on_b": "012966c8e3da5b6f33a572163025fed61128084a",
  "author_info_a": {
    "name": "Cyrus Najmabadi",
    "email": "cyrus.najmabadi@gmail.com"
  },
  "author_info_b": {
    "name": "Huo Yaoyuan",
    "email": "huoyaoyuan@hotmail.com"
  },
  "num_conflict_regions": 1,
  "conflict_region_spans": [
    {
      "conflict_id": 1,
      "a": {
        "start": 237,
        "end": 239
      },
      "base": {
        "start": 237,
        "end": 239
      },
      "b": {
        "start": 237,
        "end": 242
      }
    }
  ]
}