{
  "repository_origin_url": "https://github.com/dotnet/roslyn.git",
  "commit_id": "054a9856ec12dcccd6e9b7a0c99c7f28ec9cd390",
  "commit_date": "Fri, 12 Feb 2021 09:18:11 +1100",
  "commit_message": "Allow didChange to operate on tracked source text directly (#50929)\n\n",
  "conflict_file_id": 54,
  "filename": "src/Features/LanguageServer/Protocol/Handler/Completion/CompletionResolveHandler.cs",
  "last_commit_on_a": "b549809eec5d1f80968f17f98ffa17bbfbe1df7f",
  "last_commit_on_b": "7464573942d364bc8a33c04ec46ac5835e3d90ba",
  "author_info_a": {
    "name": "David Wengier",
    "email": "david.wengier@microsoft.com"
  },
  "author_info_b": {
    "name": "Allison Chou",
    "email": "allichou@microsoft.com"
  },
  "num_conflict_regions": 2,
  "conflict_region_spans": [
    {
      "conflict_id": 1,
      "a": {
        "start": 9,
        "end": 10
      },
      "base": {
        "start": 9,
        "end": 11
      },
      "b": {
        "start": 9,
        "end": 9
      }
    },
    {
      "conflict_id": 2,
      "a": {
        "start": 136,
        "end": 151
      },
      "base": {
        "start": 137,
        "end": 151
      },
      "b": {
        "start": 135,
        "end": 156
      }
    }
  ]
}