{
  "repository_origin_url": "https://github.com/dotnet/roslyn.git",
  "commit_id": "054a9856ec12dcccd6e9b7a0c99c7f28ec9cd390",
  "commit_date": "Mon, 25 Jan 2021 18:35:11 -0800",
  "commit_message": "Complete work\n\n",
  "conflict_file_id": 55,
  "filename": "src/VisualStudio/CSharp/Test/PersistentStorage/SQLiteV2PersistentStorageTests.cs",
  "last_commit_on_a": "867eb2a5d6badd1f95a071e83cc7b22c9d63d25c",
  "last_commit_on_b": "9514be45fc6eb29978de3e27c644c735d5697013",
  "author_info_a": {
    "name": "Cyrus Najmabadi",
    "email": "cyrus.najmabadi@gmail.com"
  },
  "author_info_b": {
    "name": "Cyrus Najmabadi",
    "email": "cyrus.najmabadi@gmail.com"
  },
  "num_conflict_regions": 1,
  "conflict_region_spans": [
    {
      "conflict_id": 1,
      "a": {
        "start": 43,
        "end": 44
      },
      "base": {
        "start": 43,
        "end": 44
      },
      "b": {
        "start": 43,
        "end": 44
      }
    }
  ]
}