{
  "repository_origin_url": "https://github.com/dotnet/roslyn.git",
  "commit_id": "054a9856ec12dcccd6e9b7a0c99c7f28ec9cd390",
  "commit_date": "Thu, 28 Jan 2021 10:24:14 -0800",
  "commit_message": "Store some keys in a contextless fashion so they can always be found regardless of project context.\n\n",
  "conflict_file_id": 57,
  "filename": "src/Workspaces/Core/Portable/Workspace/Host/PersistentStorage/NoOpPersistentStorage.cs",
  "last_commit_on_a": "61f3635880ad949109268fdc6868da4daa81bc0f",
  "last_commit_on_b": "9514be45fc6eb29978de3e27c644c735d5697013",
  "author_info_a": {
    "name": "Cyrus Najmabadi",
    "email": "cyrus.najmabadi@gmail.com"
  },
  "author_info_b": {
    "name": "Cyrus Najmabadi",
    "email": "cyrus.najmabadi@gmail.com"
  },
  "num_conflict_regions": 6,
  "conflict_region_spans": [
    {
      "conflict_id": 1,
      "a": {
        "start": 25,
        "end": 27
      },
      "base": {
        "start": 25,
        "end": 27
      },
      "b": {
        "start": 25,
        "end": 29
      }
    },
    {
      "conflict_id": 2,
      "a": {
        "start": 28,
        "end": 30
      },
      "base": {
        "start": 28,
        "end": 30
      },
      "b": {
        "start": 30,
        "end": 32
      }
    },
    {
      "conflict_id": 3,
      "a": {
        "start": 31,
        "end": 33
      },
      "base": {
        "start": 31,
        "end": 33
      },
      "b": {
        "start": 33,
        "end": 35
      }
    },
    {
      "conflict_id": 4,
      "a": {
        "start": 34,
        "end": 36
      },
      "base": {
        "start": 34,
        "end": 36
      },
      "b": {
        "start": 36,
        "end": 38
      }
    },
    {
      "conflict_id": 5,
      "a": {
        "start": 37,
        "end": 39
      },
      "base": {
        "start": 37,
        "end": 39
      },
      "b": {
        "start": 39,
        "end": 41
      }
    },
    {
      "conflict_id": 6,
      "a": {
        "start": 40,
        "end": 41
      },
      "base": {
        "start": 40,
        "end": 41
      },
      "b": {
        "start": 42,
        "end": 46
      }
    }
  ]
}