{
  "repository_origin_url": "https://github.com/dotnet/roslyn.git",
  "commit_id": "267a8460321b72415793a059300107dc7419bb07",
  "commit_date": "Wed, 3 Mar 2021 14:33:27 -0800",
  "commit_message": "Add helper\n\n",
  "conflict_file_id": 5,
  "filename": "src/Workspaces/Core/Portable/Storage/SQLite/v2/SQLitePersistentStorageService.cs",
  "last_commit_on_a": "bd08648d0f775f0cdbb9fd418c10d64c68a49a8a",
  "last_commit_on_b": "affd18b5faf1b0fedebe233e34e76bfb65ad973d",
  "author_info_a": {
    "name": "Cyrus Najmabadi",
    "email": "cyrus.najmabadi@gmail.com"
  },
  "author_info_b": {
    "name": "Cyrus Najmabadi",
    "email": "cyrusn@microsoft.com"
  },
  "num_conflict_regions": 1,
  "conflict_region_spans": [
    {
      "conflict_id": 1,
      "a": {
        "start": 60,
        "end": 63
      },
      "base": {
        "start": 60,
        "end": 60
      },
      "b": {
        "start": 60,
        "end": 61
      }
    }
  ]
}