{
  "repository_origin_url": "https://github.com/dotnet/roslyn.git",
  "commit_id": "054a9856ec12dcccd6e9b7a0c99c7f28ec9cd390",
  "commit_date": "Wed, 27 Jan 2021 22:45:08 -0800",
  "commit_message": "No need to cancel\n\n",
  "conflict_file_id": 60,
  "filename": "src/VisualStudio/CSharp/Test/PersistentStorage/AbstractPersistentStorageTests.cs",
  "last_commit_on_a": "d901ca7b948dc3230d65e0842acb340eb964196f",
  "last_commit_on_b": "9514be45fc6eb29978de3e27c644c735d5697013",
  "author_info_a": {
    "name": "Cyrus Najmabadi",
    "email": "cyrus.najmabadi@gmail.com"
  },
  "author_info_b": {
    "name": "Cyrus Najmabadi",
    "email": "cyrus.najmabadi@gmail.com"
  },
  "num_conflict_regions": 61,
  "conflict_region_spans": [
    {
      "conflict_id": 1,
      "a": {
        "start": 103,
        "end": 104
      },
      "base": {
        "start": 103,
        "end": 104
      },
      "b": {
        "start": 103,
        "end": 104
      }
    },
    {
      "conflict_id": 2,
      "a": {
        "start": 121,
        "end": 122
      },
      "base": {
        "start": 121,
        "end": 122
      },
      "b": {
        "start": 121,
        "end": 122
      }
    },
    {
      "conflict_id": 3,
      "a": {
        "start": 127,
        "end": 128
      },
      "base": {
        "start": 127,
        "end": 128
      },
      "b": {
        "start": 127,
        "end": 128
      }
    },
    {
      "conflict_id": 4,
      "a": {
        "start": 142,
        "end": 143
      },
      "base": {
        "start": 142,
        "end": 143
      },
      "b": {
        "start": 142,
        "end": 143
      }
    },
    {
      "conflict_id": 5,
      "a": {
        "start": 150,
        "end": 151
      },
      "base": {
        "start": 150,
        "end": 151
      },
      "b": {
        "start": 150,
        "end": 151
      }
    },
    {
      "conflict_id": 6,
      "a": {
        "start": 165,
        "end": 166
      },
      "base": {
        "start": 165,
        "end": 166
      },
      "b": {
        "start": 165,
        "end": 166
      }
    },
    {
      "conflict_id": 7,
      "a": {
        "start": 181,
        "end": 182
      },
      "base": {
        "start": 181,
        "end": 182
      },
      "b": {
        "start": 181,
        "end": 182
      }
    },
    {
      "conflict_id": 8,
      "a": {
        "start": 199,
        "end": 200
      },
      "base": {
        "start": 199,
        "end": 200
      },
      "b": {
        "start": 199,
        "end": 200
      }
    },
    {
      "conflict_id": 9,
      "a": {
        "start": 216,
        "end": 217
      },
      "base": {
        "start": 216,
        "end": 217
      },
      "b": {
        "start": 216,
        "end": 217
      }
    },
    {
      "conflict_id": 10,
      "a": {
        "start": 230,
        "end": 231
      },
      "base": {
        "start": 230,
        "end": 231
      },
      "b": {
        "start": 230,
        "end": 231
      }
    },
    {
      "conflict_id": 11,
      "a": {
        "start": 244,
        "end": 245
      },
      "base": {
        "start": 244,
        "end": 245
      },
      "b": {
        "start": 244,
        "end": 245
      }
    },
    {
      "conflict_id": 12,
      "a": {
        "start": 276,
        "end": 277
      },
      "base": {
        "start": 276,
        "end": 277
      },
      "b": {
        "start": 276,
        "end": 277
      }
    },
    {
      "conflict_id": 13,
      "a": {
        "start": 288,
        "end": 289
      },
      "base": {
        "start": 288,
        "end": 289
      },
      "b": {
        "start": 288,
        "end": 289
      }
    },
    {
      "conflict_id": 14,
      "a": {
        "start": 302,
        "end": 303
      },
      "base": {
        "start": 302,
        "end": 303
      },
      "b": {
        "start": 302,
        "end": 303
      }
    },
    {
      "conflict_id": 15,
      "a": {
        "start": 314,
        "end": 316
      },
      "base": {
        "start": 314,
        "end": 316
      },
      "b": {
        "start": 314,
        "end": 316
      }
    },
    {
      "conflict_id": 16,
      "a": {
        "start": 325,
        "end": 326
      },
      "base": {
        "start": 325,
        "end": 326
      },
      "b": {
        "start": 325,
        "end": 326
      }
    },
    {
      "conflict_id": 17,
      "a": {
        "start": 330,
        "end": 331
      },
      "base": {
        "start": 330,
        "end": 331
      },
      "b": {
        "start": 330,
        "end": 331
      }
    },
    {
      "conflict_id": 18,
      "a": {
        "start": 343,
        "end": 344
      },
      "base": {
        "start": 343,
        "end": 344
      },
      "b": {
        "start": 343,
        "end": 344
      }
    },
    {
      "conflict_id": 19,
      "a": {
        "start": 348,
        "end": 349
      },
      "base": {
        "start": 348,
        "end": 349
      },
      "b": {
        "start": 348,
        "end": 349
      }
    },
    {
      "conflict_id": 20,
      "a": {
        "start": 361,
        "end": 362
      },
      "base": {
        "start": 361,
        "end": 362
      },
      "b": {
        "start": 361,
        "end": 362
      }
    },
    {
      "conflict_id": 21,
      "a": {
        "start": 366,
        "end": 367
      },
      "base": {
        "start": 366,
        "end": 367
      },
      "b": {
        "start": 366,
        "end": 367
      }
    },
    {
      "conflict_id": 22,
      "a": {
        "start": 379,
        "end": 380
      },
      "base": {
        "start": 379,
        "end": 380
      },
      "b": {
        "start": 379,
        "end": 380
      }
    },
    {
      "conflict_id": 23,
      "a": {
        "start": 384,
        "end": 385
      },
      "base": {
        "start": 384,
        "end": 385
      },
      "b": {
        "start": 384,
        "end": 385
      }
    },
    {
      "conflict_id": 24,
      "a": {
        "start": 397,
        "end": 398
      },
      "base": {
        "start": 397,
        "end": 398
      },
      "b": {
        "start": 397,
        "end": 398
      }
    },
    {
      "conflict_id": 25,
      "a": {
        "start": 403,
        "end": 404
      },
      "base": {
        "start": 403,
        "end": 404
      },
      "b": {
        "start": 403,
        "end": 404
      }
    },
    {
      "conflict_id": 26,
      "a": {
        "start": 416,
        "end": 417
      },
      "base": {
        "start": 416,
        "end": 417
      },
      "b": {
        "start": 416,
        "end": 417
      }
    },
    {
      "conflict_id": 27,
      "a": {
        "start": 422,
        "end": 423
      },
      "base": {
        "start": 422,
        "end": 423
      },
      "b": {
        "start": 422,
        "end": 423
      }
    },
    {
      "conflict_id": 28,
      "a": {
        "start": 435,
        "end": 436
      },
      "base": {
        "start": 435,
        "end": 436
      },
      "b": {
        "start": 435,
        "end": 436
      }
    },
    {
      "conflict_id": 29,
      "a": {
        "start": 441,
        "end": 442
      },
      "base": {
        "start": 441,
        "end": 442
      },
      "b": {
        "start": 441,
        "end": 442
      }
    },
    {
      "conflict_id": 30,
      "a": {
        "start": 455,
        "end": 456
      },
      "base": {
        "start": 455,
        "end": 456
      },
      "b": {
        "start": 455,
        "end": 456
      }
    },
    {
      "conflict_id": 31,
      "a": {
        "start": 460,
        "end": 461
      },
      "base": {
        "start": 460,
        "end": 461
      },
      "b": {
        "start": 460,
        "end": 461
      }
    },
    {
      "conflict_id": 32,
      "a": {
        "start": 475,
        "end": 476
      },
      "base": {
        "start": 475,
        "end": 476
      },
      "b": {
        "start": 475,
        "end": 476
      }
    },
    {
      "conflict_id": 33,
      "a": {
        "start": 480,
        "end": 481
      },
      "base": {
        "start": 480,
        "end": 481
      },
      "b": {
        "start": 480,
        "end": 481
      }
    },
    {
      "conflict_id": 34,
      "a": {
        "start": 495,
        "end": 496
      },
      "base": {
        "start": 495,
        "end": 496
      },
      "b": {
        "start": 495,
        "end": 496
      }
    },
    {
      "conflict_id": 35,
      "a": {
        "start": 500,
        "end": 501
      },
      "base": {
        "start": 500,
        "end": 501
      },
      "b": {
        "start": 500,
        "end": 501
      }
    },
    {
      "conflict_id": 36,
      "a": {
        "start": 515,
        "end": 516
      },
      "base": {
        "start": 515,
        "end": 516
      },
      "b": {
        "start": 515,
        "end": 516
      }
    },
    {
      "conflict_id": 37,
      "a": {
        "start": 520,
        "end": 521
      },
      "base": {
        "start": 520,
        "end": 521
      },
      "b": {
        "start": 520,
        "end": 521
      }
    },
    {
      "conflict_id": 38,
      "a": {
        "start": 535,
        "end": 536
      },
      "base": {
        "start": 535,
        "end": 536
      },
      "b": {
        "start": 535,
        "end": 536
      }
    },
    {
      "conflict_id": 39,
      "a": {
        "start": 540,
        "end": 541
      },
      "base": {
        "start": 540,
        "end": 541
      },
      "b": {
        "start": 540,
        "end": 541
      }
    },
    {
      "conflict_id": 40,
      "a": {
        "start": 558,
        "end": 559
      },
      "base": {
        "start": 558,
        "end": 559
      },
      "b": {
        "start": 558,
        "end": 559
      }
    },
    {
      "conflict_id": 41,
      "a": {
        "start": 563,
        "end": 564
      },
      "base": {
        "start": 563,
        "end": 564
      },
      "b": {
        "start": 563,
        "end": 564
      }
    },
    {
      "conflict_id": 42,
      "a": {
        "start": 581,
        "end": 582
      },
      "base": {
        "start": 581,
        "end": 582
      },
      "b": {
        "start": 581,
        "end": 582
      }
    },
    {
      "conflict_id": 43,
      "a": {
        "start": 586,
        "end": 587
      },
      "base": {
        "start": 586,
        "end": 587
      },
      "b": {
        "start": 586,
        "end": 587
      }
    },
    {
      "conflict_id": 44,
      "a": {
        "start": 604,
        "end": 605
      },
      "base": {
        "start": 604,
        "end": 605
      },
      "b": {
        "start": 604,
        "end": 605
      }
    },
    {
      "conflict_id": 45,
      "a": {
        "start": 609,
        "end": 610
      },
      "base": {
        "start": 609,
        "end": 610
      },
      "b": {
        "start": 609,
        "end": 610
      }
    },
    {
      "conflict_id": 46,
      "a": {
        "start": 627,
        "end": 628
      },
      "base": {
        "start": 627,
        "end": 628
      },
      "b": {
        "start": 627,
        "end": 628
      }
    },
    {
      "conflict_id": 47,
      "a": {
        "start": 632,
        "end": 633
      },
      "base": {
        "start": 632,
        "end": 633
      },
      "b": {
        "start": 632,
        "end": 633
      }
    },
    {
      "conflict_id": 48,
      "a": {
        "start": 647,
        "end": 648
      },
      "base": {
        "start": 647,
        "end": 648
      },
      "b": {
        "start": 647,
        "end": 648
      }
    },
    {
      "conflict_id": 49,
      "a": {
        "start": 652,
        "end": 653
      },
      "base": {
        "start": 652,
        "end": 653
      },
      "b": {
        "start": 652,
        "end": 653
      }
    },
    {
      "conflict_id": 50,
      "a": {
        "start": 667,
        "end": 668
      },
      "base": {
        "start": 667,
        "end": 668
      },
      "b": {
        "start": 667,
        "end": 668
      }
    },
    {
      "conflict_id": 51,
      "a": {
        "start": 672,
        "end": 673
      },
      "base": {
        "start": 672,
        "end": 673
      },
      "b": {
        "start": 672,
        "end": 673
      }
    },
    {
      "conflict_id": 52,
      "a": {
        "start": 687,
        "end": 688
      },
      "base": {
        "start": 687,
        "end": 688
      },
      "b": {
        "start": 687,
        "end": 688
      }
    },
    {
      "conflict_id": 53,
      "a": {
        "start": 692,
        "end": 693
      },
      "base": {
        "start": 692,
        "end": 693
      },
      "b": {
        "start": 692,
        "end": 693
      }
    },
    {
      "conflict_id": 54,
      "a": {
        "start": 707,
        "end": 708
      },
      "base": {
        "start": 707,
        "end": 708
      },
      "b": {
        "start": 707,
        "end": 708
      }
    },
    {
      "conflict_id": 55,
      "a": {
        "start": 712,
        "end": 713
      },
      "base": {
        "start": 712,
        "end": 713
      },
      "b": {
        "start": 712,
        "end": 713
      }
    },
    {
      "conflict_id": 56,
      "a": {
        "start": 730,
        "end": 731
      },
      "base": {
        "start": 730,
        "end": 731
      },
      "b": {
        "start": 730,
        "end": 731
      }
    },
    {
      "conflict_id": 57,
      "a": {
        "start": 735,
        "end": 736
      },
      "base": {
        "start": 735,
        "end": 736
      },
      "b": {
        "start": 735,
        "end": 736
      }
    },
    {
      "conflict_id": 58,
      "a": {
        "start": 753,
        "end": 754
      },
      "base": {
        "start": 753,
        "end": 754
      },
      "b": {
        "start": 753,
        "end": 754
      }
    },
    {
      "conflict_id": 59,
      "a": {
        "start": 758,
        "end": 759
      },
      "base": {
        "start": 758,
        "end": 759
      },
      "b": {
        "start": 758,
        "end": 759
      }
    },
    {
      "conflict_id": 60,
      "a": {
        "start": 776,
        "end": 777
      },
      "base": {
        "start": 776,
        "end": 777
      },
      "b": {
        "start": 776,
        "end": 777
      }
    },
    {
      "conflict_id": 61,
      "a": {
        "start": 781,
        "end": 782
      },
      "base": {
        "start": 781,
        "end": 782
      },
      "b": {
        "start": 781,
        "end": 782
      }
    }
  ]
}