{
  "repository_origin_url": "https://github.com/dotnet/roslyn.git",
  "commit_id": "054a9856ec12dcccd6e9b7a0c99c7f28ec9cd390",
  "commit_date": "Fri, 12 Feb 2021 15:52:34 -0800",
  "commit_message": "Switch to a factory\n\n",
  "conflict_file_id": 61,
  "filename": "src/Workspaces/Core/Portable/Workspace/Solution/SolutionState.CompilationTracker.State.cs",
  "last_commit_on_a": "0f5cbb5650c2cd1e67c5da2cea29ade20e86146e",
  "last_commit_on_b": "af7a90f6404d8a34b8e58ede5210268ad41b6b31",
  "author_info_a": {
    "name": "Cyrus Najmabadi",
    "email": "cyrus.najmabadi@gmail.com"
  },
  "author_info_b": {
    "name": "Tom\u00e1\u0161 Matou\u0161ek",
    "email": "tmat@users.noreply.github.com"
  },
  "num_conflict_regions": 5,
  "conflict_region_spans": [
    {
      "conflict_id": 1,
      "a": {
        "start": 33,
        "end": 35
      },
      "base": {
        "start": 33,
        "end": 36
      },
      "b": {
        "start": 33,
        "end": 35
      }
    },
    {
      "conflict_id": 2,
      "a": {
        "start": 80,
        "end": 82
      },
      "base": {
        "start": 81,
        "end": 84
      },
      "b": {
        "start": 80,
        "end": 82
      }
    },
    {
      "conflict_id": 3,
      "a": {
        "start": 211,
        "end": 213
      },
      "base": {
        "start": 213,
        "end": 215
      },
      "b": {
        "start": 211,
        "end": 213
      }
    },
    {
      "conflict_id": 4,
      "a": {
        "start": 226,
        "end": 228
      },
      "base": {
        "start": 228,
        "end": 230
      },
      "b": {
        "start": 226,
        "end": 293
      }
    },
    {
      "conflict_id": 5,
      "a": {
        "start": 230,
        "end": 325
      },
      "base": {
        "start": 232,
        "end": 232
      },
      "b": {
        "start": 295,
        "end": 325
      }
    }
  ]
}