{
  "repository_origin_url": "https://github.com/dotnet/roslyn.git",
  "commit_id": "054a9856ec12dcccd6e9b7a0c99c7f28ec9cd390",
  "commit_date": "Wed, 27 Jan 2021 19:56:02 -0800",
  "commit_message": "Merge pull request #50403 from 333fred/test-hook-part2\n\n",
  "conflict_file_id": 62,
  "filename": "src/Compilers/CSharp/Test/IOperation/IOperation/IOperationTests_IUsingStatement.cs",
  "last_commit_on_a": "b7cccaa633b6bd943351930b721a66690208bde8",
  "last_commit_on_b": "ab6dcf461ef6dc06e62b94b92f1e0a201b8c923e",
  "author_info_a": {
    "name": "Fred Silberberg",
    "email": "frsilb@microsoft.com"
  },
  "author_info_b": {
    "name": "Fredric Silberberg",
    "email": "frsilb@microsoft.com"
  },
  "num_conflict_regions": 1,
  "conflict_region_spans": [
    {
      "conflict_id": 1,
      "a": {
        "start": 8165,
        "end": 8490
      },
      "base": {
        "start": 8165,
        "end": 8165
      },
      "b": {
        "start": 8165,
        "end": 8971
      }
    }
  ]
}