{
  "repository_origin_url": "https://github.com/dotnet/roslyn.git",
  "commit_id": "054a9856ec12dcccd6e9b7a0c99c7f28ec9cd390",
  "commit_date": "Wed, 3 Feb 2021 17:37:21 -0800",
  "commit_message": "Merge 'master' into features/UsedAssemblyReferences\n\n",
  "conflict_file_id": 64,
  "filename": "src/Compilers/Test/Core/Compilation/CompilationExtensions.cs",
  "last_commit_on_a": "cd1d0fec5ecf8e23725e95bcf3426b358baf2a59",
  "last_commit_on_b": "425c7397403f4b9587e54f583fe8bdaf30b73468",
  "author_info_a": {
    "name": "AlekseyTs",
    "email": "alekseyt@microsoft.com"
  },
  "author_info_b": {
    "name": "Rikki Gibson",
    "email": "rigibson@microsoft.com"
  },
  "num_conflict_regions": 1,
  "conflict_region_spans": [
    {
      "conflict_id": 1,
      "a": {
        "start": 35,
        "end": 37
      },
      "base": {
        "start": 35,
        "end": 36
      },
      "b": {
        "start": 35,
        "end": 43
      }
    }
  ]
}