{
  "repository_origin_url": "https://github.com/dotnet/roslyn.git",
  "commit_id": "054a9856ec12dcccd6e9b7a0c99c7f28ec9cd390",
  "commit_date": "Fri, 12 Feb 2021 09:18:11 +1100",
  "commit_message": "Allow didChange to operate on tracked source text directly (#50929)\n\n",
  "conflict_file_id": 65,
  "filename": "src/VisualStudio/Xaml/Impl/Implementation/LanguageServer/Handler/Completion/CompletionHandler.cs",
  "last_commit_on_a": "b549809eec5d1f80968f17f98ffa17bbfbe1df7f",
  "last_commit_on_b": "b8f5462e10f11a179b938882c9121777477f9d01",
  "author_info_a": {
    "name": "David Wengier",
    "email": "david.wengier@microsoft.com"
  },
  "author_info_b": {
    "name": "Lingling Tong",
    "email": "ltong@microsoft.com"
  },
  "num_conflict_regions": 1,
  "conflict_region_spans": [
    {
      "conflict_id": 1,
      "a": {
        "start": 29,
        "end": 34
      },
      "base": {
        "start": 29,
        "end": 29
      },
      "b": {
        "start": 29,
        "end": 35
      }
    }
  ]
}