{
  "repository_origin_url": "https://github.com/dotnet/roslyn.git",
  "commit_id": "054a9856ec12dcccd6e9b7a0c99c7f28ec9cd390",
  "commit_date": "Tue, 9 Feb 2021 21:19:24 -0800",
  "commit_message": "Add an experiment to dogfood remove unused references\n\n",
  "conflict_file_id": 66,
  "filename": "src/Workspaces/Core/Portable/Experiments/IExperimentationService.cs",
  "last_commit_on_a": "03f3b2337390efa85ce371086b246da872135845",
  "last_commit_on_b": "d3926f3afd14205442a58f878fecc86c1dedba1b",
  "author_info_a": {
    "name": "Joey Robichaud",
    "email": "joseph.robichaud@microsoft.com"
  },
  "author_info_b": {
    "name": "Allison Chou",
    "email": "allichou@microsoft.com"
  },
  "num_conflict_regions": 1,
  "conflict_region_spans": [
    {
      "conflict_id": 1,
      "a": {
        "start": 36,
        "end": 37
      },
      "base": {
        "start": 36,
        "end": 36
      },
      "b": {
        "start": 36,
        "end": 38
      }
    }
  ]
}