{
  "repository_origin_url": "https://github.com/dotnet/roslyn.git",
  "commit_id": "054a9856ec12dcccd6e9b7a0c99c7f28ec9cd390",
  "commit_date": "Tue, 9 Feb 2021 12:07:59 -0800",
  "commit_message": "Add comment\n\n",
  "conflict_file_id": 68,
  "filename": "src/Compilers/CSharp/Portable/Parser/LanguageParser.cs",
  "last_commit_on_a": "37113c78049544702935f752323824b2b171af4c",
  "last_commit_on_b": "4e4c8237665adb00a0d0c5f710b9f5ce1a2086d6",
  "author_info_a": {
    "name": "Cyrus Najmabadi",
    "email": "cyrus.najmabadi@gmail.com"
  },
  "author_info_b": {
    "name": "Julien Couvreur",
    "email": "jcouv@users.noreply.github.com"
  },
  "num_conflict_regions": 2,
  "conflict_region_spans": [
    {
      "conflict_id": 1,
      "a": {
        "start": 6261,
        "end": 6264
      },
      "base": {
        "start": 6261,
        "end": 6261
      },
      "b": {
        "start": 6261,
        "end": 6273
      }
    },
    {
      "conflict_id": 2,
      "a": {
        "start": 6265,
        "end": 6276
      },
      "base": {
        "start": 6262,
        "end": 6263
      },
      "b": {
        "start": 6274,
        "end": 6276
      }
    }
  ]
}