{
  "repository_origin_url": "https://github.com/dotnet/roslyn.git",
  "commit_id": "054a9856ec12dcccd6e9b7a0c99c7f28ec9cd390",
  "commit_date": "Wed, 3 Feb 2021 15:55:24 -0800",
  "commit_message": "Make completion triggers more specific\n\n",
  "conflict_file_id": 69,
  "filename": "src/Workspaces/SharedUtilitiesAndExtensions/Compiler/Core/Log/FunctionId.cs",
  "last_commit_on_a": "b980adb14b30f807712edeb73be38cda905c036a",
  "last_commit_on_b": "c96087907c9e24d81a189ecb50299af65cff42cc",
  "author_info_a": {
    "name": "Allison Chou",
    "email": "allichou@microsoft.com"
  },
  "author_info_b": {
    "name": "David Barbet",
    "email": "dabarbet@microsoft.com"
  },
  "num_conflict_regions": 1,
  "conflict_region_spans": [
    {
      "conflict_id": 1,
      "a": {
        "start": 509,
        "end": 511
      },
      "base": {
        "start": 509,
        "end": 509
      },
      "b": {
        "start": 509,
        "end": 513
      }
    }
  ]
}