{
  "repository_origin_url": "https://github.com/dotnet/roslyn.git",
  "commit_id": "1b92b099a60c511e2b268f531efd4683e4f611f7",
  "commit_date": "Thu, 1 Apr 2021 18:12:05 -0700",
  "commit_message": "Merge branch 'release/dev16.10' into dev/shech/merge16.10ToInheritanceMargin\n\n",
  "conflict_file_id": 6,
  "filename": "src/VisualStudio/Core/Def/Implementation/LanguageClient/InProcLanguageServer.cs",
  "last_commit_on_a": "e3a36a2a8d36fa6776cc92cda0c4d7d830edd9dc",
  "last_commit_on_b": "df4e42afd002e675bd2e0ce9a2e98bc24c07df80",
  "author_info_a": {
    "name": "Shen Chen",
    "email": "cos_ifne@hotmail.com"
  },
  "author_info_b": {
    "name": "tmat",
    "email": "tomas.matousek@microsoft.com"
  },
  "num_conflict_regions": 1,
  "conflict_region_spans": [
    {
      "conflict_id": 1,
      "a": {
        "start": 162,
        "end": 165
      },
      "base": {
        "start": 162,
        "end": 165
      },
      "b": {
        "start": 162,
        "end": 164
      }
    }
  ]
}