{
  "repository_origin_url": "https://github.com/dotnet/roslyn.git",
  "commit_id": "054a9856ec12dcccd6e9b7a0c99c7f28ec9cd390",
  "commit_date": "Fri, 12 Feb 2021 15:51:57 -0800",
  "commit_message": "Restructure conditional access handling in the control flow graph (#51032)\n\n",
  "conflict_file_id": 71,
  "filename": "src/Compilers/Core/Portable/Operations/ControlFlowGraphBuilder.cs",
  "last_commit_on_a": "7a32c765017cfbe0f9484e0b11b5d2f70943e409",
  "last_commit_on_b": "49ed0a40b8cfa52023d78e736163e6fa3ff0bbc4",
  "author_info_a": {
    "name": "Fred Silberberg",
    "email": "frsilb@microsoft.com"
  },
  "author_info_b": {
    "name": "Fredric Silberberg",
    "email": "frsilb@microsoft.com"
  },
  "num_conflict_regions": 1,
  "conflict_region_spans": [
    {
      "conflict_id": 1,
      "a": {
        "start": 3293,
        "end": 3319
      },
      "base": {
        "start": 3293,
        "end": 3293
      },
      "b": {
        "start": 3293,
        "end": 3343
      }
    }
  ]
}