{
  "repository_origin_url": "https://github.com/dotnet/roslyn.git",
  "commit_id": "054a9856ec12dcccd6e9b7a0c99c7f28ec9cd390",
  "commit_date": "Tue, 9 Feb 2021 14:28:30 -0800",
  "commit_message": "Fix merge conflicts\n\n",
  "conflict_file_id": 73,
  "filename": "src/Features/LanguageServer/ProtocolUnitTests/Completion/CompletionTests.cs",
  "last_commit_on_a": "5c7f63db1405c5d08a7c808097ffb5c0ec499dc1",
  "last_commit_on_b": "73d37d31d8922450a595a2a77805580d08b03efb",
  "author_info_a": {
    "name": "Allison Chou",
    "email": "allichou@microsoft.com"
  },
  "author_info_b": {
    "name": "Allison Chou",
    "email": "allichou@microsoft.com"
  },
  "num_conflict_regions": 9,
  "conflict_region_spans": [
    {
      "conflict_id": 1,
      "a": {
        "start": 42,
        "end": 46
      },
      "base": {
        "start": 42,
        "end": 43
      },
      "b": {
        "start": 42,
        "end": 46
      }
    },
    {
      "conflict_id": 2,
      "a": {
        "start": 119,
        "end": 125
      },
      "base": {
        "start": 116,
        "end": 117
      },
      "b": {
        "start": 119,
        "end": 126
      }
    },
    {
      "conflict_id": 3,
      "a": {
        "start": 172,
        "end": 181
      },
      "base": {
        "start": 164,
        "end": 166
      },
      "b": {
        "start": 173,
        "end": 179
      }
    },
    {
      "conflict_id": 4,
      "a": {
        "start": 182,
        "end": 183
      },
      "base": {
        "start": 167,
        "end": 168
      },
      "b": {
        "start": 180,
        "end": 184
      }
    },
    {
      "conflict_id": 5,
      "a": {
        "start": 238,
        "end": 242
      },
      "base": {
        "start": 223,
        "end": 225
      },
      "b": {
        "start": 239,
        "end": 250
      }
    },
    {
      "conflict_id": 6,
      "a": {
        "start": 243,
        "end": 249
      },
      "base": {
        "start": 226,
        "end": 227
      },
      "b": {
        "start": 251,
        "end": 258
      }
    },
    {
      "conflict_id": 7,
      "a": {
        "start": 267,
        "end": 276
      },
      "base": {
        "start": 245,
        "end": 247
      },
      "b": {
        "start": 276,
        "end": 289
      }
    },
    {
      "conflict_id": 8,
      "a": {
        "start": 277,
        "end": 278
      },
      "base": {
        "start": 248,
        "end": 249
      },
      "b": {
        "start": 290,
        "end": 295
      }
    },
    {
      "conflict_id": 9,
      "a": {
        "start": 345,
        "end": 375
      },
      "base": {
        "start": 316,
        "end": 317
      },
      "b": {
        "start": 362,
        "end": 446
      }
    }
  ]
}