{
  "repository_origin_url": "https://github.com/dotnet/roslyn.git",
  "commit_id": "054a9856ec12dcccd6e9b7a0c99c7f28ec9cd390",
  "commit_date": "Fri, 12 Feb 2021 15:52:34 -0800",
  "commit_message": "Switch to a factory\n\n",
  "conflict_file_id": 75,
  "filename": "src/Workspaces/Core/Portable/Workspace/Solution/SolutionState.CompilationTracker.cs",
  "last_commit_on_a": "0f5cbb5650c2cd1e67c5da2cea29ade20e86146e",
  "last_commit_on_b": "af7a90f6404d8a34b8e58ede5210268ad41b6b31",
  "author_info_a": {
    "name": "Cyrus Najmabadi",
    "email": "cyrus.najmabadi@gmail.com"
  },
  "author_info_b": {
    "name": "Tom\u00e1\u0161 Matou\u0161ek",
    "email": "tmat@users.noreply.github.com"
  },
  "num_conflict_regions": 2,
  "conflict_region_spans": [
    {
      "conflict_id": 1,
      "a": {
        "start": 140,
        "end": 175
      },
      "base": {
        "start": 140,
        "end": 141
      },
      "b": {
        "start": 140,
        "end": 166
      }
    },
    {
      "conflict_id": 2,
      "a": {
        "start": 303,
        "end": 305
      },
      "base": {
        "start": 269,
        "end": 270
      },
      "b": {
        "start": 294,
        "end": 296
      }
    }
  ]
}