{
  "repository_origin_url": "https://github.com/dotnet/roslyn.git",
  "commit_id": "054a9856ec12dcccd6e9b7a0c99c7f28ec9cd390",
  "commit_date": "Tue, 9 Feb 2021 14:28:30 -0800",
  "commit_message": "Fix merge conflicts\n\n",
  "conflict_file_id": 76,
  "filename": "src/Features/LanguageServer/ProtocolUnitTests/Completion/CompletionResolveTests.cs",
  "last_commit_on_a": "5c7f63db1405c5d08a7c808097ffb5c0ec499dc1",
  "last_commit_on_b": "7464573942d364bc8a33c04ec46ac5835e3d90ba",
  "author_info_a": {
    "name": "Allison Chou",
    "email": "allichou@microsoft.com"
  },
  "author_info_b": {
    "name": "Allison Chou",
    "email": "allichou@microsoft.com"
  },
  "num_conflict_regions": 6,
  "conflict_region_spans": [
    {
      "conflict_id": 1,
      "a": {
        "start": 11,
        "end": 12
      },
      "base": {
        "start": 11,
        "end": 11
      },
      "b": {
        "start": 11,
        "end": 15
      }
    },
    {
      "conflict_id": 2,
      "a": {
        "start": 34,
        "end": 36
      },
      "base": {
        "start": 33,
        "end": 34
      },
      "b": {
        "start": 37,
        "end": 40
      }
    },
    {
      "conflict_id": 3,
      "a": {
        "start": 37,
        "end": 39
      },
      "base": {
        "start": 35,
        "end": 37
      },
      "b": {
        "start": 41,
        "end": 44
      }
    },
    {
      "conflict_id": 4,
      "a": {
        "start": 44,
        "end": 45
      },
      "base": {
        "start": 42,
        "end": 43
      },
      "b": {
        "start": 49,
        "end": 51
      }
    },
    {
      "conflict_id": 5,
      "a": {
        "start": 48,
        "end": 49
      },
      "base": {
        "start": 46,
        "end": 47
      },
      "b": {
        "start": 54,
        "end": 93
      }
    },
    {
      "conflict_id": 6,
      "a": {
        "start": 50,
        "end": 51
      },
      "base": {
        "start": 48,
        "end": 50
      },
      "b": {
        "start": 94,
        "end": 174
      }
    }
  ]
}