{
  "repository_origin_url": "https://github.com/dotnet/roslyn.git",
  "commit_id": "054a9856ec12dcccd6e9b7a0c99c7f28ec9cd390",
  "commit_date": "Tue, 19 Jan 2021 17:45:35 -0800",
  "commit_message": "EnC OOP - part 1 (#50410)\n* Move EnC to OOP\n\n* Align data structures with debugger\n\n* Fix test\n",
  "conflict_file_id": 77,
  "filename": "src/Features/Core/Portable/EditAndContinue/EditSession.cs",
  "last_commit_on_a": "837161a20bf40b47c7a66761d28e43907f8737ae",
  "last_commit_on_b": "8339b556bd6687b27db2d557b380f5bea4054199",
  "author_info_a": {
    "name": "Tom\u00e1\u0161 Matou\u0161ek",
    "email": "tmat@users.noreply.github.com"
  },
  "author_info_b": {
    "name": "msftbot[bot]",
    "email": "48340428+msftbot[bot]@users.noreply.github.com"
  },
  "num_conflict_regions": 9,
  "conflict_region_spans": [
    {
      "conflict_id": 1,
      "a": {
        "start": 71,
        "end": 72
      },
      "base": {
        "start": 71,
        "end": 72
      },
      "b": {
        "start": 71,
        "end": 73
      }
    },
    {
      "conflict_id": 2,
      "a": {
        "start": 603,
        "end": 607
      },
      "base": {
        "start": 603,
        "end": 607
      },
      "b": {
        "start": 604,
        "end": 607
      }
    },
    {
      "conflict_id": 3,
      "a": {
        "start": 846,
        "end": 849
      },
      "base": {
        "start": 846,
        "end": 849
      },
      "b": {
        "start": 846,
        "end": 849
      }
    },
    {
      "conflict_id": 4,
      "a": {
        "start": 850,
        "end": 859
      },
      "base": {
        "start": 850,
        "end": 852
      },
      "b": {
        "start": 850,
        "end": 867
      }
    },
    {
      "conflict_id": 5,
      "a": {
        "start": 862,
        "end": 880
      },
      "base": {
        "start": 855,
        "end": 856
      },
      "b": {
        "start": 870,
        "end": 879
      }
    },
    {
      "conflict_id": 6,
      "a": {
        "start": 881,
        "end": 883
      },
      "base": {
        "start": 857,
        "end": 858
      },
      "b": {
        "start": 880,
        "end": 883
      }
    },
    {
      "conflict_id": 7,
      "a": {
        "start": 884,
        "end": 895
      },
      "base": {
        "start": 859,
        "end": 862
      },
      "b": {
        "start": 884,
        "end": 900
      }
    },
    {
      "conflict_id": 8,
      "a": {
        "start": 896,
        "end": 922
      },
      "base": {
        "start": 863,
        "end": 874
      },
      "b": {
        "start": 901,
        "end": 929
      }
    },
    {
      "conflict_id": 9,
      "a": {
        "start": 938,
        "end": 939
      },
      "base": {
        "start": 890,
        "end": 978
      },
      "b": {
        "start": 945,
        "end": 946
      }
    }
  ]
}