{
  "repository_origin_url": "https://github.com/dotnet/roslyn.git",
  "commit_id": "054a9856ec12dcccd6e9b7a0c99c7f28ec9cd390",
  "commit_date": "Mon, 7 Dec 2020 14:49:09 -0800",
  "commit_message": "Merge remote-tracking branch 'dotnet/master' into merges/master-to-features/UsedAssemblyReferences\n\n",
  "conflict_file_id": 78,
  "filename": "src/Compilers/CSharp/Test/Symbol/Compilation/ReferenceManagerTests.cs",
  "last_commit_on_a": "f6ba23211d9272426214fe055ab8f1e9983e6dd4",
  "last_commit_on_b": "30a20db9cca7a243b2ff7ce57489ee2b748cfbd2",
  "author_info_a": {
    "name": "AlekseyTs",
    "email": "alekseyt@microsoft.com"
  },
  "author_info_b": {
    "name": "Fredric Silberberg",
    "email": "frsilb@microsoft.com"
  },
  "num_conflict_regions": 12,
  "conflict_region_spans": [
    {
      "conflict_id": 1,
      "a": {
        "start": 2528,
        "end": 2529
      },
      "base": {
        "start": 2528,
        "end": 2529
      },
      "b": {
        "start": 2528,
        "end": 2529
      }
    },
    {
      "conflict_id": 2,
      "a": {
        "start": 2631,
        "end": 2632
      },
      "base": {
        "start": 2631,
        "end": 2632
      },
      "b": {
        "start": 2631,
        "end": 2632
      }
    },
    {
      "conflict_id": 3,
      "a": {
        "start": 2667,
        "end": 2668
      },
      "base": {
        "start": 2667,
        "end": 2668
      },
      "b": {
        "start": 2667,
        "end": 2668
      }
    },
    {
      "conflict_id": 4,
      "a": {
        "start": 2720,
        "end": 2721
      },
      "base": {
        "start": 2720,
        "end": 2721
      },
      "b": {
        "start": 2720,
        "end": 2721
      }
    },
    {
      "conflict_id": 5,
      "a": {
        "start": 2743,
        "end": 2744
      },
      "base": {
        "start": 2743,
        "end": 2744
      },
      "b": {
        "start": 2743,
        "end": 2744
      }
    },
    {
      "conflict_id": 6,
      "a": {
        "start": 2768,
        "end": 2769
      },
      "base": {
        "start": 2768,
        "end": 2769
      },
      "b": {
        "start": 2768,
        "end": 2769
      }
    },
    {
      "conflict_id": 7,
      "a": {
        "start": 2793,
        "end": 2794
      },
      "base": {
        "start": 2793,
        "end": 2794
      },
      "b": {
        "start": 2793,
        "end": 2794
      }
    },
    {
      "conflict_id": 8,
      "a": {
        "start": 2997,
        "end": 2998
      },
      "base": {
        "start": 2997,
        "end": 2998
      },
      "b": {
        "start": 2997,
        "end": 2998
      }
    },
    {
      "conflict_id": 9,
      "a": {
        "start": 3041,
        "end": 3042
      },
      "base": {
        "start": 3041,
        "end": 3042
      },
      "b": {
        "start": 3041,
        "end": 3042
      }
    },
    {
      "conflict_id": 10,
      "a": {
        "start": 3107,
        "end": 3108
      },
      "base": {
        "start": 3107,
        "end": 3108
      },
      "b": {
        "start": 3107,
        "end": 3108
      }
    },
    {
      "conflict_id": 11,
      "a": {
        "start": 3173,
        "end": 3174
      },
      "base": {
        "start": 3173,
        "end": 3174
      },
      "b": {
        "start": 3173,
        "end": 3174
      }
    },
    {
      "conflict_id": 12,
      "a": {
        "start": 3216,
        "end": 3217
      },
      "base": {
        "start": 3216,
        "end": 3217
      },
      "b": {
        "start": 3216,
        "end": 3217
      }
    }
  ]
}