{
  "repository_origin_url": "https://github.com/dotnet/roslyn.git",
  "commit_id": "054a9856ec12dcccd6e9b7a0c99c7f28ec9cd390",
  "commit_date": "Thu, 4 Feb 2021 10:22:27 -0800",
  "commit_message": "fixup bad merge\n\n",
  "conflict_file_id": 79,
  "filename": "src/Workspaces/MSBuildTest/MSBuildWorkspaceTests.cs",
  "last_commit_on_a": "2b5982cb53b84b915ab7b5ca4455165deeae9a97",
  "last_commit_on_b": "3d685b3d0f6f18e8d2dc08e0e17ed7ae7d94eb59",
  "author_info_a": {
    "name": "Jonathon Marolf",
    "email": "jmarolf@microsoft.com"
  },
  "author_info_b": {
    "name": "Pranav K",
    "email": "prkrishn@hotmail.com"
  },
  "num_conflict_regions": 6,
  "conflict_region_spans": [
    {
      "conflict_id": 1,
      "a": {
        "start": 253,
        "end": 255
      },
      "base": {
        "start": 253,
        "end": 256
      },
      "b": {
        "start": 253,
        "end": 270
      }
    },
    {
      "conflict_id": 2,
      "a": {
        "start": 909,
        "end": 914
      },
      "base": {
        "start": 910,
        "end": 920
      },
      "b": {
        "start": 924,
        "end": 926
      }
    },
    {
      "conflict_id": 3,
      "a": {
        "start": 915,
        "end": 918
      },
      "base": {
        "start": 921,
        "end": 924
      },
      "b": {
        "start": 927,
        "end": 929
      }
    },
    {
      "conflict_id": 4,
      "a": {
        "start": 919,
        "end": 922
      },
      "base": {
        "start": 925,
        "end": 935
      },
      "b": {
        "start": 930,
        "end": 937
      }
    },
    {
      "conflict_id": 5,
      "a": {
        "start": 945,
        "end": 953
      },
      "base": {
        "start": 958,
        "end": 974
      },
      "b": {
        "start": 960,
        "end": 964
      }
    },
    {
      "conflict_id": 6,
      "a": {
        "start": 954,
        "end": 956
      },
      "base": {
        "start": 975,
        "end": 975
      },
      "b": {
        "start": 965,
        "end": 971
      }
    }
  ]
}