{
  "repository_origin_url": "https://github.com/dotnet/roslyn.git",
  "commit_id": "e3a36a2a8d36fa6776cc92cda0c4d7d830edd9dc",
  "commit_date": "Wed, 31 Mar 2021 14:54:00 -0700",
  "commit_message": "Add telemetry\n\n",
  "conflict_file_id": 7,
  "filename": "src/Workspaces/SharedUtilitiesAndExtensions/Compiler/Core/Log/FunctionId.cs",
  "last_commit_on_a": "05695acd5905478ca7a7aacd4c70592dd7c7fd07",
  "last_commit_on_b": "7293dcc7674fbcc4b3a515db9c3b0cdbad8f0c27",
  "author_info_a": {
    "name": "Shen Chen",
    "email": "cos_ifne@hotmail.com"
  },
  "author_info_b": {
    "name": "N. Taylor Mullen",
    "email": "nimullen@microsoft.com"
  },
  "num_conflict_regions": 1,
  "conflict_region_spans": [
    {
      "conflict_id": 1,
      "a": {
        "start": 513,
        "end": 516
      },
      "base": {
        "start": 513,
        "end": 513
      },
      "b": {
        "start": 513,
        "end": 517
      }
    }
  ]
}