{
  "repository_origin_url": "https://github.com/dotnet/roslyn.git",
  "commit_id": "054a9856ec12dcccd6e9b7a0c99c7f28ec9cd390",
  "commit_date": "Thu, 11 Feb 2021 15:00:57 +1100",
  "commit_message": "Simplify\n\n",
  "conflict_file_id": 80,
  "filename": "src/Features/Core/Portable/EditAndContinue/AbstractEditAndContinueAnalyzer.cs",
  "last_commit_on_a": "264678dbf5ead73ecc6abd958dbfb957dd818f47",
  "last_commit_on_b": "c9b4886656830dfb12f648c661c5f38dedb4077f",
  "author_info_a": {
    "name": "David Wengier",
    "email": "david.wengier@microsoft.com"
  },
  "author_info_b": {
    "name": "tmat",
    "email": "tomas.matousek@microsoft.com"
  },
  "num_conflict_regions": 5,
  "conflict_region_spans": [
    {
      "conflict_id": 1,
      "a": {
        "start": 359,
        "end": 367
      },
      "base": {
        "start": 359,
        "end": 365
      },
      "b": {
        "start": 359,
        "end": 368
      }
    },
    {
      "conflict_id": 2,
      "a": {
        "start": 560,
        "end": 582
      },
      "base": {
        "start": 558,
        "end": 580
      },
      "b": {
        "start": 561,
        "end": 563
      }
    },
    {
      "conflict_id": 3,
      "a": {
        "start": 1375,
        "end": 1380
      },
      "base": {
        "start": 1373,
        "end": 1373
      },
      "b": {
        "start": 1356,
        "end": 1361
      }
    },
    {
      "conflict_id": 4,
      "a": {
        "start": 1972,
        "end": 1976
      },
      "base": {
        "start": 1965,
        "end": 1969
      },
      "b": {
        "start": 1953,
        "end": 1957
      }
    },
    {
      "conflict_id": 5,
      "a": {
        "start": 4073,
        "end": 4077
      },
      "base": {
        "start": 4066,
        "end": 4070
      },
      "b": {
        "start": 4054,
        "end": 4058
      }
    }
  ]
}