{
  "repository_origin_url": "https://github.com/dotnet/roslyn.git",
  "commit_id": "054a9856ec12dcccd6e9b7a0c99c7f28ec9cd390",
  "commit_date": "Tue, 26 Jan 2021 09:58:41 -0800",
  "commit_message": "Remove IPersistentStorageService2\n\n",
  "conflict_file_id": 82,
  "filename": "src/EditorFeatures/Test/Preview/PreviewWorkspaceTests.cs",
  "last_commit_on_a": "9832c80d7981b9bf5c79f1cccb535a7a3dfb0c62",
  "last_commit_on_b": "9514be45fc6eb29978de3e27c644c735d5697013",
  "author_info_a": {
    "name": "Cyrus Najmabadi",
    "email": "cyrus.najmabadi@gmail.com"
  },
  "author_info_b": {
    "name": "Cyrus Najmabadi",
    "email": "cyrus.najmabadi@gmail.com"
  },
  "num_conflict_regions": 1,
  "conflict_region_spans": [
    {
      "conflict_id": 1,
      "a": {
        "start": 130,
        "end": 131
      },
      "base": {
        "start": 130,
        "end": 131
      },
      "b": {
        "start": 130,
        "end": 131
      }
    }
  ]
}