{
  "repository_origin_url": "https://github.com/dotnet/roslyn.git",
  "commit_id": "054a9856ec12dcccd6e9b7a0c99c7f28ec9cd390",
  "commit_date": "Tue, 26 Jan 2021 09:49:06 -0800",
  "commit_message": "PR feedback\n\n",
  "conflict_file_id": 83,
  "filename": "src/Workspaces/Core/Portable/Diagnostics/DiagnosticDataSerializer.cs",
  "last_commit_on_a": "eff8e08587a40162b49445c32947439120c03e6f",
  "last_commit_on_b": "caaa4f369fb3a674a6826067459f6965dac21b1c",
  "author_info_a": {
    "name": "Cyrus Najmabadi",
    "email": "cyrus.najmabadi@gmail.com"
  },
  "author_info_b": {
    "name": "Cyrus Najmabadi",
    "email": "cyrus.najmabadi@gmail.com"
  },
  "num_conflict_regions": 2,
  "conflict_region_spans": [
    {
      "conflict_id": 1,
      "a": {
        "start": 52,
        "end": 53
      },
      "base": {
        "start": 52,
        "end": 53
      },
      "b": {
        "start": 52,
        "end": 54
      }
    },
    {
      "conflict_id": 2,
      "a": {
        "start": 72,
        "end": 73
      },
      "base": {
        "start": 72,
        "end": 73
      },
      "b": {
        "start": 73,
        "end": 75
      }
    }
  ]
}