{
  "repository_origin_url": "https://github.com/dotnet/roslyn.git",
  "commit_id": "054a9856ec12dcccd6e9b7a0c99c7f28ec9cd390",
  "commit_date": "Fri, 12 Feb 2021 09:18:11 +1100",
  "commit_message": "Allow didChange to operate on tracked source text directly (#50929)\n\n",
  "conflict_file_id": 84,
  "filename": "src/VisualStudio/Xaml/Impl/Implementation/LanguageServer/Handler/OnAutoInsert/OnAutoInsertHandler.cs",
  "last_commit_on_a": "b549809eec5d1f80968f17f98ffa17bbfbe1df7f",
  "last_commit_on_b": "5e1118170334295f56dc49fe4836355664949a2d",
  "author_info_a": {
    "name": "David Wengier",
    "email": "david.wengier@microsoft.com"
  },
  "author_info_b": {
    "name": "Marco Goertz",
    "email": "mgoertz@microsoft.com"
  },
  "num_conflict_regions": 1,
  "conflict_region_spans": [
    {
      "conflict_id": 1,
      "a": {
        "start": 31,
        "end": 39
      },
      "base": {
        "start": 31,
        "end": 34
      },
      "b": {
        "start": 31,
        "end": 35
      }
    }
  ]
}