{
  "repository_origin_url": "https://github.com/dotnet/roslyn.git",
  "commit_id": "054a9856ec12dcccd6e9b7a0c99c7f28ec9cd390",
  "commit_date": "Thu, 11 Feb 2021 14:49:02 -0800",
  "commit_message": "Temporarily disable some asserts for fields in tuple types declared in source.\n\n",
  "conflict_file_id": 85,
  "filename": "src/Compilers/CSharp/Portable/Symbols/Source/SourceMemberContainerSymbol.cs",
  "last_commit_on_a": "1031d1aaff6bcd2f900efb60e3a6bd478ea164fb",
  "last_commit_on_b": "b2722063833970d06380e3fb012ac67520701974",
  "author_info_a": {
    "name": "AlekseyTs",
    "email": "alekseyt@microsoft.com"
  },
  "author_info_b": {
    "name": "AlekseyTs",
    "email": "AlekseyTs@users.noreply.github.com"
  },
  "num_conflict_regions": 11,
  "conflict_region_spans": [
    {
      "conflict_id": 1,
      "a": {
        "start": 1459,
        "end": 1511
      },
      "base": {
        "start": 1459,
        "end": 1459
      },
      "b": {
        "start": 1459,
        "end": 1512
      }
    },
    {
      "conflict_id": 2,
      "a": {
        "start": 2437,
        "end": 2441
      },
      "base": {
        "start": 2385,
        "end": 2400
      },
      "b": {
        "start": 2438,
        "end": 2442
      }
    },
    {
      "conflict_id": 3,
      "a": {
        "start": 2475,
        "end": 2482
      },
      "base": {
        "start": 2434,
        "end": 2440
      },
      "b": {
        "start": 2476,
        "end": 2477
      }
    },
    {
      "conflict_id": 4,
      "a": {
        "start": 2493,
        "end": 2495
      },
      "base": {
        "start": 2451,
        "end": 2452
      },
      "b": {
        "start": 2488,
        "end": 2489
      }
    },
    {
      "conflict_id": 5,
      "a": {
        "start": 2547,
        "end": 2554
      },
      "base": {
        "start": 2504,
        "end": 2510
      },
      "b": {
        "start": 2541,
        "end": 2542
      }
    },
    {
      "conflict_id": 6,
      "a": {
        "start": 2569,
        "end": 2571
      },
      "base": {
        "start": 2525,
        "end": 2526
      },
      "b": {
        "start": 2557,
        "end": 2558
      }
    },
    {
      "conflict_id": 7,
      "a": {
        "start": 2575,
        "end": 2578
      },
      "base": {
        "start": 2530,
        "end": 2534
      },
      "b": {
        "start": 2562,
        "end": 2565
      }
    },
    {
      "conflict_id": 8,
      "a": {
        "start": 2587,
        "end": 2589
      },
      "base": {
        "start": 2543,
        "end": 2544
      },
      "b": {
        "start": 2574,
        "end": 2575
      }
    },
    {
      "conflict_id": 9,
      "a": {
        "start": 2959,
        "end": 2960
      },
      "base": {
        "start": 2914,
        "end": 2915
      },
      "b": {
        "start": 2945,
        "end": 2946
      }
    },
    {
      "conflict_id": 10,
      "a": {
        "start": 2970,
        "end": 2983
      },
      "base": {
        "start": 2925,
        "end": 2928
      },
      "b": {
        "start": 2956,
        "end": 2965
      }
    },
    {
      "conflict_id": 11,
      "a": {
        "start": 3457,
        "end": 3462
      },
      "base": {
        "start": 3402,
        "end": 3411
      },
      "b": {
        "start": 3439,
        "end": 3443
      }
    }
  ]
}