{
  "repository_origin_url": "https://github.com/dotnet/roslyn.git",
  "commit_id": "054a9856ec12dcccd6e9b7a0c99c7f28ec9cd390",
  "commit_date": "Thu, 28 Jan 2021 10:24:14 -0800",
  "commit_message": "Store some keys in a contextless fashion so they can always be found regardless of project context.\n\n",
  "conflict_file_id": 86,
  "filename": "src/Workspaces/Remote/ServiceHub/Services/SemanticClassificationCache/RemoteSemanticClassificationCacheService.cs",
  "last_commit_on_a": "61f3635880ad949109268fdc6868da4daa81bc0f",
  "last_commit_on_b": "caaa4f369fb3a674a6826067459f6965dac21b1c",
  "author_info_a": {
    "name": "Cyrus Najmabadi",
    "email": "cyrus.najmabadi@gmail.com"
  },
  "author_info_b": {
    "name": "Cyrus Najmabadi",
    "email": "cyrus.najmabadi@gmail.com"
  },
  "num_conflict_regions": 2,
  "conflict_region_spans": [
    {
      "conflict_id": 1,
      "a": {
        "start": 97,
        "end": 98
      },
      "base": {
        "start": 97,
        "end": 98
      },
      "b": {
        "start": 97,
        "end": 99
      }
    },
    {
      "conflict_id": 2,
      "a": {
        "start": 267,
        "end": 268
      },
      "base": {
        "start": 267,
        "end": 268
      },
      "b": {
        "start": 268,
        "end": 270
      }
    }
  ]
}