{
  "repository_origin_url": "https://github.com/dotnet/roslyn.git",
  "commit_id": "054a9856ec12dcccd6e9b7a0c99c7f28ec9cd390",
  "commit_date": "Wed, 27 Jan 2021 22:45:08 -0800",
  "commit_message": "No need to cancel\n\n",
  "conflict_file_id": 87,
  "filename": "src/Workspaces/Core/Portable/FindSymbols/SyntaxTree/SyntaxTreeIndex_Persistence.cs",
  "last_commit_on_a": "d901ca7b948dc3230d65e0842acb340eb964196f",
  "last_commit_on_b": "caaa4f369fb3a674a6826067459f6965dac21b1c",
  "author_info_a": {
    "name": "Cyrus Najmabadi",
    "email": "cyrus.najmabadi@gmail.com"
  },
  "author_info_b": {
    "name": "Cyrus Najmabadi",
    "email": "cyrus.najmabadi@gmail.com"
  },
  "num_conflict_regions": 3,
  "conflict_region_spans": [
    {
      "conflict_id": 1,
      "a": {
        "start": 31,
        "end": 32
      },
      "base": {
        "start": 31,
        "end": 32
      },
      "b": {
        "start": 31,
        "end": 33
      }
    },
    {
      "conflict_id": 2,
      "a": {
        "start": 74,
        "end": 75
      },
      "base": {
        "start": 74,
        "end": 75
      },
      "b": {
        "start": 75,
        "end": 77
      }
    },
    {
      "conflict_id": 3,
      "a": {
        "start": 102,
        "end": 103
      },
      "base": {
        "start": 102,
        "end": 103
      },
      "b": {
        "start": 104,
        "end": 106
      }
    }
  ]
}