{
  "repository_origin_url": "https://github.com/dotnet/roslyn.git",
  "commit_id": "054a9856ec12dcccd6e9b7a0c99c7f28ec9cd390",
  "commit_date": "Tue, 19 Jan 2021 17:45:35 -0800",
  "commit_message": "EnC OOP - part 1 (#50410)\n* Move EnC to OOP\n\n* Align data structures with debugger\n\n* Fix test\n",
  "conflict_file_id": 88,
  "filename": "src/EditorFeatures/Test/EditAndContinue/EditAndContinueWorkspaceServiceTests.cs",
  "last_commit_on_a": "837161a20bf40b47c7a66761d28e43907f8737ae",
  "last_commit_on_b": "301c896db1e1d0b80247538d57f1d7985dca96d1",
  "author_info_a": {
    "name": "Tom\u00e1\u0161 Matou\u0161ek",
    "email": "tmat@users.noreply.github.com"
  },
  "author_info_b": {
    "name": "tmat",
    "email": "tomas.matousek@microsoft.com"
  },
  "num_conflict_regions": 42,
  "conflict_region_spans": [
    {
      "conflict_id": 1,
      "a": {
        "start": 65,
        "end": 79
      },
      "base": {
        "start": 65,
        "end": 67
      },
      "b": {
        "start": 65,
        "end": 129
      }
    },
    {
      "conflict_id": 2,
      "a": {
        "start": 161,
        "end": 162
      },
      "base": {
        "start": 149,
        "end": 150
      },
      "b": {
        "start": 211,
        "end": 212
      }
    },
    {
      "conflict_id": 3,
      "a": {
        "start": 163,
        "end": 166
      },
      "base": {
        "start": 151,
        "end": 154
      },
      "b": {
        "start": 213,
        "end": 216
      }
    },
    {
      "conflict_id": 4,
      "a": {
        "start": 197,
        "end": 200
      },
      "base": {
        "start": 185,
        "end": 188
      },
      "b": {
        "start": 247,
        "end": 266
      }
    },
    {
      "conflict_id": 5,
      "a": {
        "start": 757,
        "end": 764
      },
      "base": {
        "start": 745,
        "end": 769
      },
      "b": {
        "start": 823,
        "end": 830
      }
    },
    {
      "conflict_id": 6,
      "a": {
        "start": 817,
        "end": 824
      },
      "base": {
        "start": 822,
        "end": 848
      },
      "b": {
        "start": 883,
        "end": 890
      }
    },
    {
      "conflict_id": 7,
      "a": {
        "start": 877,
        "end": 884
      },
      "base": {
        "start": 901,
        "end": 916
      },
      "b": {
        "start": 943,
        "end": 950
      }
    },
    {
      "conflict_id": 8,
      "a": {
        "start": 918,
        "end": 922
      },
      "base": {
        "start": 950,
        "end": 951
      },
      "b": {
        "start": 984,
        "end": 985
      }
    },
    {
      "conflict_id": 9,
      "a": {
        "start": 933,
        "end": 937
      },
      "base": {
        "start": 962,
        "end": 970
      },
      "b": {
        "start": 996,
        "end": 998
      }
    },
    {
      "conflict_id": 10,
      "a": {
        "start": 938,
        "end": 940
      },
      "base": {
        "start": 971,
        "end": 973
      },
      "b": {
        "start": 999,
        "end": 1001
      }
    },
    {
      "conflict_id": 11,
      "a": {
        "start": 944,
        "end": 947
      },
      "base": {
        "start": 977,
        "end": 980
      },
      "b": {
        "start": 1005,
        "end": 1006
      }
    },
    {
      "conflict_id": 12,
      "a": {
        "start": 1002,
        "end": 1009
      },
      "base": {
        "start": 1035,
        "end": 1048
      },
      "b": {
        "start": 1061,
        "end": 1068
      }
    },
    {
      "conflict_id": 13,
      "a": {
        "start": 1068,
        "end": 1069
      },
      "base": {
        "start": 1107,
        "end": 1108
      },
      "b": {
        "start": 1127,
        "end": 1160
      }
    },
    {
      "conflict_id": 14,
      "a": {
        "start": 1070,
        "end": 1072
      },
      "base": {
        "start": 1109,
        "end": 1111
      },
      "b": {
        "start": 1161,
        "end": 1166
      }
    },
    {
      "conflict_id": 15,
      "a": {
        "start": 1084,
        "end": 1085
      },
      "base": {
        "start": 1123,
        "end": 1125
      },
      "b": {
        "start": 1178,
        "end": 1180
      }
    },
    {
      "conflict_id": 16,
      "a": {
        "start": 1093,
        "end": 1097
      },
      "base": {
        "start": 1133,
        "end": 1139
      },
      "b": {
        "start": 1188,
        "end": 1194
      }
    },
    {
      "conflict_id": 17,
      "a": {
        "start": 1098,
        "end": 1100
      },
      "base": {
        "start": 1140,
        "end": 1142
      },
      "b": {
        "start": 1195,
        "end": 1196
      }
    },
    {
      "conflict_id": 18,
      "a": {
        "start": 1312,
        "end": 1316
      },
      "base": {
        "start": 1354,
        "end": 1358
      },
      "b": {
        "start": 1408,
        "end": 1411
      }
    },
    {
      "conflict_id": 19,
      "a": {
        "start": 1321,
        "end": 1322
      },
      "base": {
        "start": 1363,
        "end": 1365
      },
      "b": {
        "start": 1416,
        "end": 1417
      }
    },
    {
      "conflict_id": 20,
      "a": {
        "start": 1332,
        "end": 1336
      },
      "base": {
        "start": 1375,
        "end": 1381
      },
      "b": {
        "start": 1427,
        "end": 1434
      }
    },
    {
      "conflict_id": 21,
      "a": {
        "start": 1337,
        "end": 1339
      },
      "base": {
        "start": 1382,
        "end": 1384
      },
      "b": {
        "start": 1435,
        "end": 1437
      }
    },
    {
      "conflict_id": 22,
      "a": {
        "start": 1403,
        "end": 1414
      },
      "base": {
        "start": 1448,
        "end": 1460
      },
      "b": {
        "start": 1501,
        "end": 1511
      }
    },
    {
      "conflict_id": 23,
      "a": {
        "start": 1417,
        "end": 1419
      },
      "base": {
        "start": 1463,
        "end": 1465
      },
      "b": {
        "start": 1514,
        "end": 1516
      }
    },
    {
      "conflict_id": 24,
      "a": {
        "start": 1434,
        "end": 1437
      },
      "base": {
        "start": 1480,
        "end": 1483
      },
      "b": {
        "start": 1531,
        "end": 1533
      }
    },
    {
      "conflict_id": 25,
      "a": {
        "start": 1790,
        "end": 1796
      },
      "base": {
        "start": 1836,
        "end": 1848
      },
      "b": {
        "start": 1886,
        "end": 1892
      }
    },
    {
      "conflict_id": 26,
      "a": {
        "start": 1807,
        "end": 1811
      },
      "base": {
        "start": 1859,
        "end": 1867
      },
      "b": {
        "start": 1903,
        "end": 1907
      }
    },
    {
      "conflict_id": 27,
      "a": {
        "start": 2462,
        "end": 2473
      },
      "base": {
        "start": 2518,
        "end": 2529
      },
      "b": {
        "start": 2558,
        "end": 2560
      }
    },
    {
      "conflict_id": 28,
      "a": {
        "start": 2474,
        "end": 2476
      },
      "base": {
        "start": 2530,
        "end": 2533
      },
      "b": {
        "start": 2561,
        "end": 2563
      }
    },
    {
      "conflict_id": 29,
      "a": {
        "start": 2485,
        "end": 2486
      },
      "base": {
        "start": 2542,
        "end": 2544
      },
      "b": {
        "start": 2572,
        "end": 2573
      }
    },
    {
      "conflict_id": 30,
      "a": {
        "start": 2495,
        "end": 2498
      },
      "base": {
        "start": 2553,
        "end": 2555
      },
      "b": {
        "start": 2582,
        "end": 2584
      }
    },
    {
      "conflict_id": 31,
      "a": {
        "start": 2499,
        "end": 2502
      },
      "base": {
        "start": 2556,
        "end": 2559
      },
      "b": {
        "start": 2585,
        "end": 2587
      }
    },
    {
      "conflict_id": 32,
      "a": {
        "start": 2511,
        "end": 2514
      },
      "base": {
        "start": 2568,
        "end": 2572
      },
      "b": {
        "start": 2596,
        "end": 2600
      }
    },
    {
      "conflict_id": 33,
      "a": {
        "start": 2525,
        "end": 2528
      },
      "base": {
        "start": 2583,
        "end": 2588
      },
      "b": {
        "start": 2611,
        "end": 2613
      }
    },
    {
      "conflict_id": 34,
      "a": {
        "start": 2536,
        "end": 2538
      },
      "base": {
        "start": 2596,
        "end": 2599
      },
      "b": {
        "start": 2621,
        "end": 2624
      }
    },
    {
      "conflict_id": 35,
      "a": {
        "start": 2549,
        "end": 2552
      },
      "base": {
        "start": 2610,
        "end": 2612
      },
      "b": {
        "start": 2635,
        "end": 2637
      }
    },
    {
      "conflict_id": 36,
      "a": {
        "start": 2553,
        "end": 2556
      },
      "base": {
        "start": 2613,
        "end": 2616
      },
      "b": {
        "start": 2638,
        "end": 2640
      }
    },
    {
      "conflict_id": 37,
      "a": {
        "start": 2586,
        "end": 2589
      },
      "base": {
        "start": 2646,
        "end": 2651
      },
      "b": {
        "start": 2670,
        "end": 2673
      }
    },
    {
      "conflict_id": 38,
      "a": {
        "start": 2597,
        "end": 2598
      },
      "base": {
        "start": 2659,
        "end": 2660
      },
      "b": {
        "start": 2681,
        "end": 2682
      }
    },
    {
      "conflict_id": 39,
      "a": {
        "start": 2599,
        "end": 2600
      },
      "base": {
        "start": 2661,
        "end": 2662
      },
      "b": {
        "start": 2683,
        "end": 2684
      }
    },
    {
      "conflict_id": 40,
      "a": {
        "start": 2601,
        "end": 2604
      },
      "base": {
        "start": 2663,
        "end": 2667
      },
      "b": {
        "start": 2685,
        "end": 2687
      }
    },
    {
      "conflict_id": 41,
      "a": {
        "start": 2891,
        "end": 2893
      },
      "base": {
        "start": 2954,
        "end": 2957
      },
      "b": {
        "start": 2974,
        "end": 2976
      }
    },
    {
      "conflict_id": 42,
      "a": {
        "start": 2896,
        "end": 2898
      },
      "base": {
        "start": 2960,
        "end": 2963
      },
      "b": {
        "start": 2979,
        "end": 2981
      }
    }
  ]
}