{
  "repository_origin_url": "https://github.com/dotnet/roslyn.git",
  "commit_id": "054a9856ec12dcccd6e9b7a0c99c7f28ec9cd390",
  "commit_date": "Tue, 9 Feb 2021 22:21:29 +1100",
  "commit_message": "Don't throw on unexpected nodes in statement syntax edits\n\n",
  "conflict_file_id": 89,
  "filename": "src/Features/CSharp/Portable/EditAndContinue/CSharpEditAndContinueAnalyzer.cs",
  "last_commit_on_a": "156b709d26b1e5d0b24bce8be8a75319e29221e3",
  "last_commit_on_b": "d837ee9db1a6162ba96812a40620f8ae159a4467",
  "author_info_a": {
    "name": "David Wengier",
    "email": "david.wengier@microsoft.com"
  },
  "author_info_b": {
    "name": "Huo Yaoyuan",
    "email": "huoyaoyuan@hotmail.com"
  },
  "num_conflict_regions": 5,
  "conflict_region_spans": [
    {
      "conflict_id": 1,
      "a": {
        "start": 552,
        "end": 553
      },
      "base": {
        "start": 552,
        "end": 553
      },
      "b": {
        "start": 552,
        "end": 561
      }
    },
    {
      "conflict_id": 2,
      "a": {
        "start": 600,
        "end": 601
      },
      "base": {
        "start": 600,
        "end": 601
      },
      "b": {
        "start": 608,
        "end": 644
      }
    },
    {
      "conflict_id": 3,
      "a": {
        "start": 608,
        "end": 662
      },
      "base": {
        "start": 608,
        "end": 609
      },
      "b": {
        "start": 651,
        "end": 665
      }
    },
    {
      "conflict_id": 4,
      "a": {
        "start": 1991,
        "end": 1996
      },
      "base": {
        "start": 1938,
        "end": 1938
      },
      "b": {
        "start": 1994,
        "end": 1999
      }
    },
    {
      "conflict_id": 5,
      "a": {
        "start": 2131,
        "end": 2137
      },
      "base": {
        "start": 2073,
        "end": 2076
      },
      "b": {
        "start": 2134,
        "end": 2134
      }
    }
  ]
}