{
  "repository_origin_url": "https://github.com/dotnet/roslyn.git",
  "commit_id": "f1698cf130202150c24fcf559c70bc9bc24a429f",
  "commit_date": "Thu, 1 Apr 2021 12:56:37 -0700",
  "commit_message": "Extract out common core.\n\n",
  "conflict_file_id": 8,
  "filename": "src/Features/Core/Portable/NavigateTo/AbstractNavigateToSearchService.InProcess.cs",
  "last_commit_on_a": "c45e435ed18701198bd69bb2bd5b5235278ed58f",
  "last_commit_on_b": "74b4385bbe1d79ee3fd46fde2ed4ddc3fe0d7042",
  "author_info_a": {
    "name": "Cyrus Najmabadi",
    "email": "cyrusn@microsoft.com"
  },
  "author_info_b": {
    "name": "Cyrus Najmabadi",
    "email": "cyrusn@microsoft.com"
  },
  "num_conflict_regions": 1,
  "conflict_region_spans": [
    {
      "conflict_id": 1,
      "a": {
        "start": 188,
        "end": 190
      },
      "base": {
        "start": 188,
        "end": 190
      },
      "b": {
        "start": 188,
        "end": 190
      }
    }
  ]
}