{
  "repository_origin_url": "https://github.com/dotnet/roslyn.git",
  "commit_id": "054a9856ec12dcccd6e9b7a0c99c7f28ec9cd390",
  "commit_date": "Wed, 3 Mar 2021 13:31:43 -0800",
  "commit_message": "Fix merge conflicts\n\n",
  "conflict_file_id": 90,
  "filename": "src/EditorFeatures/TestUtilities/LanguageServer/AbstractLanguageServerProtocolTests.cs",
  "last_commit_on_a": "f365e3faf0a6d46f0a630bfdd58f24380c3e9293",
  "last_commit_on_b": "d8b862a381af7647f94e8c660fb9273992fd2c87",
  "author_info_a": {
    "name": "Allison Chou",
    "email": "allichou@microsoft.com"
  },
  "author_info_b": {
    "name": "Rikki Gibson",
    "email": "rigibson@microsoft.com"
  },
  "num_conflict_regions": 2,
  "conflict_region_spans": [
    {
      "conflict_id": 1,
      "a": {
        "start": 237,
        "end": 239
      },
      "base": {
        "start": 237,
        "end": 239
      },
      "b": {
        "start": 237,
        "end": 239
      }
    },
    {
      "conflict_id": 2,
      "a": {
        "start": 268,
        "end": 272
      },
      "base": {
        "start": 268,
        "end": 272
      },
      "b": {
        "start": 268,
        "end": 272
      }
    }
  ]
}