{
  "repository_origin_url": "https://github.com/dotnet/roslyn.git",
  "commit_id": "054a9856ec12dcccd6e9b7a0c99c7f28ec9cd390",
  "commit_date": "Tue, 19 Jan 2021 17:45:35 -0800",
  "commit_message": "EnC OOP - part 1 (#50410)\n* Move EnC to OOP\n\n* Align data structures with debugger\n\n* Fix test\n",
  "conflict_file_id": 91,
  "filename": "src/EditorFeatures/TestUtilities/EditAndContinue/EditAndContinueTestHelpers.cs",
  "last_commit_on_a": "837161a20bf40b47c7a66761d28e43907f8737ae",
  "last_commit_on_b": "af7a90f6404d8a34b8e58ede5210268ad41b6b31",
  "author_info_a": {
    "name": "Tom\u00e1\u0161 Matou\u0161ek",
    "email": "tmat@users.noreply.github.com"
  },
  "author_info_b": {
    "name": "Tom\u00e1\u0161 Matou\u0161ek",
    "email": "tmat@users.noreply.github.com"
  },
  "num_conflict_regions": 2,
  "conflict_region_spans": [
    {
      "conflict_id": 1,
      "a": {
        "start": 125,
        "end": 127
      },
      "base": {
        "start": 125,
        "end": 127
      },
      "b": {
        "start": 125,
        "end": 127
      }
    },
    {
      "conflict_id": 2,
      "a": {
        "start": 180,
        "end": 187
      },
      "base": {
        "start": 180,
        "end": 187
      },
      "b": {
        "start": 180,
        "end": 182
      }
    }
  ]
}