{
  "repository_origin_url": "https://github.com/dotnet/roslyn.git",
  "commit_id": "054a9856ec12dcccd6e9b7a0c99c7f28ec9cd390",
  "commit_date": "Thu, 11 Feb 2021 10:42:52 -0800",
  "commit_message": "Add database path to connection string for shared-memory correctness\n\n",
  "conflict_file_id": 92,
  "filename": "src/Workspaces/Core/Portable/Storage/SQLite/v2/Interop/SqlConnection.cs",
  "last_commit_on_a": "0a8f2b9c988fe703b74195237cec6b64d0154f37",
  "last_commit_on_b": "e33e0098511e03b28452a6ed36d7e0472927f87e",
  "author_info_a": {
    "name": "Cyrus Najmabadi",
    "email": "cyrus.najmabadi@gmail.com"
  },
  "author_info_b": {
    "name": "Cyrus Najmabadi",
    "email": "cyrus.najmabadi@gmail.com"
  },
  "num_conflict_regions": 1,
  "conflict_region_spans": [
    {
      "conflict_id": 1,
      "a": {
        "start": 124,
        "end": 125
      },
      "base": {
        "start": 124,
        "end": 125
      },
      "b": {
        "start": 124,
        "end": 134
      }
    }
  ]
}