{
  "repository_origin_url": "https://github.com/dotnet/roslyn.git",
  "commit_id": "054a9856ec12dcccd6e9b7a0c99c7f28ec9cd390",
  "commit_date": "Mon, 25 Jan 2021 18:08:45 -0800",
  "commit_message": "Move storage subsystem to async access\n\n",
  "conflict_file_id": 93,
  "filename": "src/Workspaces/Core/Portable/FindSymbols/SymbolTree/SymbolTreeInfo_Serialization.cs",
  "last_commit_on_a": "9f2b73a47146a69dcd0172a5b8dc16b122e1f43b",
  "last_commit_on_b": "caaa4f369fb3a674a6826067459f6965dac21b1c",
  "author_info_a": {
    "name": "Cyrus Najmabadi",
    "email": "cyrus.najmabadi@gmail.com"
  },
  "author_info_b": {
    "name": "Cyrus Najmabadi",
    "email": "cyrus.najmabadi@gmail.com"
  },
  "num_conflict_regions": 1,
  "conflict_region_spans": [
    {
      "conflict_id": 1,
      "a": {
        "start": 73,
        "end": 75
      },
      "base": {
        "start": 73,
        "end": 75
      },
      "b": {
        "start": 73,
        "end": 80
      }
    }
  ]
}