{
  "repository_origin_url": "https://github.com/dotnet/roslyn.git",
  "commit_id": "054a9856ec12dcccd6e9b7a0c99c7f28ec9cd390",
  "commit_date": "Wed, 3 Feb 2021 17:37:21 -0800",
  "commit_message": "Merge 'master' into features/UsedAssemblyReferences\n\n",
  "conflict_file_id": 94,
  "filename": "src/Compilers/CSharp/Portable/Binder/Binder_Attributes.cs",
  "last_commit_on_a": "cd1d0fec5ecf8e23725e95bcf3426b358baf2a59",
  "last_commit_on_b": "c9fa8203f130032423189273ddbc238b4b9ea72c",
  "author_info_a": {
    "name": "AlekseyTs",
    "email": "alekseyt@microsoft.com"
  },
  "author_info_b": {
    "name": "Fredric Silberberg",
    "email": "frsilb@microsoft.com"
  },
  "num_conflict_regions": 6,
  "conflict_region_spans": [
    {
      "conflict_id": 1,
      "a": {
        "start": 169,
        "end": 170
      },
      "base": {
        "start": 169,
        "end": 170
      },
      "b": {
        "start": 169,
        "end": 171
      }
    },
    {
      "conflict_id": 2,
      "a": {
        "start": 171,
        "end": 172
      },
      "base": {
        "start": 171,
        "end": 172
      },
      "b": {
        "start": 172,
        "end": 180
      }
    },
    {
      "conflict_id": 3,
      "a": {
        "start": 364,
        "end": 365
      },
      "base": {
        "start": 364,
        "end": 365
      },
      "b": {
        "start": 372,
        "end": 373
      }
    },
    {
      "conflict_id": 4,
      "a": {
        "start": 535,
        "end": 536
      },
      "base": {
        "start": 535,
        "end": 536
      },
      "b": {
        "start": 543,
        "end": 545
      }
    },
    {
      "conflict_id": 5,
      "a": {
        "start": 985,
        "end": 986
      },
      "base": {
        "start": 985,
        "end": 986
      },
      "b": {
        "start": 994,
        "end": 995
      }
    },
    {
      "conflict_id": 6,
      "a": {
        "start": 1011,
        "end": 1012
      },
      "base": {
        "start": 1011,
        "end": 1012
      },
      "b": {
        "start": 1020,
        "end": 1021
      }
    }
  ]
}