{
  "repository_origin_url": "https://github.com/dotnet/roslyn.git",
  "commit_id": "0309e23a07bed488ec43a52807e5131ed1d5a33f",
  "commit_date": "Fri, 26 Mar 2021 11:57:07 -0700",
  "commit_message": "Merge remote-tracking branch 'upstream/main' into merges/main-to-main-vs-deps\n\n",
  "conflict_file_id": 9,
  "filename": "src/Tools/IdeCoreBenchmarks/NavigateToBenchmarks.cs",
  "last_commit_on_a": "df4e42afd002e675bd2e0ce9a2e98bc24c07df80",
  "last_commit_on_b": "e74ddf97c383458f05ca2143ed2c7d0b5a79ffb4",
  "author_info_a": {
    "name": "tmat",
    "email": "tomas.matousek@microsoft.com"
  },
  "author_info_b": {
    "name": "Cyrus Najmabadi",
    "email": "cyrus.najmabadi@gmail.com"
  },
  "num_conflict_regions": 3,
  "conflict_region_spans": [
    {
      "conflict_id": 1,
      "a": {
        "start": 43,
        "end": 45
      },
      "base": {
        "start": 43,
        "end": 47
      },
      "b": {
        "start": 43,
        "end": 47
      }
    },
    {
      "conflict_id": 2,
      "a": {
        "start": 75,
        "end": 80
      },
      "base": {
        "start": 77,
        "end": 84
      },
      "b": {
        "start": 77,
        "end": 86
      }
    },
    {
      "conflict_id": 3,
      "a": {
        "start": 81,
        "end": 104
      },
      "base": {
        "start": 85,
        "end": 87
      },
      "b": {
        "start": 87,
        "end": 92
      }
    }
  ]
}