{
  "repository_origin_url": "https://github.com/azure/azure-sdk-for-java",
  "commit_id": "ba7f0b50ddeb6ec8bdcb43ba5f9297256cab0d2c",
  "commit_date": "Wed, 7 Apr 2021 17:19:27 -0700",
  "commit_message": "Fixing possible NPE when subscribing first.\n\n",
  "conflict_file_id": 0,
  "filename": "sdk/servicebus/azure-messaging-servicebus/src/test/java/com/azure/messaging/servicebus/implementation/ServiceBusReceiveLinkProcessorTest.java",
  "last_commit_on_a": "9bc17a1f9052917ccce2ed400ceb6a8cb45c1a31",
  "last_commit_on_b": "480dbf8f7f3df6009f0bdb4267047f71716c9232",
  "author_info_a": {
    "name": "Connie",
    "email": "conniey@microsoft.com"
  },
  "author_info_b": {
    "name": "Hemant Tanwar",
    "email": "hemant_tanwar@hotmail.com"
  },
  "num_conflict_regions": 4,
  "conflict_region_spans": [
    {
      "conflict_id": 1,
      "a": {
        "start": 122,
        "end": 124
      },
      "base": {
        "start": 122,
        "end": 122
      },
      "b": {
        "start": 122,
        "end": 123
      }
    },
    {
      "conflict_id": 2,
      "a": {
        "start": 127,
        "end": 127
      },
      "base": {
        "start": 125,
        "end": 127
      },
      "b": {
        "start": 126,
        "end": 133
      }
    },
    {
      "conflict_id": 3,
      "a": {
        "start": 564,
        "end": 564
      },
      "base": {
        "start": 564,
        "end": 566
      },
      "b": {
        "start": 570,
        "end": 573
      }
    },
    {
      "conflict_id": 4,
      "a": {
        "start": 566,
        "end": 568
      },
      "base": {
        "start": 568,
        "end": 568
      },
      "b": {
        "start": 575,
        "end": 580
      }
    }
  ]
}