{
  "repository_origin_url": "https://github.com/azure/azure-sdk-for-java",
  "commit_id": "32c8d2eed66affa37db194ed66e14dae6030b23a",
  "commit_date": "Wed, 11 Nov 2020 17:09:10 -0800",
  "commit_message": "rebased to afe7b5964710686a53aa5dbe6839d5429eab85db and upgrade to v5.0.0 (#13548) (#17496)\n* rebased to afe7b5964710686a53aa5dbe6839d5429eab85db and upgrade to v5.0.0\n",
  "conflict_file_id": 102,
  "filename": "sdk/textanalytics/azure-ai-textanalytics/src/main/java/com/azure/ai/textanalytics/implementation/TextAnalyticsClientImpl.java",
  "last_commit_on_a": "86a6443b420c7033ce7523f22f948d94bdbf6fa2",
  "last_commit_on_b": "c1bf4198d4d87a1222a7ed06ca2a711707d04073",
  "author_info_a": {
    "name": "Shawn Fang",
    "email": "45607042+mssfang@users.noreply.github.com"
  },
  "author_info_b": {
    "name": "Shawn Fang",
    "email": "45607042+mssfang@users.noreply.github.com"
  },
  "num_conflict_regions": 27,
  "conflict_region_spans": [
    {
      "conflict_id": 1,
      "a": {
        "start": 13,
        "end": 13
      },
      "base": {
        "start": 13,
        "end": 14
      },
      "b": {
        "start": 13,
        "end": 15
      }
    },
    {
      "conflict_id": 2,
      "a": {
        "start": 17,
        "end": 17
      },
      "base": {
        "start": 18,
        "end": 19
      },
      "b": {
        "start": 19,
        "end": 21
      }
    },
    {
      "conflict_id": 3,
      "a": {
        "start": 33,
        "end": 34
      },
      "base": {
        "start": 35,
        "end": 38
      },
      "b": {
        "start": 37,
        "end": 42
      }
    },
    {
      "conflict_id": 4,
      "a": {
        "start": 105,
        "end": 106
      },
      "base": {
        "start": 109,
        "end": 110
      },
      "b": {
        "start": 113,
        "end": 114
      }
    },
    {
      "conflict_id": 5,
      "a": {
        "start": 108,
        "end": 108
      },
      "base": {
        "start": 112,
        "end": 158
      },
      "b": {
        "start": 116,
        "end": 169
      }
    },
    {
      "conflict_id": 6,
      "a": {
        "start": 110,
        "end": 112
      },
      "base": {
        "start": 160,
        "end": 180
      },
      "b": {
        "start": 171,
        "end": 194
      }
    },
    {
      "conflict_id": 7,
      "a": {
        "start": 115,
        "end": 117
      },
      "base": {
        "start": 183,
        "end": 191
      },
      "b": {
        "start": 197,
        "end": 206
      }
    },
    {
      "conflict_id": 8,
      "a": {
        "start": 120,
        "end": 122
      },
      "base": {
        "start": 194,
        "end": 201
      },
      "b": {
        "start": 209,
        "end": 217
      }
    },
    {
      "conflict_id": 9,
      "a": {
        "start": 125,
        "end": 127
      },
      "base": {
        "start": 204,
        "end": 211
      },
      "b": {
        "start": 220,
        "end": 228
      }
    },
    {
      "conflict_id": 10,
      "a": {
        "start": 130,
        "end": 132
      },
      "base": {
        "start": 214,
        "end": 223
      },
      "b": {
        "start": 231,
        "end": 241
      }
    },
    {
      "conflict_id": 11,
      "a": {
        "start": 135,
        "end": 140
      },
      "base": {
        "start": 226,
        "end": 251
      },
      "b": {
        "start": 244,
        "end": 270
      }
    },
    {
      "conflict_id": 12,
      "a": {
        "start": 146,
        "end": 148
      },
      "base": {
        "start": 257,
        "end": 260
      },
      "b": {
        "start": 276,
        "end": 280
      }
    },
    {
      "conflict_id": 13,
      "a": {
        "start": 163,
        "end": 165
      },
      "base": {
        "start": 275,
        "end": 278
      },
      "b": {
        "start": 295,
        "end": 299
      }
    },
    {
      "conflict_id": 14,
      "a": {
        "start": 179,
        "end": 181
      },
      "base": {
        "start": 292,
        "end": 294
      },
      "b": {
        "start": 313,
        "end": 316
      }
    },
    {
      "conflict_id": 15,
      "a": {
        "start": 184,
        "end": 187
      },
      "base": {
        "start": 297,
        "end": 306
      },
      "b": {
        "start": 319,
        "end": 328
      }
    },
    {
      "conflict_id": 16,
      "a": {
        "start": 196,
        "end": 198
      },
      "base": {
        "start": 315,
        "end": 318
      },
      "b": {
        "start": 337,
        "end": 341
      }
    },
    {
      "conflict_id": 17,
      "a": {
        "start": 201,
        "end": 206
      },
      "base": {
        "start": 321,
        "end": 334
      },
      "b": {
        "start": 344,
        "end": 357
      }
    },
    {
      "conflict_id": 18,
      "a": {
        "start": 212,
        "end": 214
      },
      "base": {
        "start": 340,
        "end": 348
      },
      "b": {
        "start": 363,
        "end": 372
      }
    },
    {
      "conflict_id": 19,
      "a": {
        "start": 217,
        "end": 220
      },
      "base": {
        "start": 351,
        "end": 365
      },
      "b": {
        "start": 375,
        "end": 390
      }
    },
    {
      "conflict_id": 20,
      "a": {
        "start": 229,
        "end": 231
      },
      "base": {
        "start": 374,
        "end": 383
      },
      "b": {
        "start": 399,
        "end": 420
      }
    },
    {
      "conflict_id": 21,
      "a": {
        "start": 234,
        "end": 239
      },
      "base": {
        "start": 386,
        "end": 398
      },
      "b": {
        "start": 423,
        "end": 435
      }
    },
    {
      "conflict_id": 22,
      "a": {
        "start": 245,
        "end": 247
      },
      "base": {
        "start": 404,
        "end": 411
      },
      "b": {
        "start": 441,
        "end": 450
      }
    },
    {
      "conflict_id": 23,
      "a": {
        "start": 250,
        "end": 253
      },
      "base": {
        "start": 414,
        "end": 422
      },
      "b": {
        "start": 453,
        "end": 461
      }
    },
    {
      "conflict_id": 24,
      "a": {
        "start": 262,
        "end": 264
      },
      "base": {
        "start": 431,
        "end": 434
      },
      "b": {
        "start": 470,
        "end": 474
      }
    },
    {
      "conflict_id": 25,
      "a": {
        "start": 278,
        "end": 280
      },
      "base": {
        "start": 448,
        "end": 451
      },
      "b": {
        "start": 488,
        "end": 492
      }
    },
    {
      "conflict_id": 26,
      "a": {
        "start": 283,
        "end": 286
      },
      "base": {
        "start": 454,
        "end": 466
      },
      "b": {
        "start": 495,
        "end": 507
      }
    },
    {
      "conflict_id": 27,
      "a": {
        "start": 295,
        "end": 297
      },
      "base": {
        "start": 475,
        "end": 484
      },
      "b": {
        "start": 516,
        "end": 526
      }
    }
  ]
}