{
  "repository_origin_url": "https://github.com/azure/azure-sdk-for-java",
  "commit_id": "32c8d2eed66affa37db194ed66e14dae6030b23a",
  "commit_date": "Wed, 11 Nov 2020 17:09:10 -0800",
  "commit_message": "rebased to afe7b5964710686a53aa5dbe6839d5429eab85db and upgrade to v5.0.0 (#13548) (#17496)\n* rebased to afe7b5964710686a53aa5dbe6839d5429eab85db and upgrade to v5.0.0\n",
  "conflict_file_id": 104,
  "filename": "sdk/textanalytics/azure-ai-textanalytics/src/samples/java/com/azure/ai/textanalytics/TextAnalyticsClientJavaDocCodeSnippets.java",
  "last_commit_on_a": "86a6443b420c7033ce7523f22f948d94bdbf6fa2",
  "last_commit_on_b": "17d36b39150581b4be113547ca6a5e325f064b41",
  "author_info_a": {
    "name": "Shawn Fang",
    "email": "45607042+mssfang@users.noreply.github.com"
  },
  "author_info_b": {
    "name": "Shawn Fang",
    "email": "45607042+mssfang@users.noreply.github.com"
  },
  "num_conflict_regions": 10,
  "conflict_region_spans": [
    {
      "conflict_id": 1,
      "a": {
        "start": 6,
        "end": 7
      },
      "base": {
        "start": 6,
        "end": 13
      },
      "b": {
        "start": 6,
        "end": 13
      }
    },
    {
      "conflict_id": 2,
      "a": {
        "start": 13,
        "end": 16
      },
      "base": {
        "start": 19,
        "end": 30
      },
      "b": {
        "start": 19,
        "end": 28
      }
    },
    {
      "conflict_id": 3,
      "a": {
        "start": 17,
        "end": 17
      },
      "base": {
        "start": 31,
        "end": 32
      },
      "b": {
        "start": 29,
        "end": 31
      }
    },
    {
      "conflict_id": 4,
      "a": {
        "start": 25,
        "end": 25
      },
      "base": {
        "start": 40,
        "end": 43
      },
      "b": {
        "start": 39,
        "end": 41
      }
    },
    {
      "conflict_id": 5,
      "a": {
        "start": 28,
        "end": 28
      },
      "base": {
        "start": 46,
        "end": 48
      },
      "b": {
        "start": 44,
        "end": 45
      }
    },
    {
      "conflict_id": 6,
      "a": {
        "start": 245,
        "end": 245
      },
      "base": {
        "start": 265,
        "end": 406
      },
      "b": {
        "start": 262,
        "end": 406
      }
    },
    {
      "conflict_id": 7,
      "a": {
        "start": 352,
        "end": 352
      },
      "base": {
        "start": 513,
        "end": 551
      },
      "b": {
        "start": 513,
        "end": 552
      }
    },
    {
      "conflict_id": 8,
      "a": {
        "start": 501,
        "end": 502
      },
      "base": {
        "start": 700,
        "end": 724
      },
      "b": {
        "start": 701,
        "end": 726
      }
    },
    {
      "conflict_id": 9,
      "a": {
        "start": 543,
        "end": 544
      },
      "base": {
        "start": 765,
        "end": 800
      },
      "b": {
        "start": 767,
        "end": 803
      }
    },
    {
      "conflict_id": 10,
      "a": {
        "start": 592,
        "end": 592
      },
      "base": {
        "start": 848,
        "end": 1065
      },
      "b": {
        "start": 851,
        "end": 1073
      }
    }
  ]
}