{
  "repository_origin_url": "https://github.com/azure/azure-sdk-for-java",
  "commit_id": "32c8d2eed66affa37db194ed66e14dae6030b23a",
  "commit_date": "Wed, 11 Nov 2020 17:09:10 -0800",
  "commit_message": "rebased to afe7b5964710686a53aa5dbe6839d5429eab85db and upgrade to v5.0.0 (#13548) (#17496)\n* rebased to afe7b5964710686a53aa5dbe6839d5429eab85db and upgrade to v5.0.0\n",
  "conflict_file_id": 106,
  "filename": "sdk/textanalytics/azure-ai-textanalytics/src/test/java/com/azure/ai/textanalytics/TextAnalyticsAsyncClientTest.java",
  "last_commit_on_a": "86a6443b420c7033ce7523f22f948d94bdbf6fa2",
  "last_commit_on_b": "9536e5e104267610373c7c76a994f58d9b5f4365",
  "author_info_a": {
    "name": "Shawn Fang",
    "email": "45607042+mssfang@users.noreply.github.com"
  },
  "author_info_b": {
    "name": "Shawn Fang",
    "email": "45607042+mssfang@users.noreply.github.com"
  },
  "num_conflict_regions": 9,
  "conflict_region_spans": [
    {
      "conflict_id": 1,
      "a": {
        "start": 6,
        "end": 7
      },
      "base": {
        "start": 6,
        "end": 13
      },
      "b": {
        "start": 6,
        "end": 13
      }
    },
    {
      "conflict_id": 2,
      "a": {
        "start": 8,
        "end": 10
      },
      "base": {
        "start": 14,
        "end": 18
      },
      "b": {
        "start": 14,
        "end": 21
      }
    },
    {
      "conflict_id": 3,
      "a": {
        "start": 12,
        "end": 12
      },
      "base": {
        "start": 20,
        "end": 23
      },
      "b": {
        "start": 23,
        "end": 27
      }
    },
    {
      "conflict_id": 4,
      "a": {
        "start": 37,
        "end": 37
      },
      "base": {
        "start": 48,
        "end": 50
      },
      "b": {
        "start": 52,
        "end": 55
      }
    },
    {
      "conflict_id": 5,
      "a": {
        "start": 38,
        "end": 38
      },
      "base": {
        "start": 51,
        "end": 67
      },
      "b": {
        "start": 56,
        "end": 74
      }
    },
    {
      "conflict_id": 6,
      "a": {
        "start": 41,
        "end": 41
      },
      "base": {
        "start": 70,
        "end": 71
      },
      "b": {
        "start": 77,
        "end": 79
      }
    },
    {
      "conflict_id": 7,
      "a": {
        "start": 619,
        "end": 622
      },
      "base": {
        "start": 649,
        "end": 654
      },
      "b": {
        "start": 657,
        "end": 662
      }
    },
    {
      "conflict_id": 8,
      "a": {
        "start": 650,
        "end": 653
      },
      "base": {
        "start": 682,
        "end": 683
      },
      "b": {
        "start": 690,
        "end": 741
      }
    },
    {
      "conflict_id": 9,
      "a": {
        "start": 688,
        "end": 688
      },
      "base": {
        "start": 718,
        "end": 2110
      },
      "b": {
        "start": 776,
        "end": 2276
      }
    }
  ]
}