{
  "repository_origin_url": "https://github.com/azure/azure-sdk-for-java",
  "commit_id": "32c8d2eed66affa37db194ed66e14dae6030b23a",
  "commit_date": "Wed, 11 Nov 2020 17:09:10 -0800",
  "commit_message": "rebased to afe7b5964710686a53aa5dbe6839d5429eab85db and upgrade to v5.0.0 (#13548) (#17496)\n* rebased to afe7b5964710686a53aa5dbe6839d5429eab85db and upgrade to v5.0.0\n",
  "conflict_file_id": 107,
  "filename": "sdk/textanalytics/azure-ai-textanalytics/src/test/java/com/azure/ai/textanalytics/TestUtils.java",
  "last_commit_on_a": "86a6443b420c7033ce7523f22f948d94bdbf6fa2",
  "last_commit_on_b": "4a7de6ecc711743e44db5fa5263a1d794838ab27",
  "author_info_a": {
    "name": "Shawn Fang",
    "email": "45607042+mssfang@users.noreply.github.com"
  },
  "author_info_b": {
    "name": "Shawn Fang",
    "email": "45607042+mssfang@users.noreply.github.com"
  },
  "num_conflict_regions": 14,
  "conflict_region_spans": [
    {
      "conflict_id": 1,
      "a": {
        "start": 6,
        "end": 6
      },
      "base": {
        "start": 6,
        "end": 16
      },
      "b": {
        "start": 6,
        "end": 24
      }
    },
    {
      "conflict_id": 2,
      "a": {
        "start": 7,
        "end": 8
      },
      "base": {
        "start": 17,
        "end": 18
      },
      "b": {
        "start": 25,
        "end": 26
      }
    },
    {
      "conflict_id": 3,
      "a": {
        "start": 17,
        "end": 18
      },
      "base": {
        "start": 27,
        "end": 30
      },
      "b": {
        "start": 35,
        "end": 40
      }
    },
    {
      "conflict_id": 4,
      "a": {
        "start": 22,
        "end": 22
      },
      "base": {
        "start": 34,
        "end": 39
      },
      "b": {
        "start": 44,
        "end": 48
      }
    },
    {
      "conflict_id": 5,
      "a": {
        "start": 23,
        "end": 24
      },
      "base": {
        "start": 40,
        "end": 40
      },
      "b": {
        "start": 49,
        "end": 50
      }
    },
    {
      "conflict_id": 6,
      "a": {
        "start": 25,
        "end": 26
      },
      "base": {
        "start": 41,
        "end": 43
      },
      "b": {
        "start": 51,
        "end": 54
      }
    },
    {
      "conflict_id": 7,
      "a": {
        "start": 28,
        "end": 28
      },
      "base": {
        "start": 45,
        "end": 47
      },
      "b": {
        "start": 56,
        "end": 59
      }
    },
    {
      "conflict_id": 8,
      "a": {
        "start": 216,
        "end": 216
      },
      "base": {
        "start": 235,
        "end": 295
      },
      "b": {
        "start": 247,
        "end": 355
      }
    },
    {
      "conflict_id": 9,
      "a": {
        "start": 272,
        "end": 273
      },
      "base": {
        "start": 351,
        "end": 356
      },
      "b": {
        "start": 411,
        "end": 479
      }
    },
    {
      "conflict_id": 10,
      "a": {
        "start": 274,
        "end": 278
      },
      "base": {
        "start": 357,
        "end": 379
      },
      "b": {
        "start": 480,
        "end": 483
      }
    },
    {
      "conflict_id": 11,
      "a": {
        "start": 279,
        "end": 280
      },
      "base": {
        "start": 380,
        "end": 385
      },
      "b": {
        "start": 484,
        "end": 552
      }
    },
    {
      "conflict_id": 12,
      "a": {
        "start": 281,
        "end": 285
      },
      "base": {
        "start": 386,
        "end": 407
      },
      "b": {
        "start": 553,
        "end": 556
      }
    },
    {
      "conflict_id": 13,
      "a": {
        "start": 286,
        "end": 288
      },
      "base": {
        "start": 408,
        "end": 740
      },
      "b": {
        "start": 557,
        "end": 982
      }
    },
    {
      "conflict_id": 14,
      "a": {
        "start": 292,
        "end": 295
      },
      "base": {
        "start": 744,
        "end": 770
      },
      "b": {
        "start": 986,
        "end": 1014
      }
    }
  ]
}