{
  "repository_origin_url": "https://github.com/azure/azure-sdk-for-java",
  "commit_id": "f15061aced573f8b65f627ca8976b0dc6dfd811a",
  "commit_date": "Wed, 6 Nov 2019 14:05:11 +1300",
  "commit_message": "Build and module improvements (#6080)\nBuild and modules cleanup.\n",
  "conflict_file_id": 10,
  "filename": "sdk/keyvault/azure-security-keyvault-keys/src/main/java/com/azure/security/keyvault/keys/cryptography/models/EncryptResult.java",
  "last_commit_on_a": "6a6d10208856e63e1731fb057a463b342e64d9c0",
  "last_commit_on_b": "79260d13f2dd0a6d6cb23e3fcb179de842a138cf",
  "author_info_a": {
    "name": "Jonathan Giles",
    "email": "jonathan.giles@microsoft.com"
  },
  "author_info_b": {
    "name": "vcolin7",
    "email": "vicolina@microsoft.com"
  },
  "num_conflict_regions": 1,
  "conflict_region_spans": [
    {
      "conflict_id": 1,
      "a": {
        "start": 35,
        "end": 37
      },
      "base": {
        "start": 35,
        "end": 51
      },
      "b": {
        "start": 35,
        "end": 51
      }
    }
  ]
}