{
  "repository_origin_url": "https://github.com/azure/azure-sdk-for-java",
  "commit_id": "32c8d2eed66affa37db194ed66e14dae6030b23a",
  "commit_date": "Wed, 11 Nov 2020 17:09:10 -0800",
  "commit_message": "rebased to afe7b5964710686a53aa5dbe6839d5429eab85db and upgrade to v5.0.0 (#13548) (#17496)\n* rebased to afe7b5964710686a53aa5dbe6839d5429eab85db and upgrade to v5.0.0\n",
  "conflict_file_id": 110,
  "filename": "sdk/textanalytics/azure-ai-textanalytics/src/samples/java/com/azure/ai/textanalytics/ReadmeSamples.java",
  "last_commit_on_a": "86a6443b420c7033ce7523f22f948d94bdbf6fa2",
  "last_commit_on_b": "17d36b39150581b4be113547ca6a5e325f064b41",
  "author_info_a": {
    "name": "Shawn Fang",
    "email": "45607042+mssfang@users.noreply.github.com"
  },
  "author_info_b": {
    "name": "Shawn Fang",
    "email": "45607042+mssfang@users.noreply.github.com"
  },
  "num_conflict_regions": 4,
  "conflict_region_spans": [
    {
      "conflict_id": 1,
      "a": {
        "start": 9,
        "end": 9
      },
      "base": {
        "start": 9,
        "end": 20
      },
      "b": {
        "start": 9,
        "end": 19
      }
    },
    {
      "conflict_id": 2,
      "a": {
        "start": 15,
        "end": 15
      },
      "base": {
        "start": 26,
        "end": 29
      },
      "b": {
        "start": 25,
        "end": 27
      }
    },
    {
      "conflict_id": 3,
      "a": {
        "start": 19,
        "end": 19
      },
      "base": {
        "start": 33,
        "end": 35
      },
      "b": {
        "start": 31,
        "end": 32
      }
    },
    {
      "conflict_id": 4,
      "a": {
        "start": 153,
        "end": 153
      },
      "base": {
        "start": 169,
        "end": 288
      },
      "b": {
        "start": 166,
        "end": 287
      }
    }
  ]
}