{
  "repository_origin_url": "https://github.com/azure/azure-sdk-for-java",
  "commit_id": "32c8d2eed66affa37db194ed66e14dae6030b23a",
  "commit_date": "Wed, 11 Nov 2020 17:09:10 -0800",
  "commit_message": "rebased to afe7b5964710686a53aa5dbe6839d5429eab85db and upgrade to v5.0.0 (#13548) (#17496)\n* rebased to afe7b5964710686a53aa5dbe6839d5429eab85db and upgrade to v5.0.0\n",
  "conflict_file_id": 112,
  "filename": "sdk/textanalytics/azure-ai-textanalytics/src/main/java/com/azure/ai/textanalytics/DetectLanguageAsyncClient.java",
  "last_commit_on_a": "86a6443b420c7033ce7523f22f948d94bdbf6fa2",
  "last_commit_on_b": "f8cdccb633543d59015d65df3706c27169e13d05",
  "author_info_a": {
    "name": "Shawn Fang",
    "email": "45607042+mssfang@users.noreply.github.com"
  },
  "author_info_b": {
    "name": "Sameeksha Vaity",
    "email": "savaity@microsoft.com"
  },
  "num_conflict_regions": 2,
  "conflict_region_spans": [
    {
      "conflict_id": 1,
      "a": {
        "start": 33,
        "end": 34
      },
      "base": {
        "start": 33,
        "end": 33
      },
      "b": {
        "start": 33,
        "end": 34
      }
    },
    {
      "conflict_id": 2,
      "a": {
        "start": 167,
        "end": 177
      },
      "base": {
        "start": 166,
        "end": 176
      },
      "b": {
        "start": 167,
        "end": 178
      }
    }
  ]
}