{
  "repository_origin_url": "https://github.com/azure/azure-sdk-for-java",
  "commit_id": "32c8d2eed66affa37db194ed66e14dae6030b23a",
  "commit_date": "Wed, 11 Nov 2020 17:09:10 -0800",
  "commit_message": "rebased to afe7b5964710686a53aa5dbe6839d5429eab85db and upgrade to v5.0.0 (#13548) (#17496)\n* rebased to afe7b5964710686a53aa5dbe6839d5429eab85db and upgrade to v5.0.0\n",
  "conflict_file_id": 113,
  "filename": "sdk/textanalytics/azure-ai-textanalytics/src/samples/java/com/azure/ai/textanalytics/TextAnalyticsAsyncClientJavaDocCodeSnippets.java",
  "last_commit_on_a": "86a6443b420c7033ce7523f22f948d94bdbf6fa2",
  "last_commit_on_b": "17d36b39150581b4be113547ca6a5e325f064b41",
  "author_info_a": {
    "name": "Shawn Fang",
    "email": "45607042+mssfang@users.noreply.github.com"
  },
  "author_info_b": {
    "name": "Shawn Fang",
    "email": "45607042+mssfang@users.noreply.github.com"
  },
  "num_conflict_regions": 8,
  "conflict_region_spans": [
    {
      "conflict_id": 1,
      "a": {
        "start": 6,
        "end": 7
      },
      "base": {
        "start": 6,
        "end": 11
      },
      "b": {
        "start": 6,
        "end": 11
      }
    },
    {
      "conflict_id": 2,
      "a": {
        "start": 13,
        "end": 16
      },
      "base": {
        "start": 17,
        "end": 26
      },
      "b": {
        "start": 17,
        "end": 24
      }
    },
    {
      "conflict_id": 3,
      "a": {
        "start": 17,
        "end": 17
      },
      "base": {
        "start": 27,
        "end": 28
      },
      "b": {
        "start": 25,
        "end": 27
      }
    },
    {
      "conflict_id": 4,
      "a": {
        "start": 21,
        "end": 21
      },
      "base": {
        "start": 32,
        "end": 35
      },
      "b": {
        "start": 31,
        "end": 33
      }
    },
    {
      "conflict_id": 5,
      "a": {
        "start": 24,
        "end": 24
      },
      "base": {
        "start": 38,
        "end": 40
      },
      "b": {
        "start": 36,
        "end": 37
      }
    },
    {
      "conflict_id": 6,
      "a": {
        "start": 472,
        "end": 473
      },
      "base": {
        "start": 488,
        "end": 514
      },
      "b": {
        "start": 485,
        "end": 511
      }
    },
    {
      "conflict_id": 7,
      "a": {
        "start": 495,
        "end": 503
      },
      "base": {
        "start": 536,
        "end": 550
      },
      "b": {
        "start": 533,
        "end": 547
      }
    },
    {
      "conflict_id": 8,
      "a": {
        "start": 547,
        "end": 547
      },
      "base": {
        "start": 594,
        "end": 802
      },
      "b": {
        "start": 591,
        "end": 800
      }
    }
  ]
}