{
  "repository_origin_url": "https://github.com/azure/azure-sdk-for-java",
  "commit_id": "32c8d2eed66affa37db194ed66e14dae6030b23a",
  "commit_date": "Wed, 11 Nov 2020 17:09:10 -0800",
  "commit_message": "rebased to afe7b5964710686a53aa5dbe6839d5429eab85db and upgrade to v5.0.0 (#13548) (#17496)\n* rebased to afe7b5964710686a53aa5dbe6839d5429eab85db and upgrade to v5.0.0\n",
  "conflict_file_id": 114,
  "filename": "sdk/textanalytics/azure-ai-textanalytics/src/main/java/com/azure/ai/textanalytics/implementation/Utility.java",
  "last_commit_on_a": "86a6443b420c7033ce7523f22f948d94bdbf6fa2",
  "last_commit_on_b": "4a7de6ecc711743e44db5fa5263a1d794838ab27",
  "author_info_a": {
    "name": "Shawn Fang",
    "email": "45607042+mssfang@users.noreply.github.com"
  },
  "author_info_b": {
    "name": "Shawn Fang",
    "email": "45607042+mssfang@users.noreply.github.com"
  },
  "num_conflict_regions": 13,
  "conflict_region_spans": [
    {
      "conflict_id": 1,
      "a": {
        "start": 6,
        "end": 6
      },
      "base": {
        "start": 6,
        "end": 8
      },
      "b": {
        "start": 6,
        "end": 11
      }
    },
    {
      "conflict_id": 2,
      "a": {
        "start": 7,
        "end": 7
      },
      "base": {
        "start": 9,
        "end": 10
      },
      "b": {
        "start": 12,
        "end": 14
      }
    },
    {
      "conflict_id": 3,
      "a": {
        "start": 8,
        "end": 8
      },
      "base": {
        "start": 11,
        "end": 13
      },
      "b": {
        "start": 15,
        "end": 19
      }
    },
    {
      "conflict_id": 4,
      "a": {
        "start": 12,
        "end": 12
      },
      "base": {
        "start": 17,
        "end": 18
      },
      "b": {
        "start": 23,
        "end": 26
      }
    },
    {
      "conflict_id": 5,
      "a": {
        "start": 16,
        "end": 16
      },
      "base": {
        "start": 22,
        "end": 32
      },
      "b": {
        "start": 30,
        "end": 51
      }
    },
    {
      "conflict_id": 6,
      "a": {
        "start": 21,
        "end": 21
      },
      "base": {
        "start": 37,
        "end": 41
      },
      "b": {
        "start": 56,
        "end": 61
      }
    },
    {
      "conflict_id": 7,
      "a": {
        "start": 24,
        "end": 26
      },
      "base": {
        "start": 44,
        "end": 50
      },
      "b": {
        "start": 64,
        "end": 68
      }
    },
    {
      "conflict_id": 8,
      "a": {
        "start": 27,
        "end": 29
      },
      "base": {
        "start": 51,
        "end": 54
      },
      "b": {
        "start": 69,
        "end": 70
      }
    },
    {
      "conflict_id": 9,
      "a": {
        "start": 30,
        "end": 30
      },
      "base": {
        "start": 55,
        "end": 56
      },
      "b": {
        "start": 71,
        "end": 73
      }
    },
    {
      "conflict_id": 10,
      "a": {
        "start": 60,
        "end": 106
      },
      "base": {
        "start": 86,
        "end": 132
      },
      "b": {
        "start": 103,
        "end": 104
      }
    },
    {
      "conflict_id": 11,
      "a": {
        "start": 111,
        "end": 114
      },
      "base": {
        "start": 137,
        "end": 140
      },
      "b": {
        "start": 109,
        "end": 117
      }
    },
    {
      "conflict_id": 12,
      "a": {
        "start": 115,
        "end": 116
      },
      "base": {
        "start": 141,
        "end": 142
      },
      "b": {
        "start": 118,
        "end": 119
      }
    },
    {
      "conflict_id": 13,
      "a": {
        "start": 230,
        "end": 230
      },
      "base": {
        "start": 256,
        "end": 557
      },
      "b": {
        "start": 233,
        "end": 697
      }
    }
  ]
}