{
  "repository_origin_url": "https://github.com/azure/azure-sdk-for-java",
  "commit_id": "32c8d2eed66affa37db194ed66e14dae6030b23a",
  "commit_date": "Wed, 11 Nov 2020 17:09:10 -0800",
  "commit_message": "rebased to afe7b5964710686a53aa5dbe6839d5429eab85db and upgrade to v5.0.0 (#13548) (#17496)\n* rebased to afe7b5964710686a53aa5dbe6839d5429eab85db and upgrade to v5.0.0\n",
  "conflict_file_id": 115,
  "filename": "sdk/textanalytics/azure-ai-textanalytics/src/test/java/com/azure/ai/textanalytics/TextAnalyticsClientTest.java",
  "last_commit_on_a": "86a6443b420c7033ce7523f22f948d94bdbf6fa2",
  "last_commit_on_b": "9536e5e104267610373c7c76a994f58d9b5f4365",
  "author_info_a": {
    "name": "Shawn Fang",
    "email": "45607042+mssfang@users.noreply.github.com"
  },
  "author_info_b": {
    "name": "Shawn Fang",
    "email": "45607042+mssfang@users.noreply.github.com"
  },
  "num_conflict_regions": 10,
  "conflict_region_spans": [
    {
      "conflict_id": 1,
      "a": {
        "start": 6,
        "end": 6
      },
      "base": {
        "start": 6,
        "end": 13
      },
      "b": {
        "start": 6,
        "end": 15
      }
    },
    {
      "conflict_id": 2,
      "a": {
        "start": 10,
        "end": 12
      },
      "base": {
        "start": 17,
        "end": 22
      },
      "b": {
        "start": 19,
        "end": 25
      }
    },
    {
      "conflict_id": 3,
      "a": {
        "start": 14,
        "end": 14
      },
      "base": {
        "start": 24,
        "end": 27
      },
      "b": {
        "start": 27,
        "end": 31
      }
    },
    {
      "conflict_id": 4,
      "a": {
        "start": 21,
        "end": 21
      },
      "base": {
        "start": 34,
        "end": 37
      },
      "b": {
        "start": 38,
        "end": 42
      }
    },
    {
      "conflict_id": 5,
      "a": {
        "start": 37,
        "end": 37
      },
      "base": {
        "start": 53,
        "end": 55
      },
      "b": {
        "start": 58,
        "end": 61
      }
    },
    {
      "conflict_id": 6,
      "a": {
        "start": 38,
        "end": 38
      },
      "base": {
        "start": 56,
        "end": 72
      },
      "b": {
        "start": 62,
        "end": 80
      }
    },
    {
      "conflict_id": 7,
      "a": {
        "start": 539,
        "end": 545
      },
      "base": {
        "start": 573,
        "end": 578
      },
      "b": {
        "start": 581,
        "end": 586
      }
    },
    {
      "conflict_id": 8,
      "a": {
        "start": 551,
        "end": 554
      },
      "base": {
        "start": 584,
        "end": 586
      },
      "b": {
        "start": 592,
        "end": 642
      }
    },
    {
      "conflict_id": 9,
      "a": {
        "start": 620,
        "end": 622
      },
      "base": {
        "start": 652,
        "end": 1283
      },
      "b": {
        "start": 708,
        "end": 1345
      }
    },
    {
      "conflict_id": 10,
      "a": {
        "start": 624,
        "end": 624
      },
      "base": {
        "start": 1285,
        "end": 1977
      },
      "b": {
        "start": 1347,
        "end": 2138
      }
    }
  ]
}