{
  "repository_origin_url": "https://github.com/azure/azure-sdk-for-java",
  "commit_id": "32c8d2eed66affa37db194ed66e14dae6030b23a",
  "commit_date": "Wed, 11 Nov 2020 17:09:10 -0800",
  "commit_message": "rebased to afe7b5964710686a53aa5dbe6839d5429eab85db and upgrade to v5.0.0 (#13548) (#17496)\n* rebased to afe7b5964710686a53aa5dbe6839d5429eab85db and upgrade to v5.0.0\n",
  "conflict_file_id": 116,
  "filename": "sdk/textanalytics/azure-ai-textanalytics/src/main/java/com/azure/ai/textanalytics/AnalyzeSentimentAsyncClient.java",
  "last_commit_on_a": "86a6443b420c7033ce7523f22f948d94bdbf6fa2",
  "last_commit_on_b": "1a92a487e32af9c6a70f45ea228eee1e415e0599",
  "author_info_a": {
    "name": "Shawn Fang",
    "email": "45607042+mssfang@users.noreply.github.com"
  },
  "author_info_b": {
    "name": "Shawn Fang",
    "email": "45607042+mssfang@users.noreply.github.com"
  },
  "num_conflict_regions": 7,
  "conflict_region_spans": [
    {
      "conflict_id": 1,
      "a": {
        "start": 6,
        "end": 6
      },
      "base": {
        "start": 6,
        "end": 9
      },
      "b": {
        "start": 6,
        "end": 10
      }
    },
    {
      "conflict_id": 2,
      "a": {
        "start": 7,
        "end": 7
      },
      "base": {
        "start": 10,
        "end": 13
      },
      "b": {
        "start": 11,
        "end": 12
      }
    },
    {
      "conflict_id": 3,
      "a": {
        "start": 11,
        "end": 11
      },
      "base": {
        "start": 17,
        "end": 19
      },
      "b": {
        "start": 16,
        "end": 17
      }
    },
    {
      "conflict_id": 4,
      "a": {
        "start": 19,
        "end": 20
      },
      "base": {
        "start": 27,
        "end": 30
      },
      "b": {
        "start": 25,
        "end": 28
      }
    },
    {
      "conflict_id": 5,
      "a": {
        "start": 40,
        "end": 41
      },
      "base": {
        "start": 50,
        "end": 52
      },
      "b": {
        "start": 48,
        "end": 51
      }
    },
    {
      "conflict_id": 6,
      "a": {
        "start": 160,
        "end": 161
      },
      "base": {
        "start": 171,
        "end": 177
      },
      "b": {
        "start": 170,
        "end": 176
      }
    },
    {
      "conflict_id": 7,
      "a": {
        "start": 202,
        "end": 210
      },
      "base": {
        "start": 218,
        "end": 338
      },
      "b": {
        "start": 217,
        "end": 349
      }
    }
  ]
}