{
  "repository_origin_url": "https://github.com/azure/azure-sdk-for-java",
  "commit_id": "a2d2aac0492f15f83ecada83ff9d6a7394e564f9",
  "commit_date": "Mon, 9 Nov 2020 11:59:36 -0800",
  "commit_message": "Add Azure Arc MI Support (#17013)\n\n",
  "conflict_file_id": 117,
  "filename": "sdk/identity/azure-identity/src/main/java/com/azure/identity/implementation/IdentityClient.java",
  "last_commit_on_a": "9a2679e200af8c20afcd1139616c346b07a55e2e",
  "last_commit_on_b": "44f0c99ef73930da72dc479b0a47fa1923fad199",
  "author_info_a": {
    "name": "Vinay Gera",
    "email": "vigera@microsoft.com"
  },
  "author_info_b": {
    "name": "Vinay Gera",
    "email": "vigera@microsoft.com"
  },
  "num_conflict_regions": 2,
  "conflict_region_spans": [
    {
      "conflict_id": 1,
      "a": {
        "start": 612,
        "end": 617
      },
      "base": {
        "start": 612,
        "end": 623
      },
      "b": {
        "start": 612,
        "end": 623
      }
    },
    {
      "conflict_id": 2,
      "a": {
        "start": 698,
        "end": 701
      },
      "base": {
        "start": 704,
        "end": 712
      },
      "b": {
        "start": 704,
        "end": 714
      }
    }
  ]
}