{
  "repository_origin_url": "https://github.com/azure/azure-sdk-for-java",
  "commit_id": "f15061aced573f8b65f627ca8976b0dc6dfd811a",
  "commit_date": "Fri, 13 Nov 2020 05:30:57 -0800",
  "commit_message": "Merged master\n\n",
  "conflict_file_id": 11,
  "filename": "sdk/keyvault/azure-security-keyvault-keys/src/test/java/com/azure/security/keyvault/keys/KeyClientTestBase.java",
  "last_commit_on_a": "3b9dc604d62fad9aac4f7ba452e4770976a7338b",
  "last_commit_on_b": "0bf53c07d62f3456042f55bb379f1efadf002384",
  "author_info_a": {
    "name": "Victor Colin Amador",
    "email": "vicolina@microsoft.com"
  },
  "author_info_b": {
    "name": "vcolin7",
    "email": "vicolina@microsoft.com"
  },
  "num_conflict_regions": 1,
  "conflict_region_spans": [
    {
      "conflict_id": 1,
      "a": {
        "start": 328,
        "end": 328
      },
      "base": {
        "start": 328,
        "end": 355
      },
      "b": {
        "start": 328,
        "end": 345
      }
    }
  ]
}