{
  "repository_origin_url": "https://github.com/azure/azure-sdk-for-java",
  "commit_id": "4e9c357464e4602510c6696e841c01f85e2966db",
  "commit_date": "Mon, 1 Mar 2021 19:09:01 +0000",
  "commit_message": "Changefeed DataSource and dynamic partitioning (#19294)\n* Config for Partitioning and Changefeed\n\n* Iterating on Partition planner\n\n* Iterating on CosmosPartitionPlanner to allow splits\n\n* Adding missing partitioning strategies\n\n* Fixing test regressions\n\n* Iterating on Changefeed Spark partitioning\n\n* Update HexConvert.java\n\n* Fixing build break\n\n* Adding basic ChangeFeedOffset json serialization test\n\n* Adding unit tests for FeedRange split and fixing some identified issues\n\n* Fixing SpotBUg issues\n\n* Adding more test coverage\n\n* Iterating on MetadataCache tests\n\n* Finishing MetadataCache tests\n\n* Fixing build break\n\n* Adding mechanism to inject artificial metadata into PartiitonMetadataCache for testing purposes\n\n* Iterating on partition planner tests\n\n* Remaining partition planning tests\n\n* ScalaStyle NITs\n\n* Disabling multiple Spark partitions for single phsyical partition in unit tests because emulator doesn't support subrange filtering yet\n\n* Fixing RNTBD serialization bug for EPK headers\n\n* Addressing code review feedback\n\n* Fixing SpotBug issue\n",
  "conflict_file_id": 123,
  "filename": "sdk/cosmos/azure-cosmos/src/test/java/com/azure/cosmos/rx/TestSuiteBase.java",
  "last_commit_on_a": "9c278a91e1cec30788c9184870065405ab788148",
  "last_commit_on_b": "39a7a6606b086ca05c1d17de15276937db207dc6",
  "author_info_a": {
    "name": "Fabian Meiswinkel",
    "email": "fabianm@microsoft.com"
  },
  "author_info_b": {
    "name": "Annie Liang",
    "email": "64233642+xinlian12@users.noreply.github.com"
  },
  "num_conflict_regions": 2,
  "conflict_region_spans": [
    {
      "conflict_id": 1,
      "a": {
        "start": 932,
        "end": 943
      },
      "base": {
        "start": 932,
        "end": 933
      },
      "b": {
        "start": 932,
        "end": 941
      }
    },
    {
      "conflict_id": 2,
      "a": {
        "start": 970,
        "end": 978
      },
      "base": {
        "start": 960,
        "end": 961
      },
      "b": {
        "start": 968,
        "end": 969
      }
    }
  ]
}