{
  "repository_origin_url": "https://github.com/azure/azure-sdk-for-java",
  "commit_id": "7453045e1963cf23489104ca51339d2111495e29",
  "commit_date": "Thu, 8 Oct 2020 02:58:41 -0500",
  "commit_message": "Merged master.\n\n",
  "conflict_file_id": 126,
  "filename": "sdk/keyvault/azure-security-keyvault-certificates/src/main/java/com/azure/security/keyvault/certificates/CertificateAsyncClient.java",
  "last_commit_on_a": "31dd22446e98706a52b6701e4a46c0ee3a383c06",
  "last_commit_on_b": "9b95c147531bdecfe31142a7fd033b1f7edb3aa3",
  "author_info_a": {
    "name": "Victor Colin Amador",
    "email": "victor.y.asi@gmail.com"
  },
  "author_info_b": {
    "name": "Sameeksha Vaity",
    "email": "savaity@microsoft.com"
  },
  "num_conflict_regions": 4,
  "conflict_region_spans": [
    {
      "conflict_id": 1,
      "a": {
        "start": 135,
        "end": 140
      },
      "base": {
        "start": 135,
        "end": 162
      },
      "b": {
        "start": 135,
        "end": 163
      }
    },
    {
      "conflict_id": 2,
      "a": {
        "start": 251,
        "end": 252
      },
      "base": {
        "start": 273,
        "end": 292
      },
      "b": {
        "start": 274,
        "end": 294
      }
    },
    {
      "conflict_id": 3,
      "a": {
        "start": 457,
        "end": 458
      },
      "base": {
        "start": 497,
        "end": 520
      },
      "b": {
        "start": 499,
        "end": 522
      }
    },
    {
      "conflict_id": 4,
      "a": {
        "start": 638,
        "end": 639
      },
      "base": {
        "start": 700,
        "end": 723
      },
      "b": {
        "start": 702,
        "end": 725
      }
    }
  ]
}