{
  "repository_origin_url": "https://github.com/azure/azure-sdk-for-java",
  "commit_id": "7453045e1963cf23489104ca51339d2111495e29",
  "commit_date": "Thu, 8 Oct 2020 02:58:41 -0500",
  "commit_message": "Merged master.\n\n",
  "conflict_file_id": 129,
  "filename": "sdk/keyvault/azure-security-keyvault-certificates/src/main/java/com/azure/security/keyvault/certificates/CertificateClient.java",
  "last_commit_on_a": "31dd22446e98706a52b6701e4a46c0ee3a383c06",
  "last_commit_on_b": "9b95c147531bdecfe31142a7fd033b1f7edb3aa3",
  "author_info_a": {
    "name": "Victor Colin Amador",
    "email": "victor.y.asi@gmail.com"
  },
  "author_info_b": {
    "name": "Sameeksha Vaity",
    "email": "savaity@microsoft.com"
  },
  "num_conflict_regions": 4,
  "conflict_region_spans": [
    {
      "conflict_id": 1,
      "a": {
        "start": 100,
        "end": 100
      },
      "base": {
        "start": 100,
        "end": 127
      },
      "b": {
        "start": 100,
        "end": 127
      }
    },
    {
      "conflict_id": 2,
      "a": {
        "start": 135,
        "end": 135
      },
      "base": {
        "start": 162,
        "end": 181
      },
      "b": {
        "start": 162,
        "end": 181
      }
    },
    {
      "conflict_id": 3,
      "a": {
        "start": 277,
        "end": 277
      },
      "base": {
        "start": 323,
        "end": 346
      },
      "b": {
        "start": 323,
        "end": 346
      }
    },
    {
      "conflict_id": 4,
      "a": {
        "start": 381,
        "end": 381
      },
      "base": {
        "start": 450,
        "end": 472
      },
      "b": {
        "start": 450,
        "end": 472
      }
    }
  ]
}