{
  "repository_origin_url": "https://github.com/azure/azure-sdk-for-java",
  "commit_id": "f15061aced573f8b65f627ca8976b0dc6dfd811a",
  "commit_date": "Thu, 24 Oct 2019 15:07:59 -0700",
  "commit_message": "Kv api updates preivew5 (#5910)\nKV Keys and Secrets API updates\n",
  "conflict_file_id": 12,
  "filename": "sdk/keyvault/azure-security-keyvault-keys/src/samples/java/com/azure/security/keyvault/keys/cryptography/CryptographyAsyncClientJavaDocCodeSnippets.java",
  "last_commit_on_a": "c978dbcd535f8350cacacbf02e2186997d692dda",
  "last_commit_on_b": "1ead73b6d6bbeeb8779c4fe38f3857a6255cf324",
  "author_info_a": {
    "name": "Vinay Gera",
    "email": "vigera@microsoft.com"
  },
  "author_info_b": {
    "name": "vcolin7",
    "email": "vicolina@microsoft.com"
  },
  "num_conflict_regions": 7,
  "conflict_region_spans": [
    {
      "conflict_id": 1,
      "a": {
        "start": 126,
        "end": 128
      },
      "base": {
        "start": 126,
        "end": 128
      },
      "b": {
        "start": 126,
        "end": 128
      }
    },
    {
      "conflict_id": 2,
      "a": {
        "start": 138,
        "end": 141
      },
      "base": {
        "start": 138,
        "end": 142
      },
      "b": {
        "start": 138,
        "end": 142
      }
    },
    {
      "conflict_id": 3,
      "a": {
        "start": 146,
        "end": 146
      },
      "base": {
        "start": 147,
        "end": 165
      },
      "b": {
        "start": 147,
        "end": 165
      }
    },
    {
      "conflict_id": 4,
      "a": {
        "start": 149,
        "end": 151
      },
      "base": {
        "start": 168,
        "end": 170
      },
      "b": {
        "start": 168,
        "end": 170
      }
    },
    {
      "conflict_id": 5,
      "a": {
        "start": 155,
        "end": 158
      },
      "base": {
        "start": 174,
        "end": 179
      },
      "b": {
        "start": 174,
        "end": 179
      }
    },
    {
      "conflict_id": 6,
      "a": {
        "start": 162,
        "end": 162
      },
      "base": {
        "start": 183,
        "end": 200
      },
      "b": {
        "start": 183,
        "end": 200
      }
    },
    {
      "conflict_id": 7,
      "a": {
        "start": 195,
        "end": 221
      },
      "base": {
        "start": 233,
        "end": 260
      },
      "b": {
        "start": 233,
        "end": 233
      }
    }
  ]
}