{
  "repository_origin_url": "https://github.com/azure/azure-sdk-for-java",
  "commit_id": "7453045e1963cf23489104ca51339d2111495e29",
  "commit_date": "Thu, 8 Oct 2020 02:58:41 -0500",
  "commit_message": "Merged master.\n\n",
  "conflict_file_id": 131,
  "filename": "sdk/keyvault/azure-security-keyvault-secrets/src/main/java/com/azure/security/keyvault/secrets/SecretClient.java",
  "last_commit_on_a": "31dd22446e98706a52b6701e4a46c0ee3a383c06",
  "last_commit_on_b": "9b95c147531bdecfe31142a7fd033b1f7edb3aa3",
  "author_info_a": {
    "name": "Victor Colin Amador",
    "email": "victor.y.asi@gmail.com"
  },
  "author_info_b": {
    "name": "Sameeksha Vaity",
    "email": "savaity@microsoft.com"
  },
  "num_conflict_regions": 2,
  "conflict_region_spans": [
    {
      "conflict_id": 1,
      "a": {
        "start": 249,
        "end": 249
      },
      "base": {
        "start": 249,
        "end": 270
      },
      "b": {
        "start": 249,
        "end": 271
      }
    },
    {
      "conflict_id": 2,
      "a": {
        "start": 343,
        "end": 343
      },
      "base": {
        "start": 364,
        "end": 383
      },
      "b": {
        "start": 365,
        "end": 385
      }
    }
  ]
}