{
  "repository_origin_url": "https://github.com/azure/azure-sdk-for-java",
  "commit_id": "34159e963074187c43f2f0e5055ed2d09247a322",
  "commit_date": "Wed, 11 Nov 2020 17:09:10 -0800",
  "commit_message": "rebased to afe7b5964710686a53aa5dbe6839d5429eab85db and upgrade to v5.0.0 (#13548) (#17496)\n* rebased to afe7b5964710686a53aa5dbe6839d5429eab85db and upgrade to v5.0.0\n",
  "conflict_file_id": 132,
  "filename": "sdk/textanalytics/azure-ai-textanalytics/src/samples/java/com/azure/ai/textanalytics/ReadmeSamples.java",
  "last_commit_on_a": "86a6443b420c7033ce7523f22f948d94bdbf6fa2",
  "last_commit_on_b": "b507bd624e28e5a0bc7baf34e90ea84fa8a4d0a8",
  "author_info_a": {
    "name": "Shawn Fang",
    "email": "45607042+mssfang@users.noreply.github.com"
  },
  "author_info_b": {
    "name": "Shawn Fang",
    "email": "45607042+mssfang@users.noreply.github.com"
  },
  "num_conflict_regions": 5,
  "conflict_region_spans": [
    {
      "conflict_id": 1,
      "a": {
        "start": 6,
        "end": 6
      },
      "base": {
        "start": 6,
        "end": 8
      },
      "b": {
        "start": 6,
        "end": 11
      }
    },
    {
      "conflict_id": 2,
      "a": {
        "start": 9,
        "end": 9
      },
      "base": {
        "start": 11,
        "end": 22
      },
      "b": {
        "start": 14,
        "end": 25
      }
    },
    {
      "conflict_id": 3,
      "a": {
        "start": 15,
        "end": 15
      },
      "base": {
        "start": 28,
        "end": 30
      },
      "b": {
        "start": 31,
        "end": 34
      }
    },
    {
      "conflict_id": 4,
      "a": {
        "start": 19,
        "end": 19
      },
      "base": {
        "start": 34,
        "end": 35
      },
      "b": {
        "start": 38,
        "end": 40
      }
    },
    {
      "conflict_id": 5,
      "a": {
        "start": 153,
        "end": 153
      },
      "base": {
        "start": 169,
        "end": 290
      },
      "b": {
        "start": 174,
        "end": 293
      }
    }
  ]
}