{
  "repository_origin_url": "https://github.com/azure/azure-sdk-for-java",
  "commit_id": "34159e963074187c43f2f0e5055ed2d09247a322",
  "commit_date": "Wed, 11 Nov 2020 17:09:10 -0800",
  "commit_message": "rebased to afe7b5964710686a53aa5dbe6839d5429eab85db and upgrade to v5.0.0 (#13548) (#17496)\n* rebased to afe7b5964710686a53aa5dbe6839d5429eab85db and upgrade to v5.0.0\n",
  "conflict_file_id": 135,
  "filename": "sdk/textanalytics/azure-ai-textanalytics/src/test/java/com/azure/ai/textanalytics/TextAnalyticsAsyncClientTest.java",
  "last_commit_on_a": "86a6443b420c7033ce7523f22f948d94bdbf6fa2",
  "last_commit_on_b": "ad6145db2f867c4082522f9e6bd816e43e06170b",
  "author_info_a": {
    "name": "Shawn Fang",
    "email": "45607042+mssfang@users.noreply.github.com"
  },
  "author_info_b": {
    "name": "Shawn Fang",
    "email": "45607042+mssfang@users.noreply.github.com"
  },
  "num_conflict_regions": 32,
  "conflict_region_spans": [
    {
      "conflict_id": 1,
      "a": {
        "start": 6,
        "end": 7
      },
      "base": {
        "start": 6,
        "end": 8
      },
      "b": {
        "start": 6,
        "end": 13
      }
    },
    {
      "conflict_id": 2,
      "a": {
        "start": 8,
        "end": 10
      },
      "base": {
        "start": 9,
        "end": 12
      },
      "b": {
        "start": 14,
        "end": 18
      }
    },
    {
      "conflict_id": 3,
      "a": {
        "start": 12,
        "end": 12
      },
      "base": {
        "start": 14,
        "end": 15
      },
      "b": {
        "start": 20,
        "end": 23
      }
    },
    {
      "conflict_id": 4,
      "a": {
        "start": 13,
        "end": 13
      },
      "base": {
        "start": 16,
        "end": 18
      },
      "b": {
        "start": 24,
        "end": 26
      }
    },
    {
      "conflict_id": 5,
      "a": {
        "start": 18,
        "end": 18
      },
      "base": {
        "start": 23,
        "end": 25
      },
      "b": {
        "start": 31,
        "end": 33
      }
    },
    {
      "conflict_id": 6,
      "a": {
        "start": 31,
        "end": 31
      },
      "base": {
        "start": 38,
        "end": 41
      },
      "b": {
        "start": 46,
        "end": 55
      }
    },
    {
      "conflict_id": 7,
      "a": {
        "start": 32,
        "end": 32
      },
      "base": {
        "start": 42,
        "end": 46
      },
      "b": {
        "start": 56,
        "end": 60
      }
    },
    {
      "conflict_id": 8,
      "a": {
        "start": 37,
        "end": 37
      },
      "base": {
        "start": 51,
        "end": 63
      },
      "b": {
        "start": 65,
        "end": 81
      }
    },
    {
      "conflict_id": 9,
      "a": {
        "start": 352,
        "end": 354
      },
      "base": {
        "start": 378,
        "end": 385
      },
      "b": {
        "start": 396,
        "end": 404
      }
    },
    {
      "conflict_id": 10,
      "a": {
        "start": 355,
        "end": 358
      },
      "base": {
        "start": 386,
        "end": 396
      },
      "b": {
        "start": 405,
        "end": 435
      }
    },
    {
      "conflict_id": 11,
      "a": {
        "start": 364,
        "end": 367
      },
      "base": {
        "start": 402,
        "end": 408
      },
      "b": {
        "start": 441,
        "end": 448
      }
    },
    {
      "conflict_id": 12,
      "a": {
        "start": 371,
        "end": 372
      },
      "base": {
        "start": 412,
        "end": 413
      },
      "b": {
        "start": 452,
        "end": 454
      }
    },
    {
      "conflict_id": 13,
      "a": {
        "start": 373,
        "end": 376
      },
      "base": {
        "start": 414,
        "end": 420
      },
      "b": {
        "start": 455,
        "end": 462
      }
    },
    {
      "conflict_id": 14,
      "a": {
        "start": 382,
        "end": 385
      },
      "base": {
        "start": 426,
        "end": 432
      },
      "b": {
        "start": 468,
        "end": 475
      }
    },
    {
      "conflict_id": 15,
      "a": {
        "start": 391,
        "end": 395
      },
      "base": {
        "start": 438,
        "end": 444
      },
      "b": {
        "start": 481,
        "end": 488
      }
    },
    {
      "conflict_id": 16,
      "a": {
        "start": 401,
        "end": 405
      },
      "base": {
        "start": 450,
        "end": 456
      },
      "b": {
        "start": 494,
        "end": 501
      }
    },
    {
      "conflict_id": 17,
      "a": {
        "start": 411,
        "end": 415
      },
      "base": {
        "start": 462,
        "end": 468
      },
      "b": {
        "start": 507,
        "end": 514
      }
    },
    {
      "conflict_id": 18,
      "a": {
        "start": 421,
        "end": 425
      },
      "base": {
        "start": 474,
        "end": 480
      },
      "b": {
        "start": 520,
        "end": 527
      }
    },
    {
      "conflict_id": 19,
      "a": {
        "start": 522,
        "end": 523
      },
      "base": {
        "start": 577,
        "end": 604
      },
      "b": {
        "start": 624,
        "end": 671
      }
    },
    {
      "conflict_id": 20,
      "a": {
        "start": 524,
        "end": 528
      },
      "base": {
        "start": 605,
        "end": 611
      },
      "b": {
        "start": 672,
        "end": 679
      }
    },
    {
      "conflict_id": 21,
      "a": {
        "start": 534,
        "end": 538
      },
      "base": {
        "start": 617,
        "end": 623
      },
      "b": {
        "start": 685,
        "end": 692
      }
    },
    {
      "conflict_id": 22,
      "a": {
        "start": 542,
        "end": 543
      },
      "base": {
        "start": 627,
        "end": 628
      },
      "b": {
        "start": 696,
        "end": 698
      }
    },
    {
      "conflict_id": 23,
      "a": {
        "start": 544,
        "end": 553
      },
      "base": {
        "start": 629,
        "end": 634
      },
      "b": {
        "start": 699,
        "end": 705
      }
    },
    {
      "conflict_id": 24,
      "a": {
        "start": 560,
        "end": 569
      },
      "base": {
        "start": 641,
        "end": 646
      },
      "b": {
        "start": 712,
        "end": 718
      }
    },
    {
      "conflict_id": 25,
      "a": {
        "start": 572,
        "end": 573
      },
      "base": {
        "start": 649,
        "end": 660
      },
      "b": {
        "start": 721,
        "end": 733
      }
    },
    {
      "conflict_id": 26,
      "a": {
        "start": 581,
        "end": 587
      },
      "base": {
        "start": 668,
        "end": 675
      },
      "b": {
        "start": 741,
        "end": 749
      }
    },
    {
      "conflict_id": 27,
      "a": {
        "start": 588,
        "end": 591
      },
      "base": {
        "start": 676,
        "end": 686
      },
      "b": {
        "start": 750,
        "end": 761
      }
    },
    {
      "conflict_id": 28,
      "a": {
        "start": 600,
        "end": 603
      },
      "base": {
        "start": 695,
        "end": 701
      },
      "b": {
        "start": 770,
        "end": 777
      }
    },
    {
      "conflict_id": 29,
      "a": {
        "start": 620,
        "end": 622
      },
      "base": {
        "start": 718,
        "end": 727
      },
      "b": {
        "start": 794,
        "end": 803
      }
    },
    {
      "conflict_id": 30,
      "a": {
        "start": 631,
        "end": 634
      },
      "base": {
        "start": 736,
        "end": 741
      },
      "b": {
        "start": 812,
        "end": 817
      }
    },
    {
      "conflict_id": 31,
      "a": {
        "start": 693,
        "end": 694
      },
      "base": {
        "start": 800,
        "end": 801
      },
      "b": {
        "start": 876,
        "end": 890
      }
    },
    {
      "conflict_id": 32,
      "a": {
        "start": 700,
        "end": 700
      },
      "base": {
        "start": 807,
        "end": 1687
      },
      "b": {
        "start": 896,
        "end": 2255
      }
    }
  ]
}