{
  "repository_origin_url": "https://github.com/azure/azure-sdk-for-java",
  "commit_id": "34159e963074187c43f2f0e5055ed2d09247a322",
  "commit_date": "Wed, 11 Nov 2020 17:09:10 -0800",
  "commit_message": "rebased to afe7b5964710686a53aa5dbe6839d5429eab85db and upgrade to v5.0.0 (#13548) (#17496)\n* rebased to afe7b5964710686a53aa5dbe6839d5429eab85db and upgrade to v5.0.0\n",
  "conflict_file_id": 136,
  "filename": "sdk/textanalytics/azure-ai-textanalytics/src/samples/java/com/azure/ai/textanalytics/TextAnalyticsAsyncClientJavaDocCodeSnippets.java",
  "last_commit_on_a": "86a6443b420c7033ce7523f22f948d94bdbf6fa2",
  "last_commit_on_b": "ad6145db2f867c4082522f9e6bd816e43e06170b",
  "author_info_a": {
    "name": "Shawn Fang",
    "email": "45607042+mssfang@users.noreply.github.com"
  },
  "author_info_b": {
    "name": "Shawn Fang",
    "email": "45607042+mssfang@users.noreply.github.com"
  },
  "num_conflict_regions": 9,
  "conflict_region_spans": [
    {
      "conflict_id": 1,
      "a": {
        "start": 6,
        "end": 7
      },
      "base": {
        "start": 6,
        "end": 9
      },
      "b": {
        "start": 6,
        "end": 11
      }
    },
    {
      "conflict_id": 2,
      "a": {
        "start": 12,
        "end": 12
      },
      "base": {
        "start": 14,
        "end": 15
      },
      "b": {
        "start": 16,
        "end": 17
      }
    },
    {
      "conflict_id": 3,
      "a": {
        "start": 13,
        "end": 16
      },
      "base": {
        "start": 16,
        "end": 23
      },
      "b": {
        "start": 18,
        "end": 27
      }
    },
    {
      "conflict_id": 4,
      "a": {
        "start": 21,
        "end": 21
      },
      "base": {
        "start": 28,
        "end": 35
      },
      "b": {
        "start": 32,
        "end": 38
      }
    },
    {
      "conflict_id": 5,
      "a": {
        "start": 22,
        "end": 22
      },
      "base": {
        "start": 36,
        "end": 37
      },
      "b": {
        "start": 39,
        "end": 42
      }
    },
    {
      "conflict_id": 6,
      "a": {
        "start": 23,
        "end": 23
      },
      "base": {
        "start": 38,
        "end": 40
      },
      "b": {
        "start": 43,
        "end": 44
      }
    },
    {
      "conflict_id": 7,
      "a": {
        "start": 25,
        "end": 25
      },
      "base": {
        "start": 42,
        "end": 43
      },
      "b": {
        "start": 46,
        "end": 48
      }
    },
    {
      "conflict_id": 8,
      "a": {
        "start": 236,
        "end": 236
      },
      "base": {
        "start": 254,
        "end": 374
      },
      "b": {
        "start": 259,
        "end": 412
      }
    },
    {
      "conflict_id": 9,
      "a": {
        "start": 580,
        "end": 580
      },
      "base": {
        "start": 718,
        "end": 881
      },
      "b": {
        "start": 756,
        "end": 964
      }
    }
  ]
}