{
  "repository_origin_url": "https://github.com/azure/azure-sdk-for-java",
  "commit_id": "34159e963074187c43f2f0e5055ed2d09247a322",
  "commit_date": "Wed, 11 Nov 2020 17:09:10 -0800",
  "commit_message": "rebased to afe7b5964710686a53aa5dbe6839d5429eab85db and upgrade to v5.0.0 (#13548) (#17496)\n* rebased to afe7b5964710686a53aa5dbe6839d5429eab85db and upgrade to v5.0.0\n",
  "conflict_file_id": 137,
  "filename": "sdk/textanalytics/azure-ai-textanalytics/src/test/java/com/azure/ai/textanalytics/TextAnalyticsClientTestBase.java",
  "last_commit_on_a": "86a6443b420c7033ce7523f22f948d94bdbf6fa2",
  "last_commit_on_b": "ad6145db2f867c4082522f9e6bd816e43e06170b",
  "author_info_a": {
    "name": "Shawn Fang",
    "email": "45607042+mssfang@users.noreply.github.com"
  },
  "author_info_b": {
    "name": "Shawn Fang",
    "email": "45607042+mssfang@users.noreply.github.com"
  },
  "num_conflict_regions": 21,
  "conflict_region_spans": [
    {
      "conflict_id": 1,
      "a": {
        "start": 6,
        "end": 6
      },
      "base": {
        "start": 6,
        "end": 10
      },
      "b": {
        "start": 6,
        "end": 10
      }
    },
    {
      "conflict_id": 2,
      "a": {
        "start": 10,
        "end": 10
      },
      "base": {
        "start": 14,
        "end": 19
      },
      "b": {
        "start": 14,
        "end": 18
      }
    },
    {
      "conflict_id": 3,
      "a": {
        "start": 12,
        "end": 12
      },
      "base": {
        "start": 21,
        "end": 29
      },
      "b": {
        "start": 20,
        "end": 30
      }
    },
    {
      "conflict_id": 4,
      "a": {
        "start": 39,
        "end": 40
      },
      "base": {
        "start": 56,
        "end": 59
      },
      "b": {
        "start": 57,
        "end": 59
      }
    },
    {
      "conflict_id": 5,
      "a": {
        "start": 71,
        "end": 72
      },
      "base": {
        "start": 90,
        "end": 105
      },
      "b": {
        "start": 90,
        "end": 107
      }
    },
    {
      "conflict_id": 6,
      "a": {
        "start": 104,
        "end": 108
      },
      "base": {
        "start": 137,
        "end": 147
      },
      "b": {
        "start": 139,
        "end": 146
      }
    },
    {
      "conflict_id": 7,
      "a": {
        "start": 123,
        "end": 124
      },
      "base": {
        "start": 162,
        "end": 169
      },
      "b": {
        "start": 161,
        "end": 169
      }
    },
    {
      "conflict_id": 8,
      "a": {
        "start": 145,
        "end": 146
      },
      "base": {
        "start": 190,
        "end": 231
      },
      "b": {
        "start": 190,
        "end": 314
      }
    },
    {
      "conflict_id": 9,
      "a": {
        "start": 189,
        "end": 190
      },
      "base": {
        "start": 274,
        "end": 281
      },
      "b": {
        "start": 357,
        "end": 366
      }
    },
    {
      "conflict_id": 10,
      "a": {
        "start": 200,
        "end": 201
      },
      "base": {
        "start": 291,
        "end": 292
      },
      "b": {
        "start": 376,
        "end": 398
      }
    },
    {
      "conflict_id": 11,
      "a": {
        "start": 238,
        "end": 238
      },
      "base": {
        "start": 329,
        "end": 332
      },
      "b": {
        "start": 435,
        "end": 439
      }
    },
    {
      "conflict_id": 12,
      "a": {
        "start": 243,
        "end": 243
      },
      "base": {
        "start": 337,
        "end": 343
      },
      "b": {
        "start": 444,
        "end": 452
      }
    },
    {
      "conflict_id": 13,
      "a": {
        "start": 249,
        "end": 250
      },
      "base": {
        "start": 349,
        "end": 371
      },
      "b": {
        "start": 458,
        "end": 506
      }
    },
    {
      "conflict_id": 14,
      "a": {
        "start": 256,
        "end": 257
      },
      "base": {
        "start": 377,
        "end": 417
      },
      "b": {
        "start": 512,
        "end": 605
      }
    },
    {
      "conflict_id": 15,
      "a": {
        "start": 259,
        "end": 260
      },
      "base": {
        "start": 419,
        "end": 420
      },
      "b": {
        "start": 607,
        "end": 612
      }
    },
    {
      "conflict_id": 16,
      "a": {
        "start": 335,
        "end": 341
      },
      "base": {
        "start": 495,
        "end": 537
      },
      "b": {
        "start": 687,
        "end": 729
      }
    },
    {
      "conflict_id": 17,
      "a": {
        "start": 447,
        "end": 447
      },
      "base": {
        "start": 643,
        "end": 713
      },
      "b": {
        "start": 835,
        "end": 909
      }
    },
    {
      "conflict_id": 18,
      "a": {
        "start": 448,
        "end": 450
      },
      "base": {
        "start": 714,
        "end": 766
      },
      "b": {
        "start": 910,
        "end": 992
      }
    },
    {
      "conflict_id": 19,
      "a": {
        "start": 555,
        "end": 556
      },
      "base": {
        "start": 871,
        "end": 880
      },
      "b": {
        "start": 1097,
        "end": 1106
      }
    },
    {
      "conflict_id": 20,
      "a": {
        "start": 693,
        "end": 695
      },
      "base": {
        "start": 1017,
        "end": 1103
      },
      "b": {
        "start": 1243,
        "end": 1392
      }
    },
    {
      "conflict_id": 21,
      "a": {
        "start": 726,
        "end": 726
      },
      "base": {
        "start": 1134,
        "end": 1149
      },
      "b": {
        "start": 1423,
        "end": 1438
      }
    }
  ]
}