{
  "repository_origin_url": "https://github.com/azure/azure-sdk-for-java",
  "commit_id": "34159e963074187c43f2f0e5055ed2d09247a322",
  "commit_date": "Wed, 11 Nov 2020 17:09:10 -0800",
  "commit_message": "rebased to afe7b5964710686a53aa5dbe6839d5429eab85db and upgrade to v5.0.0 (#13548) (#17496)\n* rebased to afe7b5964710686a53aa5dbe6839d5429eab85db and upgrade to v5.0.0\n",
  "conflict_file_id": 138,
  "filename": "sdk/textanalytics/azure-ai-textanalytics/src/main/java/com/azure/ai/textanalytics/TextAnalyticsAsyncClient.java",
  "last_commit_on_a": "86a6443b420c7033ce7523f22f948d94bdbf6fa2",
  "last_commit_on_b": "ad6145db2f867c4082522f9e6bd816e43e06170b",
  "author_info_a": {
    "name": "Shawn Fang",
    "email": "45607042+mssfang@users.noreply.github.com"
  },
  "author_info_b": {
    "name": "Shawn Fang",
    "email": "45607042+mssfang@users.noreply.github.com"
  },
  "num_conflict_regions": 6,
  "conflict_region_spans": [
    {
      "conflict_id": 1,
      "a": {
        "start": 7,
        "end": 7
      },
      "base": {
        "start": 7,
        "end": 8
      },
      "b": {
        "start": 7,
        "end": 13
      }
    },
    {
      "conflict_id": 2,
      "a": {
        "start": 15,
        "end": 15
      },
      "base": {
        "start": 16,
        "end": 19
      },
      "b": {
        "start": 21,
        "end": 27
      }
    },
    {
      "conflict_id": 3,
      "a": {
        "start": 68,
        "end": 68
      },
      "base": {
        "start": 72,
        "end": 74
      },
      "b": {
        "start": 80,
        "end": 82
      }
    },
    {
      "conflict_id": 4,
      "a": {
        "start": 89,
        "end": 89
      },
      "base": {
        "start": 95,
        "end": 97
      },
      "b": {
        "start": 103,
        "end": 105
      }
    },
    {
      "conflict_id": 5,
      "a": {
        "start": 402,
        "end": 403
      },
      "base": {
        "start": 410,
        "end": 567
      },
      "b": {
        "start": 418,
        "end": 576
      }
    },
    {
      "conflict_id": 6,
      "a": {
        "start": 808,
        "end": 808
      },
      "base": {
        "start": 972,
        "end": 1059
      },
      "b": {
        "start": 981,
        "end": 1126
      }
    }
  ]
}