{
  "repository_origin_url": "https://github.com/azure/azure-sdk-for-java",
  "commit_id": "34159e963074187c43f2f0e5055ed2d09247a322",
  "commit_date": "Wed, 11 Nov 2020 17:09:10 -0800",
  "commit_message": "rebased to afe7b5964710686a53aa5dbe6839d5429eab85db and upgrade to v5.0.0 (#13548) (#17496)\n* rebased to afe7b5964710686a53aa5dbe6839d5429eab85db and upgrade to v5.0.0\n",
  "conflict_file_id": 139,
  "filename": "sdk/textanalytics/azure-ai-textanalytics/src/test/java/com/azure/ai/textanalytics/TestUtils.java",
  "last_commit_on_a": "86a6443b420c7033ce7523f22f948d94bdbf6fa2",
  "last_commit_on_b": "ad6145db2f867c4082522f9e6bd816e43e06170b",
  "author_info_a": {
    "name": "Shawn Fang",
    "email": "45607042+mssfang@users.noreply.github.com"
  },
  "author_info_b": {
    "name": "Shawn Fang",
    "email": "45607042+mssfang@users.noreply.github.com"
  },
  "num_conflict_regions": 12,
  "conflict_region_spans": [
    {
      "conflict_id": 1,
      "a": {
        "start": 6,
        "end": 6
      },
      "base": {
        "start": 6,
        "end": 13
      },
      "b": {
        "start": 6,
        "end": 16
      }
    },
    {
      "conflict_id": 2,
      "a": {
        "start": 7,
        "end": 8
      },
      "base": {
        "start": 14,
        "end": 16
      },
      "b": {
        "start": 17,
        "end": 18
      }
    },
    {
      "conflict_id": 3,
      "a": {
        "start": 17,
        "end": 18
      },
      "base": {
        "start": 25,
        "end": 29
      },
      "b": {
        "start": 27,
        "end": 30
      }
    },
    {
      "conflict_id": 4,
      "a": {
        "start": 22,
        "end": 22
      },
      "base": {
        "start": 33,
        "end": 37
      },
      "b": {
        "start": 34,
        "end": 39
      }
    },
    {
      "conflict_id": 5,
      "a": {
        "start": 23,
        "end": 24
      },
      "base": {
        "start": 38,
        "end": 39
      },
      "b": {
        "start": 40,
        "end": 40
      }
    },
    {
      "conflict_id": 6,
      "a": {
        "start": 25,
        "end": 26
      },
      "base": {
        "start": 40,
        "end": 41
      },
      "b": {
        "start": 41,
        "end": 43
      }
    },
    {
      "conflict_id": 7,
      "a": {
        "start": 34,
        "end": 34
      },
      "base": {
        "start": 49,
        "end": 56
      },
      "b": {
        "start": 51,
        "end": 58
      }
    },
    {
      "conflict_id": 8,
      "a": {
        "start": 90,
        "end": 90
      },
      "base": {
        "start": 112,
        "end": 121
      },
      "b": {
        "start": 114,
        "end": 126
      }
    },
    {
      "conflict_id": 9,
      "a": {
        "start": 187,
        "end": 191
      },
      "base": {
        "start": 218,
        "end": 222
      },
      "b": {
        "start": 223,
        "end": 230
      }
    },
    {
      "conflict_id": 10,
      "a": {
        "start": 291,
        "end": 291
      },
      "base": {
        "start": 322,
        "end": 468
      },
      "b": {
        "start": 330,
        "end": 444
      }
    },
    {
      "conflict_id": 11,
      "a": {
        "start": 292,
        "end": 294
      },
      "base": {
        "start": 469,
        "end": 659
      },
      "b": {
        "start": 445,
        "end": 645
      }
    },
    {
      "conflict_id": 12,
      "a": {
        "start": 303,
        "end": 303
      },
      "base": {
        "start": 668,
        "end": 690
      },
      "b": {
        "start": 654,
        "end": 688
      }
    }
  ]
}