{
  "repository_origin_url": "https://github.com/azure/azure-sdk-for-java",
  "commit_id": "f15061aced573f8b65f627ca8976b0dc6dfd811a",
  "commit_date": "Fri, 13 Nov 2020 05:55:51 -0800",
  "commit_message": "Fixed Checkstyle issue\n\n",
  "conflict_file_id": 13,
  "filename": "sdk/keyvault/azure-security-keyvault-keys/src/test/java/com/azure/security/keyvault/keys/KeyClientTest.java",
  "last_commit_on_a": "22be1494356fb0ce13b178411f1d06ee061942c6",
  "last_commit_on_b": "0bf53c07d62f3456042f55bb379f1efadf002384",
  "author_info_a": {
    "name": "Victor Colin Amador",
    "email": "vicolina@microsoft.com"
  },
  "author_info_b": {
    "name": "vcolin7",
    "email": "vicolina@microsoft.com"
  },
  "num_conflict_regions": 1,
  "conflict_region_spans": [
    {
      "conflict_id": 1,
      "a": {
        "start": 441,
        "end": 441
      },
      "base": {
        "start": 441,
        "end": 488
      },
      "b": {
        "start": 441,
        "end": 457
      }
    }
  ]
}