{
  "repository_origin_url": "https://github.com/azure/azure-sdk-for-java",
  "commit_id": "34159e963074187c43f2f0e5055ed2d09247a322",
  "commit_date": "Wed, 11 Nov 2020 17:09:10 -0800",
  "commit_message": "rebased to afe7b5964710686a53aa5dbe6839d5429eab85db and upgrade to v5.0.0 (#13548) (#17496)\n* rebased to afe7b5964710686a53aa5dbe6839d5429eab85db and upgrade to v5.0.0\n",
  "conflict_file_id": 142,
  "filename": "sdk/textanalytics/azure-ai-textanalytics/src/main/java/com/azure/ai/textanalytics/implementation/Utility.java",
  "last_commit_on_a": "86a6443b420c7033ce7523f22f948d94bdbf6fa2",
  "last_commit_on_b": "ad6145db2f867c4082522f9e6bd816e43e06170b",
  "author_info_a": {
    "name": "Shawn Fang",
    "email": "45607042+mssfang@users.noreply.github.com"
  },
  "author_info_b": {
    "name": "Shawn Fang",
    "email": "45607042+mssfang@users.noreply.github.com"
  },
  "num_conflict_regions": 7,
  "conflict_region_spans": [
    {
      "conflict_id": 1,
      "a": {
        "start": 13,
        "end": 13
      },
      "base": {
        "start": 13,
        "end": 14
      },
      "b": {
        "start": 13,
        "end": 14
      }
    },
    {
      "conflict_id": 2,
      "a": {
        "start": 14,
        "end": 15
      },
      "base": {
        "start": 15,
        "end": 18
      },
      "b": {
        "start": 15,
        "end": 19
      }
    },
    {
      "conflict_id": 3,
      "a": {
        "start": 16,
        "end": 16
      },
      "base": {
        "start": 19,
        "end": 32
      },
      "b": {
        "start": 20,
        "end": 30
      }
    },
    {
      "conflict_id": 4,
      "a": {
        "start": 21,
        "end": 21
      },
      "base": {
        "start": 37,
        "end": 42
      },
      "b": {
        "start": 35,
        "end": 39
      }
    },
    {
      "conflict_id": 5,
      "a": {
        "start": 25,
        "end": 25
      },
      "base": {
        "start": 46,
        "end": 49
      },
      "b": {
        "start": 43,
        "end": 47
      }
    },
    {
      "conflict_id": 6,
      "a": {
        "start": 36,
        "end": 37
      },
      "base": {
        "start": 60,
        "end": 70
      },
      "b": {
        "start": 58,
        "end": 60
      }
    },
    {
      "conflict_id": 7,
      "a": {
        "start": 231,
        "end": 231
      },
      "base": {
        "start": 264,
        "end": 540
      },
      "b": {
        "start": 254,
        "end": 555
      }
    }
  ]
}