{
  "repository_origin_url": "https://github.com/azure/azure-sdk-for-java",
  "commit_id": "34159e963074187c43f2f0e5055ed2d09247a322",
  "commit_date": "Wed, 11 Nov 2020 17:09:10 -0800",
  "commit_message": "rebased to afe7b5964710686a53aa5dbe6839d5429eab85db and upgrade to v5.0.0 (#13548) (#17496)\n* rebased to afe7b5964710686a53aa5dbe6839d5429eab85db and upgrade to v5.0.0\n",
  "conflict_file_id": 143,
  "filename": "sdk/textanalytics/azure-ai-textanalytics/src/test/java/com/azure/ai/textanalytics/TextAnalyticsClientTest.java",
  "last_commit_on_a": "86a6443b420c7033ce7523f22f948d94bdbf6fa2",
  "last_commit_on_b": "ad6145db2f867c4082522f9e6bd816e43e06170b",
  "author_info_a": {
    "name": "Shawn Fang",
    "email": "45607042+mssfang@users.noreply.github.com"
  },
  "author_info_b": {
    "name": "Shawn Fang",
    "email": "45607042+mssfang@users.noreply.github.com"
  },
  "num_conflict_regions": 12,
  "conflict_region_spans": [
    {
      "conflict_id": 1,
      "a": {
        "start": 6,
        "end": 6
      },
      "base": {
        "start": 6,
        "end": 8
      },
      "b": {
        "start": 6,
        "end": 13
      }
    },
    {
      "conflict_id": 2,
      "a": {
        "start": 10,
        "end": 12
      },
      "base": {
        "start": 12,
        "end": 15
      },
      "b": {
        "start": 17,
        "end": 22
      }
    },
    {
      "conflict_id": 3,
      "a": {
        "start": 14,
        "end": 14
      },
      "base": {
        "start": 17,
        "end": 18
      },
      "b": {
        "start": 24,
        "end": 27
      }
    },
    {
      "conflict_id": 4,
      "a": {
        "start": 15,
        "end": 15
      },
      "base": {
        "start": 19,
        "end": 21
      },
      "b": {
        "start": 28,
        "end": 30
      }
    },
    {
      "conflict_id": 5,
      "a": {
        "start": 16,
        "end": 16
      },
      "base": {
        "start": 22,
        "end": 24
      },
      "b": {
        "start": 31,
        "end": 34
      }
    },
    {
      "conflict_id": 6,
      "a": {
        "start": 21,
        "end": 21
      },
      "base": {
        "start": 29,
        "end": 31
      },
      "b": {
        "start": 39,
        "end": 42
      }
    },
    {
      "conflict_id": 7,
      "a": {
        "start": 31,
        "end": 31
      },
      "base": {
        "start": 41,
        "end": 44
      },
      "b": {
        "start": 52,
        "end": 61
      }
    },
    {
      "conflict_id": 8,
      "a": {
        "start": 32,
        "end": 32
      },
      "base": {
        "start": 45,
        "end": 49
      },
      "b": {
        "start": 62,
        "end": 66
      }
    },
    {
      "conflict_id": 9,
      "a": {
        "start": 37,
        "end": 37
      },
      "base": {
        "start": 54,
        "end": 66
      },
      "b": {
        "start": 71,
        "end": 87
      }
    },
    {
      "conflict_id": 10,
      "a": {
        "start": 307,
        "end": 309
      },
      "base": {
        "start": 336,
        "end": 713
      },
      "b": {
        "start": 357,
        "end": 789
      }
    },
    {
      "conflict_id": 11,
      "a": {
        "start": 419,
        "end": 419
      },
      "base": {
        "start": 823,
        "end": 947
      },
      "b": {
        "start": 899,
        "end": 1053
      }
    },
    {
      "conflict_id": 12,
      "a": {
        "start": 645,
        "end": 645
      },
      "base": {
        "start": 1173,
        "end": 1447
      },
      "b": {
        "start": 1279,
        "end": 1971
      }
    }
  ]
}