{
  "repository_origin_url": "https://github.com/azure/azure-sdk-for-java",
  "commit_id": "34159e963074187c43f2f0e5055ed2d09247a322",
  "commit_date": "Wed, 11 Nov 2020 17:09:10 -0800",
  "commit_message": "rebased to afe7b5964710686a53aa5dbe6839d5429eab85db and upgrade to v5.0.0 (#13548) (#17496)\n* rebased to afe7b5964710686a53aa5dbe6839d5429eab85db and upgrade to v5.0.0\n",
  "conflict_file_id": 144,
  "filename": "sdk/textanalytics/azure-ai-textanalytics/src/main/java/com/azure/ai/textanalytics/TextAnalyticsClient.java",
  "last_commit_on_a": "86a6443b420c7033ce7523f22f948d94bdbf6fa2",
  "last_commit_on_b": "ad6145db2f867c4082522f9e6bd816e43e06170b",
  "author_info_a": {
    "name": "Shawn Fang",
    "email": "45607042+mssfang@users.noreply.github.com"
  },
  "author_info_b": {
    "name": "Shawn Fang",
    "email": "45607042+mssfang@users.noreply.github.com"
  },
  "num_conflict_regions": 6,
  "conflict_region_spans": [
    {
      "conflict_id": 1,
      "a": {
        "start": 6,
        "end": 7
      },
      "base": {
        "start": 6,
        "end": 9
      },
      "b": {
        "start": 6,
        "end": 12
      }
    },
    {
      "conflict_id": 2,
      "a": {
        "start": 13,
        "end": 14
      },
      "base": {
        "start": 15,
        "end": 16
      },
      "b": {
        "start": 18,
        "end": 18
      }
    },
    {
      "conflict_id": 3,
      "a": {
        "start": 17,
        "end": 19
      },
      "base": {
        "start": 19,
        "end": 22
      },
      "b": {
        "start": 21,
        "end": 27
      }
    },
    {
      "conflict_id": 4,
      "a": {
        "start": 23,
        "end": 23
      },
      "base": {
        "start": 26,
        "end": 32
      },
      "b": {
        "start": 31,
        "end": 38
      }
    },
    {
      "conflict_id": 5,
      "a": {
        "start": 331,
        "end": 331
      },
      "base": {
        "start": 340,
        "end": 483
      },
      "b": {
        "start": 346,
        "end": 489
      }
    },
    {
      "conflict_id": 6,
      "a": {
        "start": 704,
        "end": 704
      },
      "base": {
        "start": 856,
        "end": 948
      },
      "b": {
        "start": 862,
        "end": 1013
      }
    }
  ]
}