{
  "repository_origin_url": "https://github.com/azure/azure-sdk-for-java",
  "commit_id": "34159e963074187c43f2f0e5055ed2d09247a322",
  "commit_date": "Wed, 27 May 2020 11:29:04 -0700",
  "commit_message": "[TA] Remove pagination feature (#11318)\n* remove pagination feature\n",
  "conflict_file_id": 145,
  "filename": "sdk/textanalytics/azure-ai-textanalytics/src/main/java/com/azure/ai/textanalytics/models/TextAnalyticsException.java",
  "last_commit_on_a": "a4ece31cd29237179d2ce92ebba65328360268c1",
  "last_commit_on_b": "e48eb91cfc2f3b82eb5a49773a63260042681660",
  "author_info_a": {
    "name": "Shawn Fang",
    "email": "45607042+mssfang@users.noreply.github.com"
  },
  "author_info_b": {
    "name": "Shawn Fang",
    "email": "45607042+mssfang@users.noreply.github.com"
  },
  "num_conflict_regions": 3,
  "conflict_region_spans": [
    {
      "conflict_id": 1,
      "a": {
        "start": 7,
        "end": 8
      },
      "base": {
        "start": 7,
        "end": 11
      },
      "b": {
        "start": 7,
        "end": 9
      }
    },
    {
      "conflict_id": 2,
      "a": {
        "start": 18,
        "end": 18
      },
      "base": {
        "start": 21,
        "end": 27
      },
      "b": {
        "start": 19,
        "end": 25
      }
    },
    {
      "conflict_id": 3,
      "a": {
        "start": 59,
        "end": 59
      },
      "base": {
        "start": 68,
        "end": 87
      },
      "b": {
        "start": 66,
        "end": 85
      }
    }
  ]
}