{
  "repository_origin_url": "https://github.com/azure/azure-sdk-for-java",
  "commit_id": "34159e963074187c43f2f0e5055ed2d09247a322",
  "commit_date": "Wed, 11 Nov 2020 17:09:10 -0800",
  "commit_message": "rebased to afe7b5964710686a53aa5dbe6839d5429eab85db and upgrade to v5.0.0 (#13548) (#17496)\n* rebased to afe7b5964710686a53aa5dbe6839d5429eab85db and upgrade to v5.0.0\n",
  "conflict_file_id": 146,
  "filename": "sdk/textanalytics/azure-ai-textanalytics/src/main/java/com/azure/ai/textanalytics/RecognizeEntityAsyncClient.java",
  "last_commit_on_a": "86a6443b420c7033ce7523f22f948d94bdbf6fa2",
  "last_commit_on_b": "ad6145db2f867c4082522f9e6bd816e43e06170b",
  "author_info_a": {
    "name": "Shawn Fang",
    "email": "45607042+mssfang@users.noreply.github.com"
  },
  "author_info_b": {
    "name": "Shawn Fang",
    "email": "45607042+mssfang@users.noreply.github.com"
  },
  "num_conflict_regions": 3,
  "conflict_region_spans": [
    {
      "conflict_id": 1,
      "a": {
        "start": 36,
        "end": 37
      },
      "base": {
        "start": 36,
        "end": 36
      },
      "b": {
        "start": 36,
        "end": 38
      }
    },
    {
      "conflict_id": 2,
      "a": {
        "start": 154,
        "end": 158
      },
      "base": {
        "start": 153,
        "end": 158
      },
      "b": {
        "start": 155,
        "end": 162
      }
    },
    {
      "conflict_id": 3,
      "a": {
        "start": 204,
        "end": 207
      },
      "base": {
        "start": 204,
        "end": 208
      },
      "b": {
        "start": 208,
        "end": 211
      }
    }
  ]
}