{
  "repository_origin_url": "https://github.com/azure/azure-sdk-for-java",
  "commit_id": "34159e963074187c43f2f0e5055ed2d09247a322",
  "commit_date": "Wed, 11 Nov 2020 17:09:10 -0800",
  "commit_message": "rebased to afe7b5964710686a53aa5dbe6839d5429eab85db and upgrade to v5.0.0 (#13548) (#17496)\n* rebased to afe7b5964710686a53aa5dbe6839d5429eab85db and upgrade to v5.0.0\n",
  "conflict_file_id": 149,
  "filename": "sdk/textanalytics/azure-ai-textanalytics/src/samples/java/com/azure/ai/textanalytics/TextAnalyticsClientJavaDocCodeSnippets.java",
  "last_commit_on_a": "86a6443b420c7033ce7523f22f948d94bdbf6fa2",
  "last_commit_on_b": "ad6145db2f867c4082522f9e6bd816e43e06170b",
  "author_info_a": {
    "name": "Shawn Fang",
    "email": "45607042+mssfang@users.noreply.github.com"
  },
  "author_info_b": {
    "name": "Shawn Fang",
    "email": "45607042+mssfang@users.noreply.github.com"
  },
  "num_conflict_regions": 9,
  "conflict_region_spans": [
    {
      "conflict_id": 1,
      "a": {
        "start": 6,
        "end": 7
      },
      "base": {
        "start": 6,
        "end": 10
      },
      "b": {
        "start": 6,
        "end": 13
      }
    },
    {
      "conflict_id": 2,
      "a": {
        "start": 13,
        "end": 16
      },
      "base": {
        "start": 16,
        "end": 27
      },
      "b": {
        "start": 19,
        "end": 30
      }
    },
    {
      "conflict_id": 3,
      "a": {
        "start": 17,
        "end": 17
      },
      "base": {
        "start": 28,
        "end": 29
      },
      "b": {
        "start": 31,
        "end": 32
      }
    },
    {
      "conflict_id": 4,
      "a": {
        "start": 20,
        "end": 20
      },
      "base": {
        "start": 32,
        "end": 39
      },
      "b": {
        "start": 35,
        "end": 42
      }
    },
    {
      "conflict_id": 5,
      "a": {
        "start": 25,
        "end": 25
      },
      "base": {
        "start": 44,
        "end": 46
      },
      "b": {
        "start": 47,
        "end": 50
      }
    },
    {
      "conflict_id": 6,
      "a": {
        "start": 26,
        "end": 26
      },
      "base": {
        "start": 47,
        "end": 49
      },
      "b": {
        "start": 51,
        "end": 52
      }
    },
    {
      "conflict_id": 7,
      "a": {
        "start": 28,
        "end": 28
      },
      "base": {
        "start": 51,
        "end": 52
      },
      "b": {
        "start": 54,
        "end": 56
      }
    },
    {
      "conflict_id": 8,
      "a": {
        "start": 242,
        "end": 242
      },
      "base": {
        "start": 266,
        "end": 376
      },
      "b": {
        "start": 270,
        "end": 411
      }
    },
    {
      "conflict_id": 9,
      "a": {
        "start": 623,
        "end": 623
      },
      "base": {
        "start": 757,
        "end": 931
      },
      "b": {
        "start": 792,
        "end": 1009
      }
    }
  ]
}