{
  "repository_origin_url": "https://github.com/azure/azure-sdk-for-java",
  "commit_id": "f15061aced573f8b65f627ca8976b0dc6dfd811a",
  "commit_date": "Thu, 24 Oct 2019 15:07:59 -0700",
  "commit_message": "Kv api updates preivew5 (#5910)\nKV Keys and Secrets API updates\n",
  "conflict_file_id": 14,
  "filename": "sdk/keyvault/azure-security-keyvault-keys/src/main/java/com/azure/security/keyvault/keys/KeyRequestParameters.java",
  "last_commit_on_a": "c978dbcd535f8350cacacbf02e2186997d692dda",
  "last_commit_on_b": "0bf53c07d62f3456042f55bb379f1efadf002384",
  "author_info_a": {
    "name": "Vinay Gera",
    "email": "vigera@microsoft.com"
  },
  "author_info_b": {
    "name": "vcolin7",
    "email": "vicolina@microsoft.com"
  },
  "num_conflict_regions": 3,
  "conflict_region_spans": [
    {
      "conflict_id": 1,
      "a": {
        "start": 18,
        "end": 20
      },
      "base": {
        "start": 18,
        "end": 20
      },
      "b": {
        "start": 18,
        "end": 20
      }
    },
    {
      "conflict_id": 2,
      "a": {
        "start": 56,
        "end": 57
      },
      "base": {
        "start": 56,
        "end": 69
      },
      "b": {
        "start": 56,
        "end": 63
      }
    },
    {
      "conflict_id": 3,
      "a": {
        "start": 183,
        "end": 185
      },
      "base": {
        "start": 195,
        "end": 237
      },
      "b": {
        "start": 189,
        "end": 213
      }
    }
  ]
}