{
  "repository_origin_url": "https://github.com/azure/azure-sdk-for-java",
  "commit_id": "34159e963074187c43f2f0e5055ed2d09247a322",
  "commit_date": "Wed, 11 Nov 2020 17:09:10 -0800",
  "commit_message": "rebased to afe7b5964710686a53aa5dbe6839d5429eab85db and upgrade to v5.0.0 (#13548) (#17496)\n* rebased to afe7b5964710686a53aa5dbe6839d5429eab85db and upgrade to v5.0.0\n",
  "conflict_file_id": 150,
  "filename": "sdk/textanalytics/azure-ai-textanalytics/src/main/java/com/azure/ai/textanalytics/AnalyzeSentimentAsyncClient.java",
  "last_commit_on_a": "86a6443b420c7033ce7523f22f948d94bdbf6fa2",
  "last_commit_on_b": "ad6145db2f867c4082522f9e6bd816e43e06170b",
  "author_info_a": {
    "name": "Shawn Fang",
    "email": "45607042+mssfang@users.noreply.github.com"
  },
  "author_info_b": {
    "name": "Shawn Fang",
    "email": "45607042+mssfang@users.noreply.github.com"
  },
  "num_conflict_regions": 4,
  "conflict_region_spans": [
    {
      "conflict_id": 1,
      "a": {
        "start": 40,
        "end": 41
      },
      "base": {
        "start": 40,
        "end": 40
      },
      "b": {
        "start": 40,
        "end": 42
      }
    },
    {
      "conflict_id": 2,
      "a": {
        "start": 160,
        "end": 161
      },
      "base": {
        "start": 159,
        "end": 163
      },
      "b": {
        "start": 161,
        "end": 167
      }
    },
    {
      "conflict_id": 3,
      "a": {
        "start": 199,
        "end": 200
      },
      "base": {
        "start": 201,
        "end": 210
      },
      "b": {
        "start": 205,
        "end": 207
      }
    },
    {
      "conflict_id": 4,
      "a": {
        "start": 202,
        "end": 210
      },
      "base": {
        "start": 212,
        "end": 331
      },
      "b": {
        "start": 209,
        "end": 329
      }
    }
  ]
}