{
  "repository_origin_url": "https://github.com/azure/azure-sdk-for-java",
  "commit_id": "1b3cb05dd12205f1c3c223c61d33961255c87fae",
  "commit_date": "Tue, 11 Aug 2020 13:33:14 -0700",
  "commit_message": "Add support for per API configurable options (#13937)\n\n",
  "conflict_file_id": 153,
  "filename": "sdk/formrecognizer/azure-ai-formrecognizer/src/main/java/com/azure/ai/formrecognizer/models/RecognizeContentOptions.java",
  "last_commit_on_a": "0c267f4b39f215ceb8c5403ee38f17f4c7000195",
  "last_commit_on_b": "3a526906bb039417f7d25f67b1d7383439cb9549",
  "author_info_a": {
    "name": "Sameeksha Vaity",
    "email": "savaity@microsoft.com"
  },
  "author_info_b": {
    "name": "Sameeksha Vaity",
    "email": "savaity@microsoft.com"
  },
  "num_conflict_regions": 2,
  "conflict_region_spans": [
    {
      "conflict_id": 1,
      "a": {
        "start": 18,
        "end": 18
      },
      "base": {
        "start": 18,
        "end": 20
      },
      "b": {
        "start": 18,
        "end": 20
      }
    },
    {
      "conflict_id": 2,
      "a": {
        "start": 62,
        "end": 62
      },
      "base": {
        "start": 64,
        "end": 118
      },
      "b": {
        "start": 64,
        "end": 118
      }
    }
  ]
}