{
  "repository_origin_url": "https://github.com/azure/azure-sdk-for-java",
  "commit_id": "1b3cb05dd12205f1c3c223c61d33961255c87fae",
  "commit_date": "Tue, 11 Aug 2020 13:33:14 -0700",
  "commit_message": "Add support for per API configurable options (#13937)\n\n",
  "conflict_file_id": 154,
  "filename": "sdk/formrecognizer/azure-ai-formrecognizer/src/samples/java/com/azure/ai/formrecognizer/RecognizeContentFromUrlAsync.java",
  "last_commit_on_a": "0c267f4b39f215ceb8c5403ee38f17f4c7000195",
  "last_commit_on_b": "8e3a1772c6e93e79ae224c6d965df2e7ad4d9d74",
  "author_info_a": {
    "name": "Sameeksha Vaity",
    "email": "savaity@microsoft.com"
  },
  "author_info_b": {
    "name": "Sameeksha Vaity",
    "email": "savaity@microsoft.com"
  },
  "num_conflict_regions": 1,
  "conflict_region_spans": [
    {
      "conflict_id": 1,
      "a": {
        "start": 35,
        "end": 36
      },
      "base": {
        "start": 35,
        "end": 36
      },
      "b": {
        "start": 35,
        "end": 37
      }
    }
  ]
}