{
  "repository_origin_url": "https://github.com/azure/azure-sdk-for-java",
  "commit_id": "1b3cb05dd12205f1c3c223c61d33961255c87fae",
  "commit_date": "Tue, 11 Aug 2020 13:33:14 -0700",
  "commit_message": "Add support for per API configurable options (#13937)\n\n",
  "conflict_file_id": 155,
  "filename": "sdk/formrecognizer/azure-ai-formrecognizer/src/samples/java/com/azure/ai/formrecognizer/FormRecognizerClientJavaDocCodeSnippets.java",
  "last_commit_on_a": "0c267f4b39f215ceb8c5403ee38f17f4c7000195",
  "last_commit_on_b": "3a526906bb039417f7d25f67b1d7383439cb9549",
  "author_info_a": {
    "name": "Sameeksha Vaity",
    "email": "savaity@microsoft.com"
  },
  "author_info_b": {
    "name": "Sameeksha Vaity",
    "email": "savaity@microsoft.com"
  },
  "num_conflict_regions": 4,
  "conflict_region_spans": [
    {
      "conflict_id": 1,
      "a": {
        "start": 6,
        "end": 6
      },
      "base": {
        "start": 6,
        "end": 7
      },
      "b": {
        "start": 6,
        "end": 8
      }
    },
    {
      "conflict_id": 2,
      "a": {
        "start": 340,
        "end": 340
      },
      "base": {
        "start": 341,
        "end": 342
      },
      "b": {
        "start": 342,
        "end": 343
      }
    },
    {
      "conflict_id": 3,
      "a": {
        "start": 476,
        "end": 476
      },
      "base": {
        "start": 478,
        "end": 479
      },
      "b": {
        "start": 479,
        "end": 480
      }
    },
    {
      "conflict_id": 4,
      "a": {
        "start": 526,
        "end": 526
      },
      "base": {
        "start": 529,
        "end": 910
      },
      "b": {
        "start": 530,
        "end": 911
      }
    }
  ]
}