{
  "repository_origin_url": "https://github.com/azure/azure-sdk-for-java",
  "commit_id": "1b3cb05dd12205f1c3c223c61d33961255c87fae",
  "commit_date": "Tue, 11 Aug 2020 13:33:14 -0700",
  "commit_message": "Add support for per API configurable options (#13937)\n\n",
  "conflict_file_id": 156,
  "filename": "sdk/formrecognizer/azure-ai-formrecognizer/src/main/java/com/azure/ai/formrecognizer/FormRecognizerAsyncClient.java",
  "last_commit_on_a": "0c267f4b39f215ceb8c5403ee38f17f4c7000195",
  "last_commit_on_b": "3a526906bb039417f7d25f67b1d7383439cb9549",
  "author_info_a": {
    "name": "Sameeksha Vaity",
    "email": "savaity@microsoft.com"
  },
  "author_info_b": {
    "name": "Sameeksha Vaity",
    "email": "savaity@microsoft.com"
  },
  "num_conflict_regions": 9,
  "conflict_region_spans": [
    {
      "conflict_id": 1,
      "a": {
        "start": 10,
        "end": 10
      },
      "base": {
        "start": 10,
        "end": 12
      },
      "b": {
        "start": 10,
        "end": 13
      }
    },
    {
      "conflict_id": 2,
      "a": {
        "start": 307,
        "end": 308
      },
      "base": {
        "start": 309,
        "end": 314
      },
      "b": {
        "start": 310,
        "end": 316
      }
    },
    {
      "conflict_id": 3,
      "a": {
        "start": 384,
        "end": 385
      },
      "base": {
        "start": 390,
        "end": 396
      },
      "b": {
        "start": 392,
        "end": 399
      }
    },
    {
      "conflict_id": 4,
      "a": {
        "start": 457,
        "end": 457
      },
      "base": {
        "start": 468,
        "end": 469
      },
      "b": {
        "start": 471,
        "end": 472
      }
    },
    {
      "conflict_id": 5,
      "a": {
        "start": 461,
        "end": 462
      },
      "base": {
        "start": 473,
        "end": 476
      },
      "b": {
        "start": 476,
        "end": 479
      }
    },
    {
      "conflict_id": 6,
      "a": {
        "start": 543,
        "end": 543
      },
      "base": {
        "start": 557,
        "end": 558
      },
      "b": {
        "start": 560,
        "end": 561
      }
    },
    {
      "conflict_id": 7,
      "a": {
        "start": 547,
        "end": 548
      },
      "base": {
        "start": 562,
        "end": 568
      },
      "b": {
        "start": 565,
        "end": 571
      }
    },
    {
      "conflict_id": 8,
      "a": {
        "start": 556,
        "end": 557
      },
      "base": {
        "start": 576,
        "end": 754
      },
      "b": {
        "start": 579,
        "end": 757
      }
    },
    {
      "conflict_id": 9,
      "a": {
        "start": 666,
        "end": 666
      },
      "base": {
        "start": 863,
        "end": 1040
      },
      "b": {
        "start": 866,
        "end": 1043
      }
    }
  ]
}