{
  "repository_origin_url": "https://github.com/azure/azure-sdk-for-java",
  "commit_id": "1b3cb05dd12205f1c3c223c61d33961255c87fae",
  "commit_date": "Wed, 11 Nov 2020 15:18:39 -0800",
  "commit_message": "Fix error code\n\n",
  "conflict_file_id": 157,
  "filename": "sdk/formrecognizer/azure-ai-formrecognizer/src/test/java/com/azure/ai/formrecognizer/FormRecognizerClientTest.java",
  "last_commit_on_a": "c8bb8bfe75776aac67c3fd6a62f0bda5df295bc2",
  "last_commit_on_b": "406e2a4b761543d0a2c7327c66e6152e5863ef24",
  "author_info_a": {
    "name": "samvaity",
    "email": "savaity@microsoft.com"
  },
  "author_info_b": {
    "name": "Sameeksha Vaity",
    "email": "savaity@microsoft.com"
  },
  "num_conflict_regions": 4,
  "conflict_region_spans": [
    {
      "conflict_id": 1,
      "a": {
        "start": 46,
        "end": 46
      },
      "base": {
        "start": 46,
        "end": 47
      },
      "b": {
        "start": 46,
        "end": 48
      }
    },
    {
      "conflict_id": 2,
      "a": {
        "start": 456,
        "end": 456
      },
      "base": {
        "start": 457,
        "end": 502
      },
      "b": {
        "start": 458,
        "end": 504
      }
    },
    {
      "conflict_id": 3,
      "a": {
        "start": 665,
        "end": 667
      },
      "base": {
        "start": 711,
        "end": 713
      },
      "b": {
        "start": 713,
        "end": 715
      }
    },
    {
      "conflict_id": 4,
      "a": {
        "start": 1029,
        "end": 1029
      },
      "base": {
        "start": 1075,
        "end": 1883
      },
      "b": {
        "start": 1077,
        "end": 1891
      }
    }
  ]
}