{
  "repository_origin_url": "https://github.com/azure/azure-sdk-for-java",
  "commit_id": "1b3cb05dd12205f1c3c223c61d33961255c87fae",
  "commit_date": "Thu, 20 Aug 2020 13:07:47 -0700",
  "commit_message": "Rename bounding box model to FieldBoundingBox (#14241)\n\n",
  "conflict_file_id": 158,
  "filename": "sdk/formrecognizer/azure-ai-formrecognizer/src/main/java/com/azure/ai/formrecognizer/Transforms.java",
  "last_commit_on_a": "a7c3acbd89d268dd085e05a28a8a87242dc2036e",
  "last_commit_on_b": "3a526906bb039417f7d25f67b1d7383439cb9549",
  "author_info_a": {
    "name": "Sameeksha Vaity",
    "email": "savaity@microsoft.com"
  },
  "author_info_b": {
    "name": "Sameeksha Vaity",
    "email": "savaity@microsoft.com"
  },
  "num_conflict_regions": 8,
  "conflict_region_spans": [
    {
      "conflict_id": 1,
      "a": {
        "start": 6,
        "end": 6
      },
      "base": {
        "start": 6,
        "end": 13
      },
      "b": {
        "start": 6,
        "end": 13
      }
    },
    {
      "conflict_id": 2,
      "a": {
        "start": 14,
        "end": 14
      },
      "base": {
        "start": 21,
        "end": 22
      },
      "b": {
        "start": 21,
        "end": 22
      }
    },
    {
      "conflict_id": 3,
      "a": {
        "start": 28,
        "end": 28
      },
      "base": {
        "start": 36,
        "end": 38
      },
      "b": {
        "start": 36,
        "end": 38
      }
    },
    {
      "conflict_id": 4,
      "a": {
        "start": 158,
        "end": 174
      },
      "base": {
        "start": 168,
        "end": 192
      },
      "b": {
        "start": 168,
        "end": 193
      }
    },
    {
      "conflict_id": 5,
      "a": {
        "start": 185,
        "end": 190
      },
      "base": {
        "start": 203,
        "end": 213
      },
      "b": {
        "start": 204,
        "end": 214
      }
    },
    {
      "conflict_id": 6,
      "a": {
        "start": 194,
        "end": 194
      },
      "base": {
        "start": 217,
        "end": 237
      },
      "b": {
        "start": 218,
        "end": 238
      }
    },
    {
      "conflict_id": 7,
      "a": {
        "start": 282,
        "end": 282
      },
      "base": {
        "start": 325,
        "end": 344
      },
      "b": {
        "start": 326,
        "end": 345
      }
    },
    {
      "conflict_id": 8,
      "a": {
        "start": 433,
        "end": 433
      },
      "base": {
        "start": 495,
        "end": 496
      },
      "b": {
        "start": 496,
        "end": 497
      }
    }
  ]
}