{
  "repository_origin_url": "https://github.com/azure/azure-sdk-for-java",
  "commit_id": "1b3cb05dd12205f1c3c223c61d33961255c87fae",
  "commit_date": "Wed, 11 Nov 2020 15:18:39 -0800",
  "commit_message": "Fix error code\n\n",
  "conflict_file_id": 160,
  "filename": "sdk/formrecognizer/azure-ai-formrecognizer/src/test/java/com/azure/ai/formrecognizer/FormRecognizerAsyncClientTest.java",
  "last_commit_on_a": "c8bb8bfe75776aac67c3fd6a62f0bda5df295bc2",
  "last_commit_on_b": "3a526906bb039417f7d25f67b1d7383439cb9549",
  "author_info_a": {
    "name": "samvaity",
    "email": "savaity@microsoft.com"
  },
  "author_info_b": {
    "name": "Sameeksha Vaity",
    "email": "savaity@microsoft.com"
  },
  "num_conflict_regions": 4,
  "conflict_region_spans": [
    {
      "conflict_id": 1,
      "a": {
        "start": 17,
        "end": 17
      },
      "base": {
        "start": 17,
        "end": 18
      },
      "b": {
        "start": 17,
        "end": 18
      }
    },
    {
      "conflict_id": 2,
      "a": {
        "start": 412,
        "end": 412
      },
      "base": {
        "start": 413,
        "end": 508
      },
      "b": {
        "start": 413,
        "end": 508
      }
    },
    {
      "conflict_id": 3,
      "a": {
        "start": 493,
        "end": 493
      },
      "base": {
        "start": 589,
        "end": 635
      },
      "b": {
        "start": 589,
        "end": 637
      }
    },
    {
      "conflict_id": 4,
      "a": {
        "start": 1123,
        "end": 1123
      },
      "base": {
        "start": 1265,
        "end": 1800
      },
      "b": {
        "start": 1267,
        "end": 1803
      }
    }
  ]
}