{
  "repository_origin_url": "https://github.com/azure/azure-sdk-for-java",
  "commit_id": "1b3cb05dd12205f1c3c223c61d33961255c87fae",
  "commit_date": "Tue, 11 Aug 2020 13:33:14 -0700",
  "commit_message": "Add support for per API configurable options (#13937)\n\n",
  "conflict_file_id": 162,
  "filename": "sdk/formrecognizer/azure-ai-formrecognizer/src/samples/java/com/azure/ai/formrecognizer/FormRecognizerAsyncClientJavaDocCodeSnippets.java",
  "last_commit_on_a": "0c267f4b39f215ceb8c5403ee38f17f4c7000195",
  "last_commit_on_b": "3a526906bb039417f7d25f67b1d7383439cb9549",
  "author_info_a": {
    "name": "Sameeksha Vaity",
    "email": "savaity@microsoft.com"
  },
  "author_info_b": {
    "name": "Sameeksha Vaity",
    "email": "savaity@microsoft.com"
  },
  "num_conflict_regions": 4,
  "conflict_region_spans": [
    {
      "conflict_id": 1,
      "a": {
        "start": 6,
        "end": 6
      },
      "base": {
        "start": 6,
        "end": 7
      },
      "b": {
        "start": 6,
        "end": 8
      }
    },
    {
      "conflict_id": 2,
      "a": {
        "start": 358,
        "end": 358
      },
      "base": {
        "start": 359,
        "end": 360
      },
      "b": {
        "start": 360,
        "end": 361
      }
    },
    {
      "conflict_id": 3,
      "a": {
        "start": 501,
        "end": 501
      },
      "base": {
        "start": 503,
        "end": 504
      },
      "b": {
        "start": 504,
        "end": 505
      }
    },
    {
      "conflict_id": 4,
      "a": {
        "start": 558,
        "end": 558
      },
      "base": {
        "start": 561,
        "end": 970
      },
      "b": {
        "start": 562,
        "end": 971
      }
    }
  ]
}