{
  "repository_origin_url": "https://github.com/azure/azure-sdk-for-java",
  "commit_id": "1b3cb05dd12205f1c3c223c61d33961255c87fae",
  "commit_date": "Thu, 20 Aug 2020 13:07:47 -0700",
  "commit_message": "Rename bounding box model to FieldBoundingBox (#14241)\n\n",
  "conflict_file_id": 167,
  "filename": "sdk/formrecognizer/azure-ai-formrecognizer/src/main/java/com/azure/ai/formrecognizer/models/FormLine.java",
  "last_commit_on_a": "a7c3acbd89d268dd085e05a28a8a87242dc2036e",
  "last_commit_on_b": "8e3a1772c6e93e79ae224c6d965df2e7ad4d9d74",
  "author_info_a": {
    "name": "Sameeksha Vaity",
    "email": "savaity@microsoft.com"
  },
  "author_info_b": {
    "name": "Sameeksha Vaity",
    "email": "savaity@microsoft.com"
  },
  "num_conflict_regions": 2,
  "conflict_region_spans": [
    {
      "conflict_id": 1,
      "a": {
        "start": 22,
        "end": 22
      },
      "base": {
        "start": 22,
        "end": 33
      },
      "b": {
        "start": 22,
        "end": 36
      }
    },
    {
      "conflict_id": 2,
      "a": {
        "start": 69,
        "end": 69
      },
      "base": {
        "start": 80,
        "end": 100
      },
      "b": {
        "start": 83,
        "end": 103
      }
    }
  ]
}