{
  "repository_origin_url": "https://github.com/azure/azure-sdk-for-java",
  "commit_id": "1b3cb05dd12205f1c3c223c61d33961255c87fae",
  "commit_date": "Fri, 7 Aug 2020 16:55:08 -0700",
  "commit_message": "Update to switch to GA v2.0 endpoint (#13421)\n\n",
  "conflict_file_id": 168,
  "filename": "sdk/formrecognizer/azure-ai-formrecognizer/src/main/java/com/azure/ai/formrecognizer/implementation/FormRecognizerClientImpl.java",
  "last_commit_on_a": "c01d80bb0972ea05efe53236f9a5ec4213f24887",
  "last_commit_on_b": "8401d88b45c40ee704c1aa1abe9fbe5403857290",
  "author_info_a": {
    "name": "Sameeksha Vaity",
    "email": "savaity@microsoft.com"
  },
  "author_info_b": {
    "name": "Sameeksha Vaity",
    "email": "savaity@microsoft.com"
  },
  "num_conflict_regions": 43,
  "conflict_region_spans": [
    {
      "conflict_id": 1,
      "a": {
        "start": 232,
        "end": 232
      },
      "base": {
        "start": 232,
        "end": 296
      },
      "b": {
        "start": 232,
        "end": 307
      }
    },
    {
      "conflict_id": 2,
      "a": {
        "start": 238,
        "end": 239
      },
      "base": {
        "start": 302,
        "end": 304
      },
      "b": {
        "start": 313,
        "end": 315
      }
    },
    {
      "conflict_id": 3,
      "a": {
        "start": 268,
        "end": 269
      },
      "base": {
        "start": 333,
        "end": 336
      },
      "b": {
        "start": 344,
        "end": 347
      }
    },
    {
      "conflict_id": 4,
      "a": {
        "start": 314,
        "end": 315
      },
      "base": {
        "start": 381,
        "end": 384
      },
      "b": {
        "start": 392,
        "end": 396
      }
    },
    {
      "conflict_id": 5,
      "a": {
        "start": 1366,
        "end": 1368
      },
      "base": {
        "start": 1435,
        "end": 1534
      },
      "b": {
        "start": 1447,
        "end": 1548
      }
    },
    {
      "conflict_id": 6,
      "a": {
        "start": 1385,
        "end": 1387
      },
      "base": {
        "start": 1551,
        "end": 1557
      },
      "b": {
        "start": 1565,
        "end": 1572
      }
    },
    {
      "conflict_id": 7,
      "a": {
        "start": 1415,
        "end": 1417
      },
      "base": {
        "start": 1585,
        "end": 1587
      },
      "b": {
        "start": 1600,
        "end": 1602
      }
    },
    {
      "conflict_id": 8,
      "a": {
        "start": 1421,
        "end": 1423
      },
      "base": {
        "start": 1591,
        "end": 1593
      },
      "b": {
        "start": 1606,
        "end": 1616
      }
    },
    {
      "conflict_id": 9,
      "a": {
        "start": 1440,
        "end": 1444
      },
      "base": {
        "start": 1610,
        "end": 1619
      },
      "b": {
        "start": 1633,
        "end": 1642
      }
    },
    {
      "conflict_id": 10,
      "a": {
        "start": 1462,
        "end": 1464
      },
      "base": {
        "start": 1637,
        "end": 1639
      },
      "b": {
        "start": 1660,
        "end": 1662
      }
    },
    {
      "conflict_id": 11,
      "a": {
        "start": 1486,
        "end": 1489
      },
      "base": {
        "start": 1661,
        "end": 1668
      },
      "b": {
        "start": 1684,
        "end": 1691
      }
    },
    {
      "conflict_id": 12,
      "a": {
        "start": 1506,
        "end": 1508
      },
      "base": {
        "start": 1685,
        "end": 1687
      },
      "b": {
        "start": 1708,
        "end": 1710
      }
    },
    {
      "conflict_id": 13,
      "a": {
        "start": 1521,
        "end": 1522
      },
      "base": {
        "start": 1700,
        "end": 1703
      },
      "b": {
        "start": 1723,
        "end": 1726
      }
    },
    {
      "conflict_id": 14,
      "a": {
        "start": 1528,
        "end": 1530
      },
      "base": {
        "start": 1709,
        "end": 1711
      },
      "b": {
        "start": 1732,
        "end": 1735
      }
    },
    {
      "conflict_id": 15,
      "a": {
        "start": 1531,
        "end": 1532
      },
      "base": {
        "start": 1712,
        "end": 1715
      },
      "b": {
        "start": 1736,
        "end": 1739
      }
    },
    {
      "conflict_id": 16,
      "a": {
        "start": 1540,
        "end": 1541
      },
      "base": {
        "start": 1723,
        "end": 1726
      },
      "b": {
        "start": 1747,
        "end": 1750
      }
    },
    {
      "conflict_id": 17,
      "a": {
        "start": 1548,
        "end": 1551
      },
      "base": {
        "start": 1733,
        "end": 1736
      },
      "b": {
        "start": 1757,
        "end": 1762
      }
    },
    {
      "conflict_id": 18,
      "a": {
        "start": 1559,
        "end": 1560
      },
      "base": {
        "start": 1744,
        "end": 1747
      },
      "b": {
        "start": 1770,
        "end": 1773
      }
    },
    {
      "conflict_id": 19,
      "a": {
        "start": 1577,
        "end": 1578
      },
      "base": {
        "start": 1764,
        "end": 1767
      },
      "b": {
        "start": 1790,
        "end": 1793
      }
    },
    {
      "conflict_id": 20,
      "a": {
        "start": 1596,
        "end": 1597
      },
      "base": {
        "start": 1785,
        "end": 1788
      },
      "b": {
        "start": 1811,
        "end": 1814
      }
    },
    {
      "conflict_id": 21,
      "a": {
        "start": 1612,
        "end": 1613
      },
      "base": {
        "start": 1803,
        "end": 1806
      },
      "b": {
        "start": 1829,
        "end": 1832
      }
    },
    {
      "conflict_id": 22,
      "a": {
        "start": 1633,
        "end": 1635
      },
      "base": {
        "start": 1826,
        "end": 1829
      },
      "b": {
        "start": 1852,
        "end": 1856
      }
    },
    {
      "conflict_id": 23,
      "a": {
        "start": 1650,
        "end": 1651
      },
      "base": {
        "start": 1844,
        "end": 1845
      },
      "b": {
        "start": 1871,
        "end": 1873
      }
    },
    {
      "conflict_id": 24,
      "a": {
        "start": 1741,
        "end": 1743
      },
      "base": {
        "start": 1935,
        "end": 1941
      },
      "b": {
        "start": 1963,
        "end": 1970
      }
    },
    {
      "conflict_id": 25,
      "a": {
        "start": 1745,
        "end": 1747
      },
      "base": {
        "start": 1943,
        "end": 1951
      },
      "b": {
        "start": 1972,
        "end": 1981
      }
    },
    {
      "conflict_id": 26,
      "a": {
        "start": 1764,
        "end": 1767
      },
      "base": {
        "start": 1968,
        "end": 1977
      },
      "b": {
        "start": 1998,
        "end": 2015
      }
    },
    {
      "conflict_id": 27,
      "a": {
        "start": 1783,
        "end": 1787
      },
      "base": {
        "start": 1993,
        "end": 2001
      },
      "b": {
        "start": 2031,
        "end": 2039
      }
    },
    {
      "conflict_id": 28,
      "a": {
        "start": 1797,
        "end": 1797
      },
      "base": {
        "start": 2011,
        "end": 2824
      },
      "b": {
        "start": 2049,
        "end": 2905
      }
    },
    {
      "conflict_id": 29,
      "a": {
        "start": 1805,
        "end": 1807
      },
      "base": {
        "start": 2832,
        "end": 2839
      },
      "b": {
        "start": 2913,
        "end": 2920
      }
    },
    {
      "conflict_id": 30,
      "a": {
        "start": 1818,
        "end": 1818
      },
      "base": {
        "start": 2850,
        "end": 2852
      },
      "b": {
        "start": 2931,
        "end": 2938
      }
    },
    {
      "conflict_id": 31,
      "a": {
        "start": 1823,
        "end": 1825
      },
      "base": {
        "start": 2857,
        "end": 2864
      },
      "b": {
        "start": 2943,
        "end": 2950
      }
    },
    {
      "conflict_id": 32,
      "a": {
        "start": 1835,
        "end": 1835
      },
      "base": {
        "start": 2874,
        "end": 2876
      },
      "b": {
        "start": 2960,
        "end": 2967
      }
    },
    {
      "conflict_id": 33,
      "a": {
        "start": 1841,
        "end": 1844
      },
      "base": {
        "start": 2882,
        "end": 2891
      },
      "b": {
        "start": 2973,
        "end": 2982
      }
    },
    {
      "conflict_id": 34,
      "a": {
        "start": 1851,
        "end": 1852
      },
      "base": {
        "start": 2898,
        "end": 2901
      },
      "b": {
        "start": 2989,
        "end": 2997
      }
    },
    {
      "conflict_id": 35,
      "a": {
        "start": 1858,
        "end": 1860
      },
      "base": {
        "start": 2907,
        "end": 2914
      },
      "b": {
        "start": 3003,
        "end": 3012
      }
    },
    {
      "conflict_id": 36,
      "a": {
        "start": 1867,
        "end": 1868
      },
      "base": {
        "start": 2921,
        "end": 2924
      },
      "b": {
        "start": 3019,
        "end": 3027
      }
    },
    {
      "conflict_id": 37,
      "a": {
        "start": 1876,
        "end": 1878
      },
      "base": {
        "start": 2932,
        "end": 2936
      },
      "b": {
        "start": 3035,
        "end": 3040
      }
    },
    {
      "conflict_id": 38,
      "a": {
        "start": 1885,
        "end": 1886
      },
      "base": {
        "start": 2943,
        "end": 2946
      },
      "b": {
        "start": 3047,
        "end": 3055
      }
    },
    {
      "conflict_id": 39,
      "a": {
        "start": 1902,
        "end": 1903
      },
      "base": {
        "start": 2962,
        "end": 2965
      },
      "b": {
        "start": 3071,
        "end": 3079
      }
    },
    {
      "conflict_id": 40,
      "a": {
        "start": 1920,
        "end": 1921
      },
      "base": {
        "start": 2982,
        "end": 2985
      },
      "b": {
        "start": 3096,
        "end": 3104
      }
    },
    {
      "conflict_id": 41,
      "a": {
        "start": 1935,
        "end": 1936
      },
      "base": {
        "start": 2999,
        "end": 3002
      },
      "b": {
        "start": 3118,
        "end": 3126
      }
    },
    {
      "conflict_id": 42,
      "a": {
        "start": 2265,
        "end": 2266
      },
      "base": {
        "start": 3331,
        "end": 3332
      },
      "b": {
        "start": 3455,
        "end": 3458
      }
    },
    {
      "conflict_id": 43,
      "a": {
        "start": 2289,
        "end": 2290
      },
      "base": {
        "start": 3355,
        "end": 3356
      },
      "b": {
        "start": 3481,
        "end": 3483
      }
    }
  ]
}