{
  "repository_origin_url": "https://github.com/azure/azure-sdk-for-java",
  "commit_id": "f15061aced573f8b65f627ca8976b0dc6dfd811a",
  "commit_date": "Thu, 11 Mar 2021 18:07:49 -0600",
  "commit_message": "Merged master and updated CHANGELOG\n\n",
  "conflict_file_id": 16,
  "filename": "sdk/keyvault/azure-security-keyvault-keys/src/main/java/com/azure/security/keyvault/keys/KeyAsyncClient.java",
  "last_commit_on_a": "2c8bd80d1336ea514939b361be751a588425d287",
  "last_commit_on_b": "62a2bb8928a9b90eb21d10fceb08f6f45cbbc7c1",
  "author_info_a": {
    "name": "Victor Colin Amador",
    "email": "victor.y.asi@gmail.com"
  },
  "author_info_b": {
    "name": "vcolin7",
    "email": "vicolina@microsoft.com"
  },
  "num_conflict_regions": 1,
  "conflict_region_spans": [
    {
      "conflict_id": 1,
      "a": {
        "start": 306,
        "end": 307
      },
      "base": {
        "start": 306,
        "end": 309
      },
      "b": {
        "start": 306,
        "end": 308
      }
    }
  ]
}