{
  "repository_origin_url": "https://github.com/azure/azure-sdk-for-java",
  "commit_id": "1b3cb05dd12205f1c3c223c61d33961255c87fae",
  "commit_date": "Tue, 2 Jun 2020 14:42:16 -0700",
  "commit_message": "Support Copy API Form recognizer (#11403)\n\n",
  "conflict_file_id": 170,
  "filename": "sdk/formrecognizer/azure-ai-formrecognizer/src/main/java/com/azure/ai/formrecognizer/implementation/models/Language.java",
  "last_commit_on_a": "5d9c370b3576cdbc2a4e375ad9850cff7d7bf13b",
  "last_commit_on_b": "8401d88b45c40ee704c1aa1abe9fbe5403857290",
  "author_info_a": {
    "name": "Sameeksha Vaity",
    "email": "savaity@microsoft.com"
  },
  "author_info_b": {
    "name": "Sameeksha Vaity",
    "email": "savaity@microsoft.com"
  },
  "num_conflict_regions": 1,
  "conflict_region_spans": [
    {
      "conflict_id": 1,
      "a": {
        "start": 19,
        "end": 19
      },
      "base": {
        "start": 19,
        "end": 37
      },
      "b": {
        "start": 19,
        "end": 40
      }
    }
  ]
}