{
  "repository_origin_url": "https://github.com/azure/azure-sdk-for-java",
  "commit_id": "1b3cb05dd12205f1c3c223c61d33961255c87fae",
  "commit_date": "Wed, 5 Aug 2020 16:05:23 -0700",
  "commit_message": "Update Copy Authorization to throw checked exception  (#13693)\n\n",
  "conflict_file_id": 173,
  "filename": "sdk/formrecognizer/azure-ai-formrecognizer/src/main/java/com/azure/ai/formrecognizer/models/FieldValueType.java",
  "last_commit_on_a": "30a3eb76da1b63ceb8d2dbd46eb28d6c90467953",
  "last_commit_on_b": "3a526906bb039417f7d25f67b1d7383439cb9549",
  "author_info_a": {
    "name": "Sameeksha Vaity",
    "email": "savaity@microsoft.com"
  },
  "author_info_b": {
    "name": "Sameeksha Vaity",
    "email": "savaity@microsoft.com"
  },
  "num_conflict_regions": 1,
  "conflict_region_spans": [
    {
      "conflict_id": 1,
      "a": {
        "start": 30,
        "end": 31
      },
      "base": {
        "start": 30,
        "end": 34
      },
      "b": {
        "start": 30,
        "end": 34
      }
    }
  ]
}