{
  "repository_origin_url": "https://github.com/azure/azure-sdk-for-java",
  "commit_id": "1b3cb05dd12205f1c3c223c61d33961255c87fae",
  "commit_date": "Fri, 7 Aug 2020 16:55:08 -0700",
  "commit_message": "Update to switch to GA v2.0 endpoint (#13421)\n\n",
  "conflict_file_id": 177,
  "filename": "sdk/formrecognizer/azure-ai-formrecognizer/src/main/java/com/azure/ai/formrecognizer/implementation/FormRecognizerClientImplBuilder.java",
  "last_commit_on_a": "c01d80bb0972ea05efe53236f9a5ec4213f24887",
  "last_commit_on_b": "8401d88b45c40ee704c1aa1abe9fbe5403857290",
  "author_info_a": {
    "name": "Sameeksha Vaity",
    "email": "savaity@microsoft.com"
  },
  "author_info_b": {
    "name": "Sameeksha Vaity",
    "email": "savaity@microsoft.com"
  },
  "num_conflict_regions": 2,
  "conflict_region_spans": [
    {
      "conflict_id": 1,
      "a": {
        "start": 19,
        "end": 19
      },
      "base": {
        "start": 19,
        "end": 29
      },
      "b": {
        "start": 19,
        "end": 30
      }
    },
    {
      "conflict_id": 2,
      "a": {
        "start": 69,
        "end": 69
      },
      "base": {
        "start": 79,
        "end": 161
      },
      "b": {
        "start": 80,
        "end": 162
      }
    }
  ]
}