{
  "repository_origin_url": "https://github.com/azure/azure-sdk-for-java",
  "commit_id": "4766b748ebbc42cd75bc2e5bfb7fe6cc62458511",
  "commit_date": "Wed, 1 Jul 2020 13:30:21 -0700",
  "commit_message": "Add logging to identity credentials (#12268)\n* Add logging to identity credentials\n\n* Checkstyle\n\n* Clean up logging util\n\n* Javadoc for TokenRequestContext\n\n* Apply new signature everywhere\n\n* Add logs for available environment variables\n\n* Improve logging messages\n\n* Clean up coding style\n\n* Change success logging back to doOnNext()\n\n* Checkstyle\n\n* Checkstyle checkstyle\n",
  "conflict_file_id": 179,
  "filename": "sdk/identity/azure-identity/src/main/java/com/azure/identity/ManagedIdentityCredential.java",
  "last_commit_on_a": "594723f47128e468fecb2695386adea17e309eb2",
  "last_commit_on_b": "3540be580b23b2af9d74010f15f07d122b372af7",
  "author_info_a": {
    "name": "Jianghao Lu",
    "email": "jianghaolu@users.noreply.github.com"
  },
  "author_info_b": {
    "name": "Vinay Gera",
    "email": "vigera@microsoft.com"
  },
  "num_conflict_regions": 2,
  "conflict_region_spans": [
    {
      "conflict_id": 1,
      "a": {
        "start": 26,
        "end": 26
      },
      "base": {
        "start": 26,
        "end": 30
      },
      "b": {
        "start": 26,
        "end": 30
      }
    },
    {
      "conflict_id": 2,
      "a": {
        "start": 37,
        "end": 40
      },
      "base": {
        "start": 41,
        "end": 46
      },
      "b": {
        "start": 41,
        "end": 56
      }
    }
  ]
}