{
  "repository_origin_url": "https://github.com/azure/azure-sdk-for-java",
  "commit_id": "f15061aced573f8b65f627ca8976b0dc6dfd811a",
  "commit_date": "Thu, 8 Oct 2020 02:58:41 -0500",
  "commit_message": "Merged master.\n\n",
  "conflict_file_id": 17,
  "filename": "sdk/keyvault/azure-security-keyvault-keys/src/main/java/com/azure/security/keyvault/keys/KeyClientBuilder.java",
  "last_commit_on_a": "31dd22446e98706a52b6701e4a46c0ee3a383c06",
  "last_commit_on_b": "1ead73b6d6bbeeb8779c4fe38f3857a6255cf324",
  "author_info_a": {
    "name": "Victor Colin Amador",
    "email": "victor.y.asi@gmail.com"
  },
  "author_info_b": {
    "name": "vcolin7",
    "email": "vicolina@microsoft.com"
  },
  "num_conflict_regions": 4,
  "conflict_region_spans": [
    {
      "conflict_id": 1,
      "a": {
        "start": 11,
        "end": 11
      },
      "base": {
        "start": 11,
        "end": 12
      },
      "b": {
        "start": 11,
        "end": 13
      }
    },
    {
      "conflict_id": 2,
      "a": {
        "start": 153,
        "end": 159
      },
      "base": {
        "start": 154,
        "end": 170
      },
      "b": {
        "start": 155,
        "end": 178
      }
    },
    {
      "conflict_id": 3,
      "a": {
        "start": 173,
        "end": 176
      },
      "base": {
        "start": 184,
        "end": 189
      },
      "b": {
        "start": 192,
        "end": 200
      }
    },
    {
      "conflict_id": 4,
      "a": {
        "start": 326,
        "end": 326
      },
      "base": {
        "start": 339,
        "end": 354
      },
      "b": {
        "start": 350,
        "end": 368
      }
    }
  ]
}