{
  "repository_origin_url": "https://github.com/azure/azure-sdk-for-java",
  "commit_id": "4766b748ebbc42cd75bc2e5bfb7fe6cc62458511",
  "commit_date": "Fri, 4 Sep 2020 15:57:20 -0700",
  "commit_message": "Merge branch 'master' into release/identity-sdk\n\n",
  "conflict_file_id": 180,
  "filename": "sdk/identity/azure-identity/src/main/java/com/azure/identity/implementation/IdentityClient.java",
  "last_commit_on_a": "ef22f95ae1de2d6adb955c6c8552101f368d68de",
  "last_commit_on_b": "9a2679e200af8c20afcd1139616c346b07a55e2e",
  "author_info_a": {
    "name": "g2vinay",
    "email": "vinay_work@hotmail.com"
  },
  "author_info_b": {
    "name": "Vinay Gera",
    "email": "vigera@microsoft.com"
  },
  "num_conflict_regions": 2,
  "conflict_region_spans": [
    {
      "conflict_id": 1,
      "a": {
        "start": 118,
        "end": 118
      },
      "base": {
        "start": 118,
        "end": 122
      },
      "b": {
        "start": 118,
        "end": 123
      }
    },
    {
      "conflict_id": 2,
      "a": {
        "start": 1166,
        "end": 1166
      },
      "base": {
        "start": 1170,
        "end": 1174
      },
      "b": {
        "start": 1171,
        "end": 1202
      }
    }
  ]
}