{
  "repository_origin_url": "https://github.com/azure/azure-sdk-for-java",
  "commit_id": "4766b748ebbc42cd75bc2e5bfb7fe6cc62458511",
  "commit_date": "Wed, 29 Jul 2020 17:31:47 -0700",
  "commit_message": "Identity Authentication API rollback (#13603)\n\n",
  "conflict_file_id": 181,
  "filename": "sdk/identity/azure-identity/src/main/java/com/azure/identity/DeviceCodeCredentialBuilder.java",
  "last_commit_on_a": "300ef79475c00dccbfecbb351d2c62a547d674c5",
  "last_commit_on_b": "e992fe3f3f27c8dede5a53356627731482542e65",
  "author_info_a": {
    "name": "Vinay Gera",
    "email": "vigera@microsoft.com"
  },
  "author_info_b": {
    "name": "Vinay Gera",
    "email": "vigera@microsoft.com"
  },
  "num_conflict_regions": 2,
  "conflict_region_spans": [
    {
      "conflict_id": 1,
      "a": {
        "start": 7,
        "end": 8
      },
      "base": {
        "start": 7,
        "end": 7
      },
      "b": {
        "start": 7,
        "end": 9
      }
    },
    {
      "conflict_id": 2,
      "a": {
        "start": 41,
        "end": 43
      },
      "base": {
        "start": 40,
        "end": 42
      },
      "b": {
        "start": 42,
        "end": 44
      }
    }
  ]
}