{
  "repository_origin_url": "https://github.com/azure/azure-sdk-for-java",
  "commit_id": "4766b748ebbc42cd75bc2e5bfb7fe6cc62458511",
  "commit_date": "Mon, 3 Aug 2020 14:52:33 -0700",
  "commit_message": "Identity add validations (#13648)\n\n",
  "conflict_file_id": 184,
  "filename": "sdk/identity/azure-identity/src/main/java/com/azure/identity/ClientCertificateCredentialBuilder.java",
  "last_commit_on_a": "357652b8726f80b32396484960939cf08a56ed32",
  "last_commit_on_b": "e992fe3f3f27c8dede5a53356627731482542e65",
  "author_info_a": {
    "name": "Vinay Gera",
    "email": "vigera@microsoft.com"
  },
  "author_info_b": {
    "name": "Vinay Gera",
    "email": "vigera@microsoft.com"
  },
  "num_conflict_regions": 2,
  "conflict_region_spans": [
    {
      "conflict_id": 1,
      "a": {
        "start": 79,
        "end": 81
      },
      "base": {
        "start": 79,
        "end": 81
      },
      "b": {
        "start": 79,
        "end": 81
      }
    },
    {
      "conflict_id": 2,
      "a": {
        "start": 97,
        "end": 97
      },
      "base": {
        "start": 97,
        "end": 109
      },
      "b": {
        "start": 97,
        "end": 110
      }
    }
  ]
}