{
  "repository_origin_url": "https://github.com/azure/azure-sdk-for-java",
  "commit_id": "4766b748ebbc42cd75bc2e5bfb7fe6cc62458511",
  "commit_date": "Mon, 3 Aug 2020 10:23:37 -0700",
  "commit_message": "Fix spotbugs in identity tests and samples. (#13691)\n\n",
  "conflict_file_id": 185,
  "filename": "sdk/identity/azure-identity/src/test/java/com/azure/identity/implementation/IdentityClientTests.java",
  "last_commit_on_a": "9f31e4bad5fb74a6de00deeb540232587149682a",
  "last_commit_on_b": "404597017d422e56798a1fedb1bcc972c9772d1f",
  "author_info_a": {
    "name": "Vinay Gera",
    "email": "vigera@microsoft.com"
  },
  "author_info_b": {
    "name": "Vinay Gera",
    "email": "vigera@microsoft.com"
  },
  "num_conflict_regions": 2,
  "conflict_region_spans": [
    {
      "conflict_id": 1,
      "a": {
        "start": 61,
        "end": 63
      },
      "base": {
        "start": 61,
        "end": 63
      },
      "b": {
        "start": 61,
        "end": 63
      }
    },
    {
      "conflict_id": 2,
      "a": {
        "start": 211,
        "end": 212
      },
      "base": {
        "start": 211,
        "end": 235
      },
      "b": {
        "start": 211,
        "end": 260
      }
    }
  ]
}