{
  "repository_origin_url": "https://github.com/azure/azure-sdk-for-java",
  "commit_id": "4766b748ebbc42cd75bc2e5bfb7fe6cc62458511",
  "commit_date": "Wed, 29 Jul 2020 17:31:47 -0700",
  "commit_message": "Identity Authentication API rollback (#13603)\n\n",
  "conflict_file_id": 187,
  "filename": "sdk/identity/azure-identity/src/main/java/com/azure/identity/SharedTokenCacheCredentialBuilder.java",
  "last_commit_on_a": "300ef79475c00dccbfecbb351d2c62a547d674c5",
  "last_commit_on_b": "32f8f7ca8b44035b2e5520c5e10455f42500a778",
  "author_info_a": {
    "name": "Vinay Gera",
    "email": "vigera@microsoft.com"
  },
  "author_info_b": {
    "name": "Vinay Gera",
    "email": "vigera@microsoft.com"
  },
  "num_conflict_regions": 1,
  "conflict_region_spans": [
    {
      "conflict_id": 1,
      "a": {
        "start": 36,
        "end": 38
      },
      "base": {
        "start": 36,
        "end": 38
      },
      "b": {
        "start": 36,
        "end": 38
      }
    }
  ]
}