{
  "repository_origin_url": "https://github.com/azure/azure-sdk-for-java",
  "commit_id": "4766b748ebbc42cd75bc2e5bfb7fe6cc62458511",
  "commit_date": "Fri, 2 Oct 2020 15:44:42 -0700",
  "commit_message": "Merge branch 'master' into release/identity-sdk\n\n",
  "conflict_file_id": 188,
  "filename": "sdk/identity/azure-identity/src/main/java/com/azure/identity/implementation/MsalAuthenticationAccount.java",
  "last_commit_on_a": "7b25917052601d229ce7a08a89e4e342f2d84073",
  "last_commit_on_b": "8a951475fad2f8aa517f244ae2524aeb1fa9b941",
  "author_info_a": {
    "name": "g2vinay",
    "email": "vinay_work@hotmail.com"
  },
  "author_info_b": {
    "name": "Vinay Gera",
    "email": "vigera@microsoft.com"
  },
  "num_conflict_regions": 2,
  "conflict_region_spans": [
    {
      "conflict_id": 1,
      "a": {
        "start": 13,
        "end": 14
      },
      "base": {
        "start": 13,
        "end": 15
      },
      "b": {
        "start": 13,
        "end": 20
      }
    },
    {
      "conflict_id": 2,
      "a": {
        "start": 22,
        "end": 22
      },
      "base": {
        "start": 23,
        "end": 29
      },
      "b": {
        "start": 28,
        "end": 37
      }
    }
  ]
}