{
  "repository_origin_url": "https://github.com/azure/azure-sdk-for-java",
  "commit_id": "f15061aced573f8b65f627ca8976b0dc6dfd811a",
  "commit_date": "Thu, 24 Oct 2019 15:07:59 -0700",
  "commit_message": "Kv api updates preivew5 (#5910)\nKV Keys and Secrets API updates\n",
  "conflict_file_id": 18,
  "filename": "sdk/keyvault/azure-security-keyvault-keys/src/main/java/com/azure/security/keyvault/keys/cryptography/CryptographyClient.java",
  "last_commit_on_a": "c978dbcd535f8350cacacbf02e2186997d692dda",
  "last_commit_on_b": "1ead73b6d6bbeeb8779c4fe38f3857a6255cf324",
  "author_info_a": {
    "name": "Vinay Gera",
    "email": "vigera@microsoft.com"
  },
  "author_info_b": {
    "name": "vcolin7",
    "email": "vicolina@microsoft.com"
  },
  "num_conflict_regions": 26,
  "conflict_region_spans": [
    {
      "conflict_id": 1,
      "a": {
        "start": 95,
        "end": 98
      },
      "base": {
        "start": 95,
        "end": 97
      },
      "b": {
        "start": 95,
        "end": 98
      }
    },
    {
      "conflict_id": 2,
      "a": {
        "start": 99,
        "end": 101
      },
      "base": {
        "start": 98,
        "end": 100
      },
      "b": {
        "start": 99,
        "end": 101
      }
    },
    {
      "conflict_id": 3,
      "a": {
        "start": 116,
        "end": 119
      },
      "base": {
        "start": 115,
        "end": 118
      },
      "b": {
        "start": 116,
        "end": 119
      }
    },
    {
      "conflict_id": 4,
      "a": {
        "start": 120,
        "end": 123
      },
      "base": {
        "start": 119,
        "end": 122
      },
      "b": {
        "start": 120,
        "end": 124
      }
    },
    {
      "conflict_id": 5,
      "a": {
        "start": 124,
        "end": 126
      },
      "base": {
        "start": 123,
        "end": 125
      },
      "b": {
        "start": 125,
        "end": 127
      }
    },
    {
      "conflict_id": 6,
      "a": {
        "start": 129,
        "end": 142
      },
      "base": {
        "start": 128,
        "end": 145
      },
      "b": {
        "start": 130,
        "end": 148
      }
    },
    {
      "conflict_id": 7,
      "a": {
        "start": 150,
        "end": 151
      },
      "base": {
        "start": 153,
        "end": 190
      },
      "b": {
        "start": 156,
        "end": 199
      }
    },
    {
      "conflict_id": 8,
      "a": {
        "start": 152,
        "end": 156
      },
      "base": {
        "start": 191,
        "end": 195
      },
      "b": {
        "start": 200,
        "end": 205
      }
    },
    {
      "conflict_id": 9,
      "a": {
        "start": 157,
        "end": 159
      },
      "base": {
        "start": 196,
        "end": 198
      },
      "b": {
        "start": 206,
        "end": 208
      }
    },
    {
      "conflict_id": 10,
      "a": {
        "start": 167,
        "end": 175
      },
      "base": {
        "start": 206,
        "end": 218
      },
      "b": {
        "start": 216,
        "end": 228
      }
    },
    {
      "conflict_id": 11,
      "a": {
        "start": 183,
        "end": 189
      },
      "base": {
        "start": 226,
        "end": 232
      },
      "b": {
        "start": 236,
        "end": 244
      }
    },
    {
      "conflict_id": 12,
      "a": {
        "start": 190,
        "end": 192
      },
      "base": {
        "start": 233,
        "end": 235
      },
      "b": {
        "start": 245,
        "end": 247
      }
    },
    {
      "conflict_id": 13,
      "a": {
        "start": 200,
        "end": 208
      },
      "base": {
        "start": 243,
        "end": 255
      },
      "b": {
        "start": 255,
        "end": 267
      }
    },
    {
      "conflict_id": 14,
      "a": {
        "start": 216,
        "end": 221
      },
      "base": {
        "start": 263,
        "end": 268
      },
      "b": {
        "start": 275,
        "end": 284
      }
    },
    {
      "conflict_id": 15,
      "a": {
        "start": 222,
        "end": 224
      },
      "base": {
        "start": 269,
        "end": 306
      },
      "b": {
        "start": 285,
        "end": 326
      }
    },
    {
      "conflict_id": 16,
      "a": {
        "start": 362,
        "end": 365
      },
      "base": {
        "start": 444,
        "end": 450
      },
      "b": {
        "start": 464,
        "end": 470
      }
    },
    {
      "conflict_id": 17,
      "a": {
        "start": 373,
        "end": 374
      },
      "base": {
        "start": 458,
        "end": 459
      },
      "b": {
        "start": 478,
        "end": 480
      }
    },
    {
      "conflict_id": 18,
      "a": {
        "start": 375,
        "end": 379
      },
      "base": {
        "start": 460,
        "end": 464
      },
      "b": {
        "start": 481,
        "end": 486
      }
    },
    {
      "conflict_id": 19,
      "a": {
        "start": 390,
        "end": 393
      },
      "base": {
        "start": 475,
        "end": 481
      },
      "b": {
        "start": 497,
        "end": 503
      }
    },
    {
      "conflict_id": 20,
      "a": {
        "start": 401,
        "end": 403
      },
      "base": {
        "start": 489,
        "end": 491
      },
      "b": {
        "start": 511,
        "end": 514
      }
    },
    {
      "conflict_id": 21,
      "a": {
        "start": 404,
        "end": 408
      },
      "base": {
        "start": 492,
        "end": 496
      },
      "b": {
        "start": 515,
        "end": 520
      }
    },
    {
      "conflict_id": 22,
      "a": {
        "start": 418,
        "end": 424
      },
      "base": {
        "start": 506,
        "end": 513
      },
      "b": {
        "start": 530,
        "end": 537
      }
    },
    {
      "conflict_id": 23,
      "a": {
        "start": 433,
        "end": 437
      },
      "base": {
        "start": 522,
        "end": 526
      },
      "b": {
        "start": 546,
        "end": 553
      }
    },
    {
      "conflict_id": 24,
      "a": {
        "start": 443,
        "end": 447
      },
      "base": {
        "start": 532,
        "end": 535
      },
      "b": {
        "start": 559,
        "end": 562
      }
    },
    {
      "conflict_id": 25,
      "a": {
        "start": 448,
        "end": 454
      },
      "base": {
        "start": 536,
        "end": 543
      },
      "b": {
        "start": 563,
        "end": 570
      }
    },
    {
      "conflict_id": 26,
      "a": {
        "start": 463,
        "end": 468
      },
      "base": {
        "start": 552,
        "end": 557
      },
      "b": {
        "start": 579,
        "end": 587
      }
    }
  ]
}