{
  "repository_origin_url": "https://github.com/azure/azure-sdk-for-java",
  "commit_id": "f15061aced573f8b65f627ca8976b0dc6dfd811a",
  "commit_date": "Thu, 8 Oct 2020 02:58:41 -0500",
  "commit_message": "Merged master.\n\n",
  "conflict_file_id": 19,
  "filename": "sdk/keyvault/azure-security-keyvault-certificates/src/main/java/com/azure/security/keyvault/certificates/CertificateClientBuilder.java",
  "last_commit_on_a": "31dd22446e98706a52b6701e4a46c0ee3a383c06",
  "last_commit_on_b": "1ead73b6d6bbeeb8779c4fe38f3857a6255cf324",
  "author_info_a": {
    "name": "Victor Colin Amador",
    "email": "victor.y.asi@gmail.com"
  },
  "author_info_b": {
    "name": "vcolin7",
    "email": "vicolina@microsoft.com"
  },
  "num_conflict_regions": 6,
  "conflict_region_spans": [
    {
      "conflict_id": 1,
      "a": {
        "start": 11,
        "end": 11
      },
      "base": {
        "start": 11,
        "end": 12
      },
      "b": {
        "start": 11,
        "end": 13
      }
    },
    {
      "conflict_id": 2,
      "a": {
        "start": 18,
        "end": 19
      },
      "base": {
        "start": 19,
        "end": 21
      },
      "b": {
        "start": 20,
        "end": 21
      }
    },
    {
      "conflict_id": 3,
      "a": {
        "start": 158,
        "end": 160
      },
      "base": {
        "start": 160,
        "end": 162
      },
      "b": {
        "start": 160,
        "end": 160
      }
    },
    {
      "conflict_id": 4,
      "a": {
        "start": 161,
        "end": 165
      },
      "base": {
        "start": 163,
        "end": 176
      },
      "b": {
        "start": 161,
        "end": 183
      }
    },
    {
      "conflict_id": 5,
      "a": {
        "start": 179,
        "end": 181
      },
      "base": {
        "start": 190,
        "end": 194
      },
      "b": {
        "start": 197,
        "end": 203
      }
    },
    {
      "conflict_id": 6,
      "a": {
        "start": 334,
        "end": 334
      },
      "base": {
        "start": 347,
        "end": 362
      },
      "b": {
        "start": 356,
        "end": 374
      }
    }
  ]
}