{
  "repository_origin_url": "https://github.com/azure/azure-sdk-for-java",
  "commit_id": "f15061aced573f8b65f627ca8976b0dc6dfd811a",
  "commit_date": "Thu, 8 Oct 2020 02:58:41 -0500",
  "commit_message": "Merged master.\n\n",
  "conflict_file_id": 1,
  "filename": "sdk/keyvault/azure-security-keyvault-keys/src/main/java/com/azure/security/keyvault/keys/models/KeyVaultKey.java",
  "last_commit_on_a": "31dd22446e98706a52b6701e4a46c0ee3a383c06",
  "last_commit_on_b": "0bf53c07d62f3456042f55bb379f1efadf002384",
  "author_info_a": {
    "name": "Victor Colin Amador",
    "email": "victor.y.asi@gmail.com"
  },
  "author_info_b": {
    "name": "vcolin7",
    "email": "vicolina@microsoft.com"
  },
  "num_conflict_regions": 2,
  "conflict_region_spans": [
    {
      "conflict_id": 1,
      "a": {
        "start": 38,
        "end": 38
      },
      "base": {
        "start": 38,
        "end": 48
      },
      "b": {
        "start": 38,
        "end": 49
      }
    },
    {
      "conflict_id": 2,
      "a": {
        "start": 93,
        "end": 95
      },
      "base": {
        "start": 103,
        "end": 114
      },
      "b": {
        "start": 104,
        "end": 107
      }
    }
  ]
}