{
  "repository_origin_url": "https://github.com/azure/azure-sdk-for-java",
  "commit_id": "f15061aced573f8b65f627ca8976b0dc6dfd811a",
  "commit_date": "Thu, 11 Mar 2021 18:07:49 -0600",
  "commit_message": "Merged master and updated CHANGELOG\n\n",
  "conflict_file_id": 20,
  "filename": "sdk/keyvault/azure-security-keyvault-keys/src/main/java/com/azure/security/keyvault/keys/cryptography/EcKeyCryptographyClient.java",
  "last_commit_on_a": "2c8bd80d1336ea514939b361be751a588425d287",
  "last_commit_on_b": "79260d13f2dd0a6d6cb23e3fcb179de842a138cf",
  "author_info_a": {
    "name": "Victor Colin Amador",
    "email": "victor.y.asi@gmail.com"
  },
  "author_info_b": {
    "name": "vcolin7",
    "email": "vicolina@microsoft.com"
  },
  "num_conflict_regions": 2,
  "conflict_region_spans": [
    {
      "conflict_id": 1,
      "a": {
        "start": 59,
        "end": 60
      },
      "base": {
        "start": 59,
        "end": 60
      },
      "b": {
        "start": 59,
        "end": 60
      }
    },
    {
      "conflict_id": 2,
      "a": {
        "start": 65,
        "end": 67
      },
      "base": {
        "start": 65,
        "end": 66
      },
      "b": {
        "start": 65,
        "end": 66
      }
    }
  ]
}