{
  "repository_origin_url": "https://github.com/azure/azure-sdk-for-java",
  "commit_id": "f15061aced573f8b65f627ca8976b0dc6dfd811a",
  "commit_date": "Thu, 11 Mar 2021 18:07:49 -0600",
  "commit_message": "Merged master and updated CHANGELOG\n\n",
  "conflict_file_id": 21,
  "filename": "sdk/keyvault/azure-security-keyvault-keys/src/main/java/com/azure/security/keyvault/keys/cryptography/RsaKeyCryptographyClient.java",
  "last_commit_on_a": "2c8bd80d1336ea514939b361be751a588425d287",
  "last_commit_on_b": "79260d13f2dd0a6d6cb23e3fcb179de842a138cf",
  "author_info_a": {
    "name": "Victor Colin Amador",
    "email": "victor.y.asi@gmail.com"
  },
  "author_info_b": {
    "name": "vcolin7",
    "email": "vicolina@microsoft.com"
  },
  "num_conflict_regions": 12,
  "conflict_region_spans": [
    {
      "conflict_id": 1,
      "a": {
        "start": 54,
        "end": 56
      },
      "base": {
        "start": 54,
        "end": 59
      },
      "b": {
        "start": 54,
        "end": 59
      }
    },
    {
      "conflict_id": 2,
      "a": {
        "start": 59,
        "end": 59
      },
      "base": {
        "start": 62,
        "end": 63
      },
      "b": {
        "start": 62,
        "end": 63
      }
    },
    {
      "conflict_id": 3,
      "a": {
        "start": 63,
        "end": 64
      },
      "base": {
        "start": 67,
        "end": 68
      },
      "b": {
        "start": 67,
        "end": 68
      }
    },
    {
      "conflict_id": 4,
      "a": {
        "start": 73,
        "end": 74
      },
      "base": {
        "start": 77,
        "end": 78
      },
      "b": {
        "start": 77,
        "end": 78
      }
    },
    {
      "conflict_id": 5,
      "a": {
        "start": 86,
        "end": 87
      },
      "base": {
        "start": 90,
        "end": 92
      },
      "b": {
        "start": 90,
        "end": 93
      }
    },
    {
      "conflict_id": 6,
      "a": {
        "start": 98,
        "end": 100
      },
      "base": {
        "start": 103,
        "end": 107
      },
      "b": {
        "start": 104,
        "end": 108
      }
    },
    {
      "conflict_id": 7,
      "a": {
        "start": 103,
        "end": 103
      },
      "base": {
        "start": 110,
        "end": 112
      },
      "b": {
        "start": 111,
        "end": 113
      }
    },
    {
      "conflict_id": 8,
      "a": {
        "start": 107,
        "end": 108
      },
      "base": {
        "start": 116,
        "end": 117
      },
      "b": {
        "start": 117,
        "end": 118
      }
    },
    {
      "conflict_id": 9,
      "a": {
        "start": 117,
        "end": 118
      },
      "base": {
        "start": 126,
        "end": 127
      },
      "b": {
        "start": 127,
        "end": 128
      }
    },
    {
      "conflict_id": 10,
      "a": {
        "start": 130,
        "end": 131
      },
      "base": {
        "start": 139,
        "end": 141
      },
      "b": {
        "start": 140,
        "end": 143
      }
    },
    {
      "conflict_id": 11,
      "a": {
        "start": 143,
        "end": 145
      },
      "base": {
        "start": 153,
        "end": 159
      },
      "b": {
        "start": 155,
        "end": 161
      }
    },
    {
      "conflict_id": 12,
      "a": {
        "start": 150,
        "end": 153
      },
      "base": {
        "start": 164,
        "end": 170
      },
      "b": {
        "start": 166,
        "end": 172
      }
    }
  ]
}