{
  "repository_origin_url": "https://github.com/azure/azure-sdk-for-java",
  "commit_id": "f15061aced573f8b65f627ca8976b0dc6dfd811a",
  "commit_date": "Wed, 16 Oct 2019 16:55:52 -0700",
  "commit_message": "artifact updates (#5878)\nKv artifact updates\n",
  "conflict_file_id": 24,
  "filename": "sdk/keyvault/azure-security-keyvault-keys/src/main/java/com/azure/security/keyvault/keys/cryptography/Rsa15.java",
  "last_commit_on_a": "51b9c0132b0c4619bf500db712210ed0a9661e0c",
  "last_commit_on_b": "79260d13f2dd0a6d6cb23e3fcb179de842a138cf",
  "author_info_a": {
    "name": "Vinay Gera",
    "email": "vigera@microsoft.com"
  },
  "author_info_b": {
    "name": "vcolin7",
    "email": "vicolina@microsoft.com"
  },
  "num_conflict_regions": 2,
  "conflict_region_spans": [
    {
      "conflict_id": 1,
      "a": {
        "start": 34,
        "end": 37
      },
      "base": {
        "start": 34,
        "end": 37
      },
      "b": {
        "start": 34,
        "end": 36
      }
    },
    {
      "conflict_id": 2,
      "a": {
        "start": 59,
        "end": 62
      },
      "base": {
        "start": 59,
        "end": 62
      },
      "b": {
        "start": 58,
        "end": 60
      }
    }
  ]
}