{
  "repository_origin_url": "https://github.com/azure/azure-sdk-for-java",
  "commit_id": "f15061aced573f8b65f627ca8976b0dc6dfd811a",
  "commit_date": "Thu, 11 Feb 2021 14:54:53 -0800",
  "commit_message": "Merged master\n\n",
  "conflict_file_id": 25,
  "filename": "sdk/keyvault/azure-security-keyvault-keys/src/main/java/com/azure/security/keyvault/keys/cryptography/CryptographyAsyncClient.java",
  "last_commit_on_a": "7453045e1963cf23489104ca51339d2111495e29",
  "last_commit_on_b": "1ead73b6d6bbeeb8779c4fe38f3857a6255cf324",
  "author_info_a": {
    "name": "Victor Colin Amador",
    "email": "vicolina@microsoft.com"
  },
  "author_info_b": {
    "name": "vcolin7",
    "email": "vicolina@microsoft.com"
  },
  "num_conflict_regions": 26,
  "conflict_region_spans": [
    {
      "conflict_id": 1,
      "a": {
        "start": 41,
        "end": 41
      },
      "base": {
        "start": 41,
        "end": 42
      },
      "b": {
        "start": 41,
        "end": 44
      }
    },
    {
      "conflict_id": 2,
      "a": {
        "start": 130,
        "end": 133
      },
      "base": {
        "start": 131,
        "end": 134
      },
      "b": {
        "start": 133,
        "end": 136
      }
    },
    {
      "conflict_id": 3,
      "a": {
        "start": 225,
        "end": 226
      },
      "base": {
        "start": 226,
        "end": 227
      },
      "b": {
        "start": 228,
        "end": 229
      }
    },
    {
      "conflict_id": 4,
      "a": {
        "start": 241,
        "end": 242
      },
      "base": {
        "start": 242,
        "end": 243
      },
      "b": {
        "start": 244,
        "end": 246
      }
    },
    {
      "conflict_id": 5,
      "a": {
        "start": 243,
        "end": 247
      },
      "base": {
        "start": 244,
        "end": 248
      },
      "b": {
        "start": 247,
        "end": 252
      }
    },
    {
      "conflict_id": 6,
      "a": {
        "start": 249,
        "end": 250
      },
      "base": {
        "start": 250,
        "end": 289
      },
      "b": {
        "start": 254,
        "end": 297
      }
    },
    {
      "conflict_id": 7,
      "a": {
        "start": 251,
        "end": 252
      },
      "base": {
        "start": 290,
        "end": 291
      },
      "b": {
        "start": 298,
        "end": 299
      }
    },
    {
      "conflict_id": 8,
      "a": {
        "start": 258,
        "end": 262
      },
      "base": {
        "start": 297,
        "end": 298
      },
      "b": {
        "start": 305,
        "end": 306
      }
    },
    {
      "conflict_id": 9,
      "a": {
        "start": 264,
        "end": 265
      },
      "base": {
        "start": 300,
        "end": 301
      },
      "b": {
        "start": 308,
        "end": 309
      }
    },
    {
      "conflict_id": 10,
      "a": {
        "start": 268,
        "end": 270
      },
      "base": {
        "start": 304,
        "end": 306
      },
      "b": {
        "start": 312,
        "end": 314
      }
    },
    {
      "conflict_id": 11,
      "a": {
        "start": 271,
        "end": 272
      },
      "base": {
        "start": 307,
        "end": 309
      },
      "b": {
        "start": 315,
        "end": 317
      }
    },
    {
      "conflict_id": 12,
      "a": {
        "start": 281,
        "end": 285
      },
      "base": {
        "start": 318,
        "end": 322
      },
      "b": {
        "start": 326,
        "end": 330
      }
    },
    {
      "conflict_id": 13,
      "a": {
        "start": 301,
        "end": 304
      },
      "base": {
        "start": 338,
        "end": 341
      },
      "b": {
        "start": 346,
        "end": 350
      }
    },
    {
      "conflict_id": 14,
      "a": {
        "start": 306,
        "end": 307
      },
      "base": {
        "start": 343,
        "end": 381
      },
      "b": {
        "start": 352,
        "end": 393
      }
    },
    {
      "conflict_id": 15,
      "a": {
        "start": 308,
        "end": 309
      },
      "base": {
        "start": 382,
        "end": 383
      },
      "b": {
        "start": 394,
        "end": 395
      }
    },
    {
      "conflict_id": 16,
      "a": {
        "start": 314,
        "end": 317
      },
      "base": {
        "start": 388,
        "end": 389
      },
      "b": {
        "start": 400,
        "end": 401
      }
    },
    {
      "conflict_id": 17,
      "a": {
        "start": 319,
        "end": 320
      },
      "base": {
        "start": 391,
        "end": 392
      },
      "b": {
        "start": 403,
        "end": 404
      }
    },
    {
      "conflict_id": 18,
      "a": {
        "start": 323,
        "end": 325
      },
      "base": {
        "start": 395,
        "end": 397
      },
      "b": {
        "start": 407,
        "end": 409
      }
    },
    {
      "conflict_id": 19,
      "a": {
        "start": 326,
        "end": 327
      },
      "base": {
        "start": 398,
        "end": 400
      },
      "b": {
        "start": 410,
        "end": 412
      }
    },
    {
      "conflict_id": 20,
      "a": {
        "start": 450,
        "end": 452
      },
      "base": {
        "start": 523,
        "end": 528
      },
      "b": {
        "start": 535,
        "end": 540
      }
    },
    {
      "conflict_id": 21,
      "a": {
        "start": 460,
        "end": 466
      },
      "base": {
        "start": 536,
        "end": 542
      },
      "b": {
        "start": 548,
        "end": 556
      }
    },
    {
      "conflict_id": 22,
      "a": {
        "start": 485,
        "end": 487
      },
      "base": {
        "start": 561,
        "end": 563
      },
      "b": {
        "start": 575,
        "end": 577
      }
    },
    {
      "conflict_id": 23,
      "a": {
        "start": 494,
        "end": 498
      },
      "base": {
        "start": 570,
        "end": 573
      },
      "b": {
        "start": 584,
        "end": 587
      }
    },
    {
      "conflict_id": 24,
      "a": {
        "start": 501,
        "end": 505
      },
      "base": {
        "start": 576,
        "end": 581
      },
      "b": {
        "start": 590,
        "end": 595
      }
    },
    {
      "conflict_id": 25,
      "a": {
        "start": 514,
        "end": 518
      },
      "base": {
        "start": 590,
        "end": 594
      },
      "b": {
        "start": 604,
        "end": 611
      }
    },
    {
      "conflict_id": 26,
      "a": {
        "start": 538,
        "end": 540
      },
      "base": {
        "start": 614,
        "end": 616
      },
      "b": {
        "start": 631,
        "end": 633
      }
    }
  ]
}