{
  "repository_origin_url": "https://github.com/azure/azure-sdk-for-java",
  "commit_id": "f15061aced573f8b65f627ca8976b0dc6dfd811a",
  "commit_date": "Thu, 11 Mar 2021 18:07:49 -0600",
  "commit_message": "Merged master and updated CHANGELOG\n\n",
  "conflict_file_id": 26,
  "filename": "sdk/keyvault/azure-security-keyvault-keys/src/main/java/com/azure/security/keyvault/keys/cryptography/CryptographyServiceClient.java",
  "last_commit_on_a": "2c8bd80d1336ea514939b361be751a588425d287",
  "last_commit_on_b": "79260d13f2dd0a6d6cb23e3fcb179de842a138cf",
  "author_info_a": {
    "name": "Victor Colin Amador",
    "email": "victor.y.asi@gmail.com"
  },
  "author_info_b": {
    "name": "vcolin7",
    "email": "vicolina@microsoft.com"
  },
  "num_conflict_regions": 3,
  "conflict_region_spans": [
    {
      "conflict_id": 1,
      "a": {
        "start": 128,
        "end": 129
      },
      "base": {
        "start": 128,
        "end": 130
      },
      "b": {
        "start": 128,
        "end": 130
      }
    },
    {
      "conflict_id": 2,
      "a": {
        "start": 130,
        "end": 131
      },
      "base": {
        "start": 131,
        "end": 137
      },
      "b": {
        "start": 131,
        "end": 137
      }
    },
    {
      "conflict_id": 3,
      "a": {
        "start": 141,
        "end": 143
      },
      "base": {
        "start": 147,
        "end": 157
      },
      "b": {
        "start": 147,
        "end": 157
      }
    }
  ]
}