{
  "repository_origin_url": "https://github.com/azure/azure-sdk-for-java",
  "commit_id": "f15061aced573f8b65f627ca8976b0dc6dfd811a",
  "commit_date": "Mon, 20 Jul 2020 14:51:15 -0700",
  "commit_message": "Fixed checkstyle EnforceFinalFieldsCheck violations in KeyVault classes (#13323)\n* Addressed checkstyle violations.\n\n* Removed checkstyle `EnforceFinalFieldsCheck` suppressions for KeyVault classes.\n\n* Removed unused import on CreateEcKeyOptions.\n",
  "conflict_file_id": 27,
  "filename": "sdk/keyvault/azure-security-keyvault-keys/src/main/java/com/azure/security/keyvault/keys/cryptography/LocalKeyCryptographyClient.java",
  "last_commit_on_a": "046a27fcb24acd0634ce104f63a35a79f20444f0",
  "last_commit_on_b": "79260d13f2dd0a6d6cb23e3fcb179de842a138cf",
  "author_info_a": {
    "name": "vcolin7",
    "email": "vicolina@microsoft.com"
  },
  "author_info_b": {
    "name": "vcolin7",
    "email": "vicolina@microsoft.com"
  },
  "num_conflict_regions": 2,
  "conflict_region_spans": [
    {
      "conflict_id": 1,
      "a": {
        "start": 30,
        "end": 31
      },
      "base": {
        "start": 30,
        "end": 31
      },
      "b": {
        "start": 30,
        "end": 31
      }
    },
    {
      "conflict_id": 2,
      "a": {
        "start": 32,
        "end": 34
      },
      "base": {
        "start": 32,
        "end": 33
      },
      "b": {
        "start": 32,
        "end": 33
      }
    }
  ]
}