{
  "repository_origin_url": "https://github.com/azure/azure-sdk-for-java",
  "commit_id": "f15061aced573f8b65f627ca8976b0dc6dfd811a",
  "commit_date": "Thu, 24 Oct 2019 15:07:59 -0700",
  "commit_message": "Kv api updates preivew5 (#5910)\nKV Keys and Secrets API updates\n",
  "conflict_file_id": 28,
  "filename": "sdk/keyvault/azure-security-keyvault-keys/src/samples/java/com/azure/security/keyvault/keys/cryptography/CryptographyClientJavaDocCodeSnippets.java",
  "last_commit_on_a": "c978dbcd535f8350cacacbf02e2186997d692dda",
  "last_commit_on_b": "1ead73b6d6bbeeb8779c4fe38f3857a6255cf324",
  "author_info_a": {
    "name": "Vinay Gera",
    "email": "vigera@microsoft.com"
  },
  "author_info_b": {
    "name": "vcolin7",
    "email": "vicolina@microsoft.com"
  },
  "num_conflict_regions": 9,
  "conflict_region_spans": [
    {
      "conflict_id": 1,
      "a": {
        "start": 89,
        "end": 91
      },
      "base": {
        "start": 89,
        "end": 92
      },
      "b": {
        "start": 89,
        "end": 92
      }
    },
    {
      "conflict_id": 2,
      "a": {
        "start": 101,
        "end": 104
      },
      "base": {
        "start": 102,
        "end": 108
      },
      "b": {
        "start": 102,
        "end": 108
      }
    },
    {
      "conflict_id": 3,
      "a": {
        "start": 109,
        "end": 112
      },
      "base": {
        "start": 113,
        "end": 118
      },
      "b": {
        "start": 113,
        "end": 118
      }
    },
    {
      "conflict_id": 4,
      "a": {
        "start": 116,
        "end": 116
      },
      "base": {
        "start": 122,
        "end": 138
      },
      "b": {
        "start": 122,
        "end": 138
      }
    },
    {
      "conflict_id": 5,
      "a": {
        "start": 119,
        "end": 121
      },
      "base": {
        "start": 141,
        "end": 144
      },
      "b": {
        "start": 141,
        "end": 144
      }
    },
    {
      "conflict_id": 6,
      "a": {
        "start": 126,
        "end": 127
      },
      "base": {
        "start": 149,
        "end": 155
      },
      "b": {
        "start": 149,
        "end": 155
      }
    },
    {
      "conflict_id": 7,
      "a": {
        "start": 131,
        "end": 132
      },
      "base": {
        "start": 159,
        "end": 164
      },
      "b": {
        "start": 159,
        "end": 164
      }
    },
    {
      "conflict_id": 8,
      "a": {
        "start": 135,
        "end": 135
      },
      "base": {
        "start": 167,
        "end": 182
      },
      "b": {
        "start": 167,
        "end": 182
      }
    },
    {
      "conflict_id": 9,
      "a": {
        "start": 181,
        "end": 218
      },
      "base": {
        "start": 228,
        "end": 267
      },
      "b": {
        "start": 228,
        "end": 232
      }
    }
  ]
}