{
  "repository_origin_url": "https://github.com/azure/azure-sdk-for-java",
  "commit_id": "9cbee840553e60bfed934583e8d2c148dfde4627",
  "commit_date": "Thu, 20 Aug 2020 13:07:47 -0700",
  "commit_message": "Rename bounding box model to FieldBoundingBox (#14241)\n\n",
  "conflict_file_id": 30,
  "filename": "sdk/formrecognizer/azure-ai-formrecognizer/src/main/java/com/azure/ai/formrecognizer/Transforms.java",
  "last_commit_on_a": "a7c3acbd89d268dd085e05a28a8a87242dc2036e",
  "last_commit_on_b": "2b320f5a0fbb1c9ea0a5a207fbfcd1f8ca10652b",
  "author_info_a": {
    "name": "Sameeksha Vaity",
    "email": "savaity@microsoft.com"
  },
  "author_info_b": {
    "name": "Sameeksha Vaity",
    "email": "savaity@microsoft.com"
  },
  "num_conflict_regions": 4,
  "conflict_region_spans": [
    {
      "conflict_id": 1,
      "a": {
        "start": 43,
        "end": 43
      },
      "base": {
        "start": 43,
        "end": 44
      },
      "b": {
        "start": 43,
        "end": 45
      }
    },
    {
      "conflict_id": 2,
      "a": {
        "start": 93,
        "end": 109
      },
      "base": {
        "start": 94,
        "end": 113
      },
      "b": {
        "start": 95,
        "end": 116
      }
    },
    {
      "conflict_id": 3,
      "a": {
        "start": 209,
        "end": 210
      },
      "base": {
        "start": 213,
        "end": 214
      },
      "b": {
        "start": 216,
        "end": 223
      }
    },
    {
      "conflict_id": 4,
      "a": {
        "start": 282,
        "end": 282
      },
      "base": {
        "start": 286,
        "end": 305
      },
      "b": {
        "start": 295,
        "end": 322
      }
    }
  ]
}