{
  "repository_origin_url": "https://github.com/azure/azure-sdk-for-java",
  "commit_id": "9cbee840553e60bfed934583e8d2c148dfde4627",
  "commit_date": "Thu, 20 Aug 2020 13:07:47 -0700",
  "commit_message": "Rename bounding box model to FieldBoundingBox (#14241)\n\n",
  "conflict_file_id": 31,
  "filename": "sdk/formrecognizer/azure-ai-formrecognizer/src/test/java/com/azure/ai/formrecognizer/FormTrainingAsyncClientTest.java",
  "last_commit_on_a": "a7c3acbd89d268dd085e05a28a8a87242dc2036e",
  "last_commit_on_b": "9ea60ce411df334c136c48817e0be55d8e8b928e",
  "author_info_a": {
    "name": "Sameeksha Vaity",
    "email": "savaity@microsoft.com"
  },
  "author_info_b": {
    "name": "Sameeksha Vaity",
    "email": "savaity@microsoft.com"
  },
  "num_conflict_regions": 3,
  "conflict_region_spans": [
    {
      "conflict_id": 1,
      "a": {
        "start": 185,
        "end": 186
      },
      "base": {
        "start": 185,
        "end": 188
      },
      "b": {
        "start": 185,
        "end": 189
      }
    },
    {
      "conflict_id": 2,
      "a": {
        "start": 543,
        "end": 547
      },
      "base": {
        "start": 545,
        "end": 549
      },
      "b": {
        "start": 546,
        "end": 550
      }
    },
    {
      "conflict_id": 3,
      "a": {
        "start": 566,
        "end": 567
      },
      "base": {
        "start": 568,
        "end": 823
      },
      "b": {
        "start": 569,
        "end": 823
      }
    }
  ]
}