{
  "repository_origin_url": "https://github.com/azure/azure-sdk-for-java",
  "commit_id": "9cbee840553e60bfed934583e8d2c148dfde4627",
  "commit_date": "Wed, 10 Mar 2021 12:15:45 -0800",
  "commit_message": "Prepare for form recognizer march release patch version-3.0.6 (#19763)\n* Prepare for form recognizer release patch 3.0.6\n\n* FR: Updating external dependencies\n\n* FR: addressing checkstyle violations in tests\n",
  "conflict_file_id": 32,
  "filename": "sdk/formrecognizer/azure-ai-formrecognizer/src/test/java/com/azure/ai/formrecognizer/FormTrainingClientTest.java",
  "last_commit_on_a": "e199d459562c5b413be1cbb408fc8bf2714435a4",
  "last_commit_on_b": "9ea60ce411df334c136c48817e0be55d8e8b928e",
  "author_info_a": {
    "name": "Anu Thomas Chandy",
    "email": "anuamd@hotmail.com"
  },
  "author_info_b": {
    "name": "Sameeksha Vaity",
    "email": "savaity@microsoft.com"
  },
  "num_conflict_regions": 4,
  "conflict_region_spans": [
    {
      "conflict_id": 1,
      "a": {
        "start": 155,
        "end": 156
      },
      "base": {
        "start": 155,
        "end": 158
      },
      "b": {
        "start": 155,
        "end": 159
      }
    },
    {
      "conflict_id": 2,
      "a": {
        "start": 191,
        "end": 193
      },
      "base": {
        "start": 193,
        "end": 195
      },
      "b": {
        "start": 194,
        "end": 197
      }
    },
    {
      "conflict_id": 3,
      "a": {
        "start": 213,
        "end": 215
      },
      "base": {
        "start": 215,
        "end": 217
      },
      "b": {
        "start": 217,
        "end": 220
      }
    },
    {
      "conflict_id": 4,
      "a": {
        "start": 511,
        "end": 512
      },
      "base": {
        "start": 513,
        "end": 754
      },
      "b": {
        "start": 516,
        "end": 759
      }
    }
  ]
}