{
  "repository_origin_url": "https://github.com/azure/azure-sdk-for-java",
  "commit_id": "9cbee840553e60bfed934583e8d2c148dfde4627",
  "commit_date": "Thu, 20 Aug 2020 13:07:47 -0700",
  "commit_message": "Rename bounding box model to FieldBoundingBox (#14241)\n\n",
  "conflict_file_id": 34,
  "filename": "sdk/formrecognizer/azure-ai-formrecognizer/src/test/java/com/azure/ai/formrecognizer/FormRecognizerClientTestBase.java",
  "last_commit_on_a": "a7c3acbd89d268dd085e05a28a8a87242dc2036e",
  "last_commit_on_b": "a117c851e9bc6e7dc9c5f4432fb0f4c9ca83f8b1",
  "author_info_a": {
    "name": "Sameeksha Vaity",
    "email": "savaity@microsoft.com"
  },
  "author_info_b": {
    "name": "Sameeksha Vaity",
    "email": "savaity@microsoft.com"
  },
  "num_conflict_regions": 6,
  "conflict_region_spans": [
    {
      "conflict_id": 1,
      "a": {
        "start": 58,
        "end": 58
      },
      "base": {
        "start": 58,
        "end": 61
      },
      "b": {
        "start": 58,
        "end": 62
      }
    },
    {
      "conflict_id": 2,
      "a": {
        "start": 86,
        "end": 88
      },
      "base": {
        "start": 89,
        "end": 109
      },
      "b": {
        "start": 90,
        "end": 110
      }
    },
    {
      "conflict_id": 3,
      "a": {
        "start": 104,
        "end": 104
      },
      "base": {
        "start": 125,
        "end": 142
      },
      "b": {
        "start": 126,
        "end": 148
      }
    },
    {
      "conflict_id": 4,
      "a": {
        "start": 296,
        "end": 298
      },
      "base": {
        "start": 334,
        "end": 336
      },
      "b": {
        "start": 340,
        "end": 344
      }
    },
    {
      "conflict_id": 5,
      "a": {
        "start": 619,
        "end": 619
      },
      "base": {
        "start": 657,
        "end": 703
      },
      "b": {
        "start": 665,
        "end": 722
      }
    },
    {
      "conflict_id": 6,
      "a": {
        "start": 737,
        "end": 737
      },
      "base": {
        "start": 821,
        "end": 855
      },
      "b": {
        "start": 840,
        "end": 874
      }
    }
  ]
}