{
  "repository_origin_url": "https://github.com/azure/azure-sdk-for-java",
  "commit_id": "9cbee840553e60bfed934583e8d2c148dfde4627",
  "commit_date": "Wed, 10 Mar 2021 12:15:45 -0800",
  "commit_message": "Prepare for form recognizer march release patch version-3.0.6 (#19763)\n* Prepare for form recognizer release patch 3.0.6\n\n* FR: Updating external dependencies\n\n* FR: addressing checkstyle violations in tests\n",
  "conflict_file_id": 36,
  "filename": "sdk/formrecognizer/azure-ai-formrecognizer/src/test/java/com/azure/ai/formrecognizer/FormRecognizerClientTest.java",
  "last_commit_on_a": "e199d459562c5b413be1cbb408fc8bf2714435a4",
  "last_commit_on_b": "2b320f5a0fbb1c9ea0a5a207fbfcd1f8ca10652b",
  "author_info_a": {
    "name": "Anu Thomas Chandy",
    "email": "anuamd@hotmail.com"
  },
  "author_info_b": {
    "name": "Sameeksha Vaity",
    "email": "savaity@microsoft.com"
  },
  "num_conflict_regions": 27,
  "conflict_region_spans": [
    {
      "conflict_id": 1,
      "a": {
        "start": 13,
        "end": 13
      },
      "base": {
        "start": 13,
        "end": 14
      },
      "b": {
        "start": 13,
        "end": 15
      }
    },
    {
      "conflict_id": 2,
      "a": {
        "start": 28,
        "end": 28
      },
      "base": {
        "start": 29,
        "end": 32
      },
      "b": {
        "start": 30,
        "end": 34
      }
    },
    {
      "conflict_id": 3,
      "a": {
        "start": 32,
        "end": 33
      },
      "base": {
        "start": 36,
        "end": 37
      },
      "b": {
        "start": 38,
        "end": 40
      }
    },
    {
      "conflict_id": 4,
      "a": {
        "start": 42,
        "end": 42
      },
      "base": {
        "start": 46,
        "end": 47
      },
      "b": {
        "start": 49,
        "end": 51
      }
    },
    {
      "conflict_id": 5,
      "a": {
        "start": 112,
        "end": 113
      },
      "base": {
        "start": 117,
        "end": 118
      },
      "b": {
        "start": 121,
        "end": 123
      }
    },
    {
      "conflict_id": 6,
      "a": {
        "start": 185,
        "end": 188
      },
      "base": {
        "start": 190,
        "end": 192
      },
      "b": {
        "start": 195,
        "end": 198
      }
    },
    {
      "conflict_id": 7,
      "a": {
        "start": 384,
        "end": 386
      },
      "base": {
        "start": 388,
        "end": 390
      },
      "b": {
        "start": 394,
        "end": 397
      }
    },
    {
      "conflict_id": 8,
      "a": {
        "start": 389,
        "end": 389
      },
      "base": {
        "start": 393,
        "end": 467
      },
      "b": {
        "start": 400,
        "end": 474
      }
    },
    {
      "conflict_id": 9,
      "a": {
        "start": 465,
        "end": 465
      },
      "base": {
        "start": 543,
        "end": 589
      },
      "b": {
        "start": 550,
        "end": 597
      }
    },
    {
      "conflict_id": 10,
      "a": {
        "start": 483,
        "end": 487
      },
      "base": {
        "start": 607,
        "end": 611
      },
      "b": {
        "start": 615,
        "end": 621
      }
    },
    {
      "conflict_id": 11,
      "a": {
        "start": 532,
        "end": 535
      },
      "base": {
        "start": 656,
        "end": 659
      },
      "b": {
        "start": 666,
        "end": 670
      }
    },
    {
      "conflict_id": 12,
      "a": {
        "start": 555,
        "end": 558
      },
      "base": {
        "start": 679,
        "end": 682
      },
      "b": {
        "start": 690,
        "end": 694
      }
    },
    {
      "conflict_id": 13,
      "a": {
        "start": 579,
        "end": 581
      },
      "base": {
        "start": 703,
        "end": 705
      },
      "b": {
        "start": 715,
        "end": 718
      }
    },
    {
      "conflict_id": 14,
      "a": {
        "start": 638,
        "end": 641
      },
      "base": {
        "start": 762,
        "end": 765
      },
      "b": {
        "start": 775,
        "end": 777
      }
    },
    {
      "conflict_id": 15,
      "a": {
        "start": 651,
        "end": 664
      },
      "base": {
        "start": 775,
        "end": 790
      },
      "b": {
        "start": 787,
        "end": 802
      }
    },
    {
      "conflict_id": 16,
      "a": {
        "start": 676,
        "end": 680
      },
      "base": {
        "start": 802,
        "end": 806
      },
      "b": {
        "start": 814,
        "end": 819
      }
    },
    {
      "conflict_id": 17,
      "a": {
        "start": 685,
        "end": 685
      },
      "base": {
        "start": 811,
        "end": 835
      },
      "b": {
        "start": 824,
        "end": 848
      }
    },
    {
      "conflict_id": 18,
      "a": {
        "start": 701,
        "end": 704
      },
      "base": {
        "start": 851,
        "end": 854
      },
      "b": {
        "start": 864,
        "end": 869
      }
    },
    {
      "conflict_id": 19,
      "a": {
        "start": 724,
        "end": 727
      },
      "base": {
        "start": 874,
        "end": 877
      },
      "b": {
        "start": 889,
        "end": 893
      }
    },
    {
      "conflict_id": 20,
      "a": {
        "start": 744,
        "end": 747
      },
      "base": {
        "start": 894,
        "end": 897
      },
      "b": {
        "start": 910,
        "end": 914
      }
    },
    {
      "conflict_id": 21,
      "a": {
        "start": 792,
        "end": 795
      },
      "base": {
        "start": 942,
        "end": 945
      },
      "b": {
        "start": 959,
        "end": 963
      }
    },
    {
      "conflict_id": 22,
      "a": {
        "start": 902,
        "end": 904
      },
      "base": {
        "start": 1052,
        "end": 1054
      },
      "b": {
        "start": 1070,
        "end": 1072
      }
    },
    {
      "conflict_id": 23,
      "a": {
        "start": 982,
        "end": 986
      },
      "base": {
        "start": 1132,
        "end": 1136
      },
      "b": {
        "start": 1150,
        "end": 1155
      }
    },
    {
      "conflict_id": 24,
      "a": {
        "start": 1002,
        "end": 1005
      },
      "base": {
        "start": 1152,
        "end": 1154
      },
      "b": {
        "start": 1171,
        "end": 1174
      }
    },
    {
      "conflict_id": 25,
      "a": {
        "start": 1021,
        "end": 1024
      },
      "base": {
        "start": 1170,
        "end": 1172
      },
      "b": {
        "start": 1190,
        "end": 1193
      }
    },
    {
      "conflict_id": 26,
      "a": {
        "start": 1047,
        "end": 1048
      },
      "base": {
        "start": 1195,
        "end": 1197
      },
      "b": {
        "start": 1216,
        "end": 1220
      }
    },
    {
      "conflict_id": 27,
      "a": {
        "start": 1050,
        "end": 1050
      },
      "base": {
        "start": 1199,
        "end": 2013
      },
      "b": {
        "start": 1222,
        "end": 2226
      }
    }
  ]
}