{
  "repository_origin_url": "https://github.com/azure/azure-sdk-for-java",
  "commit_id": "9cbee840553e60bfed934583e8d2c148dfde4627",
  "commit_date": "Tue, 28 Jul 2020 23:53:26 -0700",
  "commit_message": "[FR] Added the remaining test scenario coverage cases (#13474)\n* Added the remaining test scenario coverage cases\n",
  "conflict_file_id": 37,
  "filename": "sdk/formrecognizer/azure-ai-formrecognizer/src/test/java/com/azure/ai/formrecognizer/ContentTypeDetectionTest.java",
  "last_commit_on_a": "9e546e557c5ccee0efaf8a9805f2b5068ddc0cca",
  "last_commit_on_b": "9ea60ce411df334c136c48817e0be55d8e8b928e",
  "author_info_a": {
    "name": "Shawn Fang",
    "email": "45607042+mssfang@users.noreply.github.com"
  },
  "author_info_b": {
    "name": "Sameeksha Vaity",
    "email": "savaity@microsoft.com"
  },
  "num_conflict_regions": 1,
  "conflict_region_spans": [
    {
      "conflict_id": 1,
      "a": {
        "start": 96,
        "end": 96
      },
      "base": {
        "start": 96,
        "end": 108
      },
      "b": {
        "start": 96,
        "end": 108
      }
    }
  ]
}