{
  "repository_origin_url": "https://github.com/azure/azure-sdk-for-java",
  "commit_id": "9cbee840553e60bfed934583e8d2c148dfde4627",
  "commit_date": "Wed, 1 Jul 2020 12:36:29 -0700",
  "commit_message": "Test coverage for Form Recognizer client, Part 1 (#12400)\n* Added test Scenario Coverage\n* Speed up test running time that reduced polling duration time for PLAYBACK and RECORD mode. \n* fixes: #10602 for SpotBugs found in Sample and Tests only. Source code has no spotbug issue found\n",
  "conflict_file_id": 38,
  "filename": "sdk/formrecognizer/azure-ai-formrecognizer/src/test/java/com/azure/ai/formrecognizer/FormTrainingClientBuilderUnitTest.java",
  "last_commit_on_a": "29d08bcaa00d5545fbab28b68f51142c12629a47",
  "last_commit_on_b": "1ae90cb37eed73778b12f2bc186cfb19011f7976",
  "author_info_a": {
    "name": "Shawn Fang",
    "email": "45607042+mssfang@users.noreply.github.com"
  },
  "author_info_b": {
    "name": "Alan Zimmer",
    "email": "48699787+alzimmermsft@users.noreply.github.com"
  },
  "num_conflict_regions": 1,
  "conflict_region_spans": [
    {
      "conflict_id": 1,
      "a": {
        "start": 16,
        "end": 17
      },
      "base": {
        "start": 16,
        "end": 17
      },
      "b": {
        "start": 16,
        "end": 19
      }
    }
  ]
}