{
  "repository_origin_url": "https://github.com/azure/azure-sdk-for-java",
  "commit_id": "f15061aced573f8b65f627ca8976b0dc6dfd811a",
  "commit_date": "Mon, 23 Mar 2020 18:14:00 -0700",
  "commit_message": "KV Live  Test optimizations (#9285)\n\n",
  "conflict_file_id": 3,
  "filename": "sdk/keyvault/azure-security-keyvault-keys/src/test/java/com/azure/security/keyvault/keys/cryptography/CryptographyClientTest.java",
  "last_commit_on_a": "d4d31ce941adfce59a621cad7b75af7b700f6975",
  "last_commit_on_b": "1ead73b6d6bbeeb8779c4fe38f3857a6255cf324",
  "author_info_a": {
    "name": "Vinay Gera",
    "email": "vigera@microsoft.com"
  },
  "author_info_b": {
    "name": "vcolin7",
    "email": "vicolina@microsoft.com"
  },
  "num_conflict_regions": 5,
  "conflict_region_spans": [
    {
      "conflict_id": 1,
      "a": {
        "start": 25,
        "end": 29
      },
      "base": {
        "start": 25,
        "end": 34
      },
      "b": {
        "start": 25,
        "end": 31
      }
    },
    {
      "conflict_id": 2,
      "a": {
        "start": 74,
        "end": 78
      },
      "base": {
        "start": 79,
        "end": 84
      },
      "b": {
        "start": 76,
        "end": 81
      }
    },
    {
      "conflict_id": 3,
      "a": {
        "start": 81,
        "end": 83
      },
      "base": {
        "start": 87,
        "end": 90
      },
      "b": {
        "start": 84,
        "end": 107
      }
    },
    {
      "conflict_id": 4,
      "a": {
        "start": 104,
        "end": 108
      },
      "base": {
        "start": 111,
        "end": 116
      },
      "b": {
        "start": 128,
        "end": 133
      }
    },
    {
      "conflict_id": 5,
      "a": {
        "start": 111,
        "end": 112
      },
      "base": {
        "start": 119,
        "end": 121
      },
      "b": {
        "start": 136,
        "end": 138
      }
    }
  ]
}