{
  "repository_origin_url": "https://github.com/azure/azure-sdk-for-java",
  "commit_id": "9cbee840553e60bfed934583e8d2c148dfde4627",
  "commit_date": "Tue, 11 Aug 2020 13:33:14 -0700",
  "commit_message": "Add support for per API configurable options (#13937)\n\n",
  "conflict_file_id": 41,
  "filename": "sdk/formrecognizer/azure-ai-formrecognizer/src/samples/java/com/azure/ai/formrecognizer/FormRecognizerClientJavaDocCodeSnippets.java",
  "last_commit_on_a": "0c267f4b39f215ceb8c5403ee38f17f4c7000195",
  "last_commit_on_b": "a117c851e9bc6e7dc9c5f4432fb0f4c9ca83f8b1",
  "author_info_a": {
    "name": "Sameeksha Vaity",
    "email": "savaity@microsoft.com"
  },
  "author_info_b": {
    "name": "Sameeksha Vaity",
    "email": "savaity@microsoft.com"
  },
  "num_conflict_regions": 3,
  "conflict_region_spans": [
    {
      "conflict_id": 1,
      "a": {
        "start": 7,
        "end": 7
      },
      "base": {
        "start": 7,
        "end": 8
      },
      "b": {
        "start": 7,
        "end": 9
      }
    },
    {
      "conflict_id": 2,
      "a": {
        "start": 472,
        "end": 477
      },
      "base": {
        "start": 473,
        "end": 479
      },
      "b": {
        "start": 474,
        "end": 481
      }
    },
    {
      "conflict_id": 3,
      "a": {
        "start": 526,
        "end": 526
      },
      "base": {
        "start": 528,
        "end": 909
      },
      "b": {
        "start": 530,
        "end": 1190
      }
    }
  ]
}