{
  "repository_origin_url": "https://github.com/azure/azure-sdk-for-java",
  "commit_id": "9cbee840553e60bfed934583e8d2c148dfde4627",
  "commit_date": "Tue, 9 Feb 2021 18:46:27 -0800",
  "commit_message": "Prepare Form Recognizer Feb 2021 Patch release 3.0.5 (#19103)\n\n",
  "conflict_file_id": 42,
  "filename": "sdk/formrecognizer/azure-ai-formrecognizer/src/main/java/com/azure/ai/formrecognizer/FormRecognizerAsyncClient.java",
  "last_commit_on_a": "2b6ecd18d5ecdf0957a21044238c1b19cc3a3c5a",
  "last_commit_on_b": "225c41c2adc3fca9f2ab9cf3cee1e1092e85158c",
  "author_info_a": {
    "name": "Sameeksha Vaity",
    "email": "savaity@microsoft.com"
  },
  "author_info_b": {
    "name": "Sameeksha Vaity",
    "email": "savaity@microsoft.com"
  },
  "num_conflict_regions": 15,
  "conflict_region_spans": [
    {
      "conflict_id": 1,
      "a": {
        "start": 10,
        "end": 10
      },
      "base": {
        "start": 10,
        "end": 13
      },
      "b": {
        "start": 10,
        "end": 12
      }
    },
    {
      "conflict_id": 2,
      "a": {
        "start": 20,
        "end": 20
      },
      "base": {
        "start": 23,
        "end": 25
      },
      "b": {
        "start": 22,
        "end": 25
      }
    },
    {
      "conflict_id": 3,
      "a": {
        "start": 51,
        "end": 53
      },
      "base": {
        "start": 56,
        "end": 58
      },
      "b": {
        "start": 56,
        "end": 58
      }
    },
    {
      "conflict_id": 4,
      "a": {
        "start": 140,
        "end": 145
      },
      "base": {
        "start": 145,
        "end": 152
      },
      "b": {
        "start": 145,
        "end": 155
      }
    },
    {
      "conflict_id": 5,
      "a": {
        "start": 232,
        "end": 236
      },
      "base": {
        "start": 239,
        "end": 244
      },
      "b": {
        "start": 242,
        "end": 252
      }
    },
    {
      "conflict_id": 6,
      "a": {
        "start": 307,
        "end": 308
      },
      "base": {
        "start": 315,
        "end": 321
      },
      "b": {
        "start": 323,
        "end": 333
      }
    },
    {
      "conflict_id": 7,
      "a": {
        "start": 384,
        "end": 385
      },
      "base": {
        "start": 397,
        "end": 404
      },
      "b": {
        "start": 409,
        "end": 420
      }
    },
    {
      "conflict_id": 8,
      "a": {
        "start": 455,
        "end": 457
      },
      "base": {
        "start": 474,
        "end": 477
      },
      "b": {
        "start": 490,
        "end": 494
      }
    },
    {
      "conflict_id": 9,
      "a": {
        "start": 461,
        "end": 462
      },
      "base": {
        "start": 481,
        "end": 484
      },
      "b": {
        "start": 498,
        "end": 502
      }
    },
    {
      "conflict_id": 10,
      "a": {
        "start": 541,
        "end": 543
      },
      "base": {
        "start": 563,
        "end": 566
      },
      "b": {
        "start": 581,
        "end": 585
      }
    },
    {
      "conflict_id": 11,
      "a": {
        "start": 547,
        "end": 548
      },
      "base": {
        "start": 570,
        "end": 576
      },
      "b": {
        "start": 589,
        "end": 596
      }
    },
    {
      "conflict_id": 12,
      "a": {
        "start": 556,
        "end": 558
      },
      "base": {
        "start": 584,
        "end": 763
      },
      "b": {
        "start": 604,
        "end": 787
      }
    },
    {
      "conflict_id": 13,
      "a": {
        "start": 750,
        "end": 752
      },
      "base": {
        "start": 955,
        "end": 957
      },
      "b": {
        "start": 979,
        "end": 981
      }
    },
    {
      "conflict_id": 14,
      "a": {
        "start": 842,
        "end": 842
      },
      "base": {
        "start": 1047,
        "end": 1224
      },
      "b": {
        "start": 1071,
        "end": 1252
      }
    },
    {
      "conflict_id": 15,
      "a": {
        "start": 856,
        "end": 856
      },
      "base": {
        "start": 1238,
        "end": 1248
      },
      "b": {
        "start": 1266,
        "end": 1281
      }
    }
  ]
}