{
  "repository_origin_url": "https://github.com/azure/azure-sdk-for-java",
  "commit_id": "9cbee840553e60bfed934583e8d2c148dfde4627",
  "commit_date": "Thu, 20 Aug 2020 13:07:47 -0700",
  "commit_message": "Rename bounding box model to FieldBoundingBox (#14241)\n\n",
  "conflict_file_id": 43,
  "filename": "sdk/formrecognizer/azure-ai-formrecognizer/src/test/java/com/azure/ai/formrecognizer/FormRecognizerClientBuilderTest.java",
  "last_commit_on_a": "a7c3acbd89d268dd085e05a28a8a87242dc2036e",
  "last_commit_on_b": "1ae90cb37eed73778b12f2bc186cfb19011f7976",
  "author_info_a": {
    "name": "Sameeksha Vaity",
    "email": "savaity@microsoft.com"
  },
  "author_info_b": {
    "name": "Alan Zimmer",
    "email": "48699787+alzimmermsft@users.noreply.github.com"
  },
  "num_conflict_regions": 1,
  "conflict_region_spans": [
    {
      "conflict_id": 1,
      "a": {
        "start": 117,
        "end": 120
      },
      "base": {
        "start": 117,
        "end": 120
      },
      "b": {
        "start": 117,
        "end": 122
      }
    }
  ]
}