{
  "repository_origin_url": "https://github.com/azure/azure-sdk-for-java",
  "commit_id": "9cbee840553e60bfed934583e8d2c148dfde4627",
  "commit_date": "Wed, 5 Aug 2020 16:05:23 -0700",
  "commit_message": "Update Copy Authorization to throw checked exception  (#13693)\n\n",
  "conflict_file_id": 44,
  "filename": "sdk/formrecognizer/azure-ai-formrecognizer/src/main/java/com/azure/ai/formrecognizer/models/FieldValueType.java",
  "last_commit_on_a": "30a3eb76da1b63ceb8d2dbd46eb28d6c90467953",
  "last_commit_on_b": "a117c851e9bc6e7dc9c5f4432fb0f4c9ca83f8b1",
  "author_info_a": {
    "name": "Sameeksha Vaity",
    "email": "savaity@microsoft.com"
  },
  "author_info_b": {
    "name": "Sameeksha Vaity",
    "email": "savaity@microsoft.com"
  },
  "num_conflict_regions": 1,
  "conflict_region_spans": [
    {
      "conflict_id": 1,
      "a": {
        "start": 30,
        "end": 31
      },
      "base": {
        "start": 30,
        "end": 34
      },
      "b": {
        "start": 30,
        "end": 40
      }
    }
  ]
}