{
  "repository_origin_url": "https://github.com/azure/azure-sdk-for-java",
  "commit_id": "9cbee840553e60bfed934583e8d2c148dfde4627",
  "commit_date": "Wed, 11 Nov 2020 15:18:39 -0800",
  "commit_message": "Fix error code\n\n",
  "conflict_file_id": 45,
  "filename": "sdk/formrecognizer/azure-ai-formrecognizer/src/test/java/com/azure/ai/formrecognizer/FormRecognizerAsyncClientTest.java",
  "last_commit_on_a": "c8bb8bfe75776aac67c3fd6a62f0bda5df295bc2",
  "last_commit_on_b": "225c41c2adc3fca9f2ab9cf3cee1e1092e85158c",
  "author_info_a": {
    "name": "samvaity",
    "email": "savaity@microsoft.com"
  },
  "author_info_b": {
    "name": "Sameeksha Vaity",
    "email": "savaity@microsoft.com"
  },
  "num_conflict_regions": 15,
  "conflict_region_spans": [
    {
      "conflict_id": 1,
      "a": {
        "start": 11,
        "end": 11
      },
      "base": {
        "start": 11,
        "end": 12
      },
      "b": {
        "start": 11,
        "end": 13
      }
    },
    {
      "conflict_id": 2,
      "a": {
        "start": 13,
        "end": 13
      },
      "base": {
        "start": 14,
        "end": 15
      },
      "b": {
        "start": 15,
        "end": 17
      }
    },
    {
      "conflict_id": 3,
      "a": {
        "start": 30,
        "end": 30
      },
      "base": {
        "start": 32,
        "end": 35
      },
      "b": {
        "start": 34,
        "end": 38
      }
    },
    {
      "conflict_id": 4,
      "a": {
        "start": 207,
        "end": 210
      },
      "base": {
        "start": 212,
        "end": 214
      },
      "b": {
        "start": 215,
        "end": 218
      }
    },
    {
      "conflict_id": 5,
      "a": {
        "start": 349,
        "end": 351
      },
      "base": {
        "start": 353,
        "end": 355
      },
      "b": {
        "start": 357,
        "end": 359
      }
    },
    {
      "conflict_id": 6,
      "a": {
        "start": 414,
        "end": 416
      },
      "base": {
        "start": 418,
        "end": 420
      },
      "b": {
        "start": 422,
        "end": 425
      }
    },
    {
      "conflict_id": 7,
      "a": {
        "start": 419,
        "end": 419
      },
      "base": {
        "start": 423,
        "end": 518
      },
      "b": {
        "start": 428,
        "end": 523
      }
    },
    {
      "conflict_id": 8,
      "a": {
        "start": 503,
        "end": 503
      },
      "base": {
        "start": 602,
        "end": 650
      },
      "b": {
        "start": 607,
        "end": 656
      }
    },
    {
      "conflict_id": 9,
      "a": {
        "start": 737,
        "end": 742
      },
      "base": {
        "start": 884,
        "end": 889
      },
      "b": {
        "start": 890,
        "end": 896
      }
    },
    {
      "conflict_id": 10,
      "a": {
        "start": 747,
        "end": 747
      },
      "base": {
        "start": 894,
        "end": 920
      },
      "b": {
        "start": 901,
        "end": 927
      }
    },
    {
      "conflict_id": 11,
      "a": {
        "start": 1078,
        "end": 1082
      },
      "base": {
        "start": 1251,
        "end": 1255
      },
      "b": {
        "start": 1258,
        "end": 1263
      }
    },
    {
      "conflict_id": 12,
      "a": {
        "start": 1098,
        "end": 1101
      },
      "base": {
        "start": 1271,
        "end": 1273
      },
      "b": {
        "start": 1279,
        "end": 1282
      }
    },
    {
      "conflict_id": 13,
      "a": {
        "start": 1116,
        "end": 1120
      },
      "base": {
        "start": 1288,
        "end": 1291
      },
      "b": {
        "start": 1297,
        "end": 1302
      }
    },
    {
      "conflict_id": 14,
      "a": {
        "start": 1144,
        "end": 1145
      },
      "base": {
        "start": 1315,
        "end": 1316
      },
      "b": {
        "start": 1326,
        "end": 1330
      }
    },
    {
      "conflict_id": 15,
      "a": {
        "start": 1147,
        "end": 1147
      },
      "base": {
        "start": 1318,
        "end": 1856
      },
      "b": {
        "start": 1332,
        "end": 2175
      }
    }
  ]
}