{
  "repository_origin_url": "https://github.com/azure/azure-sdk-for-java",
  "commit_id": "9cbee840553e60bfed934583e8d2c148dfde4627",
  "commit_date": "Tue, 11 Aug 2020 13:33:14 -0700",
  "commit_message": "Add support for per API configurable options (#13937)\n\n",
  "conflict_file_id": 46,
  "filename": "sdk/formrecognizer/azure-ai-formrecognizer/src/main/java/com/azure/ai/formrecognizer/implementation/Utility.java",
  "last_commit_on_a": "0c267f4b39f215ceb8c5403ee38f17f4c7000195",
  "last_commit_on_b": "9ea60ce411df334c136c48817e0be55d8e8b928e",
  "author_info_a": {
    "name": "Sameeksha Vaity",
    "email": "savaity@microsoft.com"
  },
  "author_info_b": {
    "name": "Sameeksha Vaity",
    "email": "savaity@microsoft.com"
  },
  "num_conflict_regions": 2,
  "conflict_region_spans": [
    {
      "conflict_id": 1,
      "a": {
        "start": 6,
        "end": 7
      },
      "base": {
        "start": 6,
        "end": 8
      },
      "b": {
        "start": 6,
        "end": 8
      }
    },
    {
      "conflict_id": 2,
      "a": {
        "start": 58,
        "end": 59
      },
      "base": {
        "start": 59,
        "end": 62
      },
      "b": {
        "start": 59,
        "end": 62
      }
    }
  ]
}