{
  "repository_origin_url": "https://github.com/azure/azure-sdk-for-java",
  "commit_id": "9cbee840553e60bfed934583e8d2c148dfde4627",
  "commit_date": "Tue, 9 Feb 2021 18:46:27 -0800",
  "commit_message": "Prepare Form Recognizer Feb 2021 Patch release 3.0.5 (#19103)\n\n",
  "conflict_file_id": 48,
  "filename": "sdk/formrecognizer/azure-ai-formrecognizer/src/main/java/com/azure/ai/formrecognizer/FormRecognizerClient.java",
  "last_commit_on_a": "2b6ecd18d5ecdf0957a21044238c1b19cc3a3c5a",
  "last_commit_on_b": "a117c851e9bc6e7dc9c5f4432fb0f4c9ca83f8b1",
  "author_info_a": {
    "name": "Sameeksha Vaity",
    "email": "savaity@microsoft.com"
  },
  "author_info_b": {
    "name": "Sameeksha Vaity",
    "email": "savaity@microsoft.com"
  },
  "num_conflict_regions": 2,
  "conflict_region_spans": [
    {
      "conflict_id": 1,
      "a": {
        "start": 11,
        "end": 11
      },
      "base": {
        "start": 11,
        "end": 12
      },
      "b": {
        "start": 11,
        "end": 13
      }
    },
    {
      "conflict_id": 2,
      "a": {
        "start": 363,
        "end": 363
      },
      "base": {
        "start": 364,
        "end": 577
      },
      "b": {
        "start": 365,
        "end": 685
      }
    }
  ]
}