{
  "repository_origin_url": "https://github.com/azure/azure-sdk-for-java",
  "commit_id": "9cbee840553e60bfed934583e8d2c148dfde4627",
  "commit_date": "Fri, 7 Aug 2020 16:55:08 -0700",
  "commit_message": "Update to switch to GA v2.0 endpoint (#13421)\n\n",
  "conflict_file_id": 49,
  "filename": "sdk/formrecognizer/azure-ai-formrecognizer/src/main/java/com/azure/ai/formrecognizer/FormRecognizerServiceVersion.java",
  "last_commit_on_a": "c01d80bb0972ea05efe53236f9a5ec4213f24887",
  "last_commit_on_b": "9ea60ce411df334c136c48817e0be55d8e8b928e",
  "author_info_a": {
    "name": "Sameeksha Vaity",
    "email": "savaity@microsoft.com"
  },
  "author_info_b": {
    "name": "Sameeksha Vaity",
    "email": "savaity@microsoft.com"
  },
  "num_conflict_regions": 2,
  "conflict_region_spans": [
    {
      "conflict_id": 1,
      "a": {
        "start": 12,
        "end": 13
      },
      "base": {
        "start": 12,
        "end": 15
      },
      "b": {
        "start": 12,
        "end": 16
      }
    },
    {
      "conflict_id": 2,
      "a": {
        "start": 34,
        "end": 35
      },
      "base": {
        "start": 36,
        "end": 37
      },
      "b": {
        "start": 37,
        "end": 38
      }
    }
  ]
}