{
  "repository_origin_url": "https://github.com/azure/azure-sdk-for-java",
  "commit_id": "f15061aced573f8b65f627ca8976b0dc6dfd811a",
  "commit_date": "Mon, 28 Oct 2019 17:51:35 -0700",
  "commit_message": "KV README + docs updates (#6061)\nKV Readme + Javadocs updates\n\n",
  "conflict_file_id": 4,
  "filename": "sdk/keyvault/azure-security-keyvault-keys/src/main/java/com/azure/security/keyvault/keys/models/ImportKeyOptions.java",
  "last_commit_on_a": "2296ce2bf8e61ff835da31685baaf8ac3b35ef76",
  "last_commit_on_b": "0bf53c07d62f3456042f55bb379f1efadf002384",
  "author_info_a": {
    "name": "Vinay Gera",
    "email": "vigera@microsoft.com"
  },
  "author_info_b": {
    "name": "vcolin7",
    "email": "vicolina@microsoft.com"
  },
  "num_conflict_regions": 1,
  "conflict_region_spans": [
    {
      "conflict_id": 1,
      "a": {
        "start": 94,
        "end": 94
      },
      "base": {
        "start": 94,
        "end": 118
      },
      "b": {
        "start": 94,
        "end": 108
      }
    }
  ]
}