{
  "repository_origin_url": "https://github.com/azure/azure-sdk-for-java",
  "commit_id": "9cbee840553e60bfed934583e8d2c148dfde4627",
  "commit_date": "Tue, 2 Jun 2020 14:42:16 -0700",
  "commit_message": "Support Copy API Form recognizer (#11403)\n\n",
  "conflict_file_id": 50,
  "filename": "sdk/formrecognizer/azure-ai-formrecognizer/src/main/java/com/azure/ai/formrecognizer/implementation/models/FieldValue.java",
  "last_commit_on_a": "5d9c370b3576cdbc2a4e375ad9850cff7d7bf13b",
  "last_commit_on_b": "a117c851e9bc6e7dc9c5f4432fb0f4c9ca83f8b1",
  "author_info_a": {
    "name": "Sameeksha Vaity",
    "email": "savaity@microsoft.com"
  },
  "author_info_b": {
    "name": "Sameeksha Vaity",
    "email": "savaity@microsoft.com"
  },
  "num_conflict_regions": 2,
  "conflict_region_spans": [
    {
      "conflict_id": 1,
      "a": {
        "start": 71,
        "end": 71
      },
      "base": {
        "start": 71,
        "end": 77
      },
      "b": {
        "start": 71,
        "end": 89
      }
    },
    {
      "conflict_id": 2,
      "a": {
        "start": 282,
        "end": 282
      },
      "base": {
        "start": 288,
        "end": 308
      },
      "b": {
        "start": 300,
        "end": 360
      }
    }
  ]
}