{
  "repository_origin_url": "https://github.com/azure/azure-sdk-for-java",
  "commit_id": "9cbee840553e60bfed934583e8d2c148dfde4627",
  "commit_date": "Tue, 9 Feb 2021 18:46:27 -0800",
  "commit_message": "Prepare Form Recognizer Feb 2021 Patch release 3.0.5 (#19103)\n\n",
  "conflict_file_id": 51,
  "filename": "sdk/formrecognizer/azure-ai-formrecognizer/src/main/java/com/azure/ai/formrecognizer/implementation/FormRecognizerClientImpl.java",
  "last_commit_on_a": "2b6ecd18d5ecdf0957a21044238c1b19cc3a3c5a",
  "last_commit_on_b": "9ea60ce411df334c136c48817e0be55d8e8b928e",
  "author_info_a": {
    "name": "Sameeksha Vaity",
    "email": "savaity@microsoft.com"
  },
  "author_info_b": {
    "name": "Sameeksha Vaity",
    "email": "savaity@microsoft.com"
  },
  "num_conflict_regions": 111,
  "conflict_region_spans": [
    {
      "conflict_id": 1,
      "a": {
        "start": 7,
        "end": 7
      },
      "base": {
        "start": 7,
        "end": 9
      },
      "b": {
        "start": 7,
        "end": 10
      }
    },
    {
      "conflict_id": 2,
      "a": {
        "start": 141,
        "end": 142
      },
      "base": {
        "start": 143,
        "end": 144
      },
      "b": {
        "start": 144,
        "end": 145
      }
    },
    {
      "conflict_id": 3,
      "a": {
        "start": 222,
        "end": 223
      },
      "base": {
        "start": 224,
        "end": 300
      },
      "b": {
        "start": 225,
        "end": 305
      }
    },
    {
      "conflict_id": 4,
      "a": {
        "start": 263,
        "end": 264
      },
      "base": {
        "start": 340,
        "end": 342
      },
      "b": {
        "start": 345,
        "end": 348
      }
    },
    {
      "conflict_id": 5,
      "a": {
        "start": 274,
        "end": 274
      },
      "base": {
        "start": 352,
        "end": 353
      },
      "b": {
        "start": 358,
        "end": 360
      }
    },
    {
      "conflict_id": 6,
      "a": {
        "start": 288,
        "end": 289
      },
      "base": {
        "start": 367,
        "end": 370
      },
      "b": {
        "start": 374,
        "end": 378
      }
    },
    {
      "conflict_id": 7,
      "a": {
        "start": 298,
        "end": 298
      },
      "base": {
        "start": 379,
        "end": 381
      },
      "b": {
        "start": 387,
        "end": 390
      }
    },
    {
      "conflict_id": 8,
      "a": {
        "start": 659,
        "end": 661
      },
      "base": {
        "start": 742,
        "end": 744
      },
      "b": {
        "start": 751,
        "end": 753
      }
    },
    {
      "conflict_id": 9,
      "a": {
        "start": 676,
        "end": 677
      },
      "base": {
        "start": 759,
        "end": 761
      },
      "b": {
        "start": 768,
        "end": 773
      }
    },
    {
      "conflict_id": 10,
      "a": {
        "start": 697,
        "end": 699
      },
      "base": {
        "start": 781,
        "end": 783
      },
      "b": {
        "start": 793,
        "end": 795
      }
    },
    {
      "conflict_id": 11,
      "a": {
        "start": 718,
        "end": 718
      },
      "base": {
        "start": 802,
        "end": 803
      },
      "b": {
        "start": 814,
        "end": 817
      }
    },
    {
      "conflict_id": 12,
      "a": {
        "start": 719,
        "end": 720
      },
      "base": {
        "start": 804,
        "end": 812
      },
      "b": {
        "start": 818,
        "end": 827
      }
    },
    {
      "conflict_id": 13,
      "a": {
        "start": 729,
        "end": 731
      },
      "base": {
        "start": 821,
        "end": 823
      },
      "b": {
        "start": 836,
        "end": 838
      }
    },
    {
      "conflict_id": 14,
      "a": {
        "start": 760,
        "end": 762
      },
      "base": {
        "start": 852,
        "end": 854
      },
      "b": {
        "start": 867,
        "end": 869
      }
    },
    {
      "conflict_id": 15,
      "a": {
        "start": 793,
        "end": 795
      },
      "base": {
        "start": 885,
        "end": 887
      },
      "b": {
        "start": 900,
        "end": 902
      }
    },
    {
      "conflict_id": 16,
      "a": {
        "start": 821,
        "end": 823
      },
      "base": {
        "start": 913,
        "end": 915
      },
      "b": {
        "start": 928,
        "end": 930
      }
    },
    {
      "conflict_id": 17,
      "a": {
        "start": 841,
        "end": 842
      },
      "base": {
        "start": 933,
        "end": 935
      },
      "b": {
        "start": 948,
        "end": 950
      }
    },
    {
      "conflict_id": 18,
      "a": {
        "start": 853,
        "end": 854
      },
      "base": {
        "start": 946,
        "end": 947
      },
      "b": {
        "start": 961,
        "end": 964
      }
    },
    {
      "conflict_id": 19,
      "a": {
        "start": 861,
        "end": 862
      },
      "base": {
        "start": 954,
        "end": 956
      },
      "b": {
        "start": 971,
        "end": 975
      }
    },
    {
      "conflict_id": 20,
      "a": {
        "start": 865,
        "end": 866
      },
      "base": {
        "start": 959,
        "end": 960
      },
      "b": {
        "start": 978,
        "end": 985
      }
    },
    {
      "conflict_id": 21,
      "a": {
        "start": 876,
        "end": 877
      },
      "base": {
        "start": 970,
        "end": 971
      },
      "b": {
        "start": 995,
        "end": 998
      }
    },
    {
      "conflict_id": 22,
      "a": {
        "start": 885,
        "end": 887
      },
      "base": {
        "start": 979,
        "end": 983
      },
      "b": {
        "start": 1006,
        "end": 1012
      }
    },
    {
      "conflict_id": 23,
      "a": {
        "start": 897,
        "end": 898
      },
      "base": {
        "start": 993,
        "end": 994
      },
      "b": {
        "start": 1022,
        "end": 1025
      }
    },
    {
      "conflict_id": 24,
      "a": {
        "start": 918,
        "end": 919
      },
      "base": {
        "start": 1014,
        "end": 1015
      },
      "b": {
        "start": 1045,
        "end": 1048
      }
    },
    {
      "conflict_id": 25,
      "a": {
        "start": 940,
        "end": 941
      },
      "base": {
        "start": 1036,
        "end": 1037
      },
      "b": {
        "start": 1069,
        "end": 1072
      }
    },
    {
      "conflict_id": 26,
      "a": {
        "start": 959,
        "end": 960
      },
      "base": {
        "start": 1055,
        "end": 1056
      },
      "b": {
        "start": 1090,
        "end": 1093
      }
    },
    {
      "conflict_id": 27,
      "a": {
        "start": 966,
        "end": 969
      },
      "base": {
        "start": 1062,
        "end": 1065
      },
      "b": {
        "start": 1099,
        "end": 1102
      }
    },
    {
      "conflict_id": 28,
      "a": {
        "start": 1390,
        "end": 1393
      },
      "base": {
        "start": 1486,
        "end": 1505
      },
      "b": {
        "start": 1523,
        "end": 1542
      }
    },
    {
      "conflict_id": 29,
      "a": {
        "start": 1394,
        "end": 1396
      },
      "base": {
        "start": 1506,
        "end": 1508
      },
      "b": {
        "start": 1543,
        "end": 1545
      }
    },
    {
      "conflict_id": 30,
      "a": {
        "start": 1398,
        "end": 1398
      },
      "base": {
        "start": 1510,
        "end": 1512
      },
      "b": {
        "start": 1547,
        "end": 1551
      }
    },
    {
      "conflict_id": 31,
      "a": {
        "start": 1404,
        "end": 1406
      },
      "base": {
        "start": 1518,
        "end": 1525
      },
      "b": {
        "start": 1557,
        "end": 1567
      }
    },
    {
      "conflict_id": 32,
      "a": {
        "start": 1411,
        "end": 1411
      },
      "base": {
        "start": 1530,
        "end": 1531
      },
      "b": {
        "start": 1572,
        "end": 1574
      }
    },
    {
      "conflict_id": 33,
      "a": {
        "start": 1418,
        "end": 1421
      },
      "base": {
        "start": 1538,
        "end": 1541
      },
      "b": {
        "start": 1581,
        "end": 1584
      }
    },
    {
      "conflict_id": 34,
      "a": {
        "start": 1422,
        "end": 1424
      },
      "base": {
        "start": 1542,
        "end": 1544
      },
      "b": {
        "start": 1585,
        "end": 1587
      }
    },
    {
      "conflict_id": 35,
      "a": {
        "start": 1426,
        "end": 1426
      },
      "base": {
        "start": 1546,
        "end": 1548
      },
      "b": {
        "start": 1589,
        "end": 1593
      }
    },
    {
      "conflict_id": 36,
      "a": {
        "start": 1433,
        "end": 1435
      },
      "base": {
        "start": 1555,
        "end": 1557
      },
      "b": {
        "start": 1600,
        "end": 1602
      }
    },
    {
      "conflict_id": 37,
      "a": {
        "start": 1438,
        "end": 1438
      },
      "base": {
        "start": 1560,
        "end": 1561
      },
      "b": {
        "start": 1605,
        "end": 1607
      }
    },
    {
      "conflict_id": 38,
      "a": {
        "start": 1439,
        "end": 1441
      },
      "base": {
        "start": 1562,
        "end": 1572
      },
      "b": {
        "start": 1608,
        "end": 1621
      }
    },
    {
      "conflict_id": 39,
      "a": {
        "start": 1444,
        "end": 1447
      },
      "base": {
        "start": 1575,
        "end": 1578
      },
      "b": {
        "start": 1624,
        "end": 1627
      }
    },
    {
      "conflict_id": 40,
      "a": {
        "start": 1448,
        "end": 1450
      },
      "base": {
        "start": 1579,
        "end": 1581
      },
      "b": {
        "start": 1628,
        "end": 1630
      }
    },
    {
      "conflict_id": 41,
      "a": {
        "start": 1452,
        "end": 1452
      },
      "base": {
        "start": 1583,
        "end": 1585
      },
      "b": {
        "start": 1632,
        "end": 1636
      }
    },
    {
      "conflict_id": 42,
      "a": {
        "start": 1458,
        "end": 1462
      },
      "base": {
        "start": 1591,
        "end": 1600
      },
      "b": {
        "start": 1642,
        "end": 1652
      }
    },
    {
      "conflict_id": 43,
      "a": {
        "start": 1465,
        "end": 1468
      },
      "base": {
        "start": 1603,
        "end": 1606
      },
      "b": {
        "start": 1655,
        "end": 1658
      }
    },
    {
      "conflict_id": 44,
      "a": {
        "start": 1469,
        "end": 1471
      },
      "base": {
        "start": 1607,
        "end": 1609
      },
      "b": {
        "start": 1659,
        "end": 1661
      }
    },
    {
      "conflict_id": 45,
      "a": {
        "start": 1473,
        "end": 1473
      },
      "base": {
        "start": 1611,
        "end": 1613
      },
      "b": {
        "start": 1663,
        "end": 1667
      }
    },
    {
      "conflict_id": 46,
      "a": {
        "start": 1480,
        "end": 1482
      },
      "base": {
        "start": 1620,
        "end": 1622
      },
      "b": {
        "start": 1674,
        "end": 1676
      }
    },
    {
      "conflict_id": 47,
      "a": {
        "start": 1485,
        "end": 1485
      },
      "base": {
        "start": 1625,
        "end": 1626
      },
      "b": {
        "start": 1679,
        "end": 1681
      }
    },
    {
      "conflict_id": 48,
      "a": {
        "start": 1486,
        "end": 1488
      },
      "base": {
        "start": 1627,
        "end": 1630
      },
      "b": {
        "start": 1682,
        "end": 1685
      }
    },
    {
      "conflict_id": 49,
      "a": {
        "start": 1491,
        "end": 1494
      },
      "base": {
        "start": 1633,
        "end": 1636
      },
      "b": {
        "start": 1688,
        "end": 1691
      }
    },
    {
      "conflict_id": 50,
      "a": {
        "start": 1495,
        "end": 1497
      },
      "base": {
        "start": 1637,
        "end": 1639
      },
      "b": {
        "start": 1692,
        "end": 1694
      }
    },
    {
      "conflict_id": 51,
      "a": {
        "start": 1499,
        "end": 1499
      },
      "base": {
        "start": 1641,
        "end": 1643
      },
      "b": {
        "start": 1696,
        "end": 1700
      }
    },
    {
      "conflict_id": 52,
      "a": {
        "start": 1504,
        "end": 1507
      },
      "base": {
        "start": 1648,
        "end": 1655
      },
      "b": {
        "start": 1705,
        "end": 1714
      }
    },
    {
      "conflict_id": 53,
      "a": {
        "start": 1510,
        "end": 1513
      },
      "base": {
        "start": 1658,
        "end": 1661
      },
      "b": {
        "start": 1717,
        "end": 1720
      }
    },
    {
      "conflict_id": 54,
      "a": {
        "start": 1514,
        "end": 1516
      },
      "base": {
        "start": 1662,
        "end": 1664
      },
      "b": {
        "start": 1721,
        "end": 1723
      }
    },
    {
      "conflict_id": 55,
      "a": {
        "start": 1518,
        "end": 1518
      },
      "base": {
        "start": 1666,
        "end": 1668
      },
      "b": {
        "start": 1725,
        "end": 1729
      }
    },
    {
      "conflict_id": 56,
      "a": {
        "start": 1524,
        "end": 1526
      },
      "base": {
        "start": 1674,
        "end": 1676
      },
      "b": {
        "start": 1735,
        "end": 1737
      }
    },
    {
      "conflict_id": 57,
      "a": {
        "start": 1529,
        "end": 1529
      },
      "base": {
        "start": 1679,
        "end": 1680
      },
      "b": {
        "start": 1740,
        "end": 1742
      }
    },
    {
      "conflict_id": 58,
      "a": {
        "start": 1530,
        "end": 1531
      },
      "base": {
        "start": 1681,
        "end": 1684
      },
      "b": {
        "start": 1743,
        "end": 1746
      }
    },
    {
      "conflict_id": 59,
      "a": {
        "start": 1534,
        "end": 1537
      },
      "base": {
        "start": 1687,
        "end": 1690
      },
      "b": {
        "start": 1749,
        "end": 1752
      }
    },
    {
      "conflict_id": 60,
      "a": {
        "start": 1539,
        "end": 1540
      },
      "base": {
        "start": 1692,
        "end": 1695
      },
      "b": {
        "start": 1754,
        "end": 1759
      }
    },
    {
      "conflict_id": 61,
      "a": {
        "start": 1546,
        "end": 1548
      },
      "base": {
        "start": 1701,
        "end": 1704
      },
      "b": {
        "start": 1765,
        "end": 1770
      }
    },
    {
      "conflict_id": 62,
      "a": {
        "start": 1549,
        "end": 1550
      },
      "base": {
        "start": 1705,
        "end": 1708
      },
      "b": {
        "start": 1771,
        "end": 1780
      }
    },
    {
      "conflict_id": 63,
      "a": {
        "start": 1553,
        "end": 1556
      },
      "base": {
        "start": 1711,
        "end": 1714
      },
      "b": {
        "start": 1783,
        "end": 1786
      }
    },
    {
      "conflict_id": 64,
      "a": {
        "start": 1558,
        "end": 1559
      },
      "base": {
        "start": 1716,
        "end": 1719
      },
      "b": {
        "start": 1788,
        "end": 1793
      }
    },
    {
      "conflict_id": 65,
      "a": {
        "start": 1566,
        "end": 1569
      },
      "base": {
        "start": 1726,
        "end": 1731
      },
      "b": {
        "start": 1800,
        "end": 1807
      }
    },
    {
      "conflict_id": 66,
      "a": {
        "start": 1572,
        "end": 1575
      },
      "base": {
        "start": 1734,
        "end": 1737
      },
      "b": {
        "start": 1810,
        "end": 1813
      }
    },
    {
      "conflict_id": 67,
      "a": {
        "start": 1577,
        "end": 1578
      },
      "base": {
        "start": 1739,
        "end": 1742
      },
      "b": {
        "start": 1815,
        "end": 1820
      }
    },
    {
      "conflict_id": 68,
      "a": {
        "start": 1584,
        "end": 1587
      },
      "base": {
        "start": 1748,
        "end": 1751
      },
      "b": {
        "start": 1826,
        "end": 1830
      }
    },
    {
      "conflict_id": 69,
      "a": {
        "start": 1590,
        "end": 1593
      },
      "base": {
        "start": 1754,
        "end": 1757
      },
      "b": {
        "start": 1833,
        "end": 1836
      }
    },
    {
      "conflict_id": 70,
      "a": {
        "start": 1595,
        "end": 1596
      },
      "base": {
        "start": 1759,
        "end": 1762
      },
      "b": {
        "start": 1838,
        "end": 1843
      }
    },
    {
      "conflict_id": 71,
      "a": {
        "start": 1603,
        "end": 1606
      },
      "base": {
        "start": 1769,
        "end": 1773
      },
      "b": {
        "start": 1850,
        "end": 1854
      }
    },
    {
      "conflict_id": 72,
      "a": {
        "start": 1609,
        "end": 1612
      },
      "base": {
        "start": 1776,
        "end": 1779
      },
      "b": {
        "start": 1857,
        "end": 1860
      }
    },
    {
      "conflict_id": 73,
      "a": {
        "start": 1614,
        "end": 1615
      },
      "base": {
        "start": 1781,
        "end": 1784
      },
      "b": {
        "start": 1862,
        "end": 1867
      }
    },
    {
      "conflict_id": 74,
      "a": {
        "start": 1620,
        "end": 1622
      },
      "base": {
        "start": 1789,
        "end": 1791
      },
      "b": {
        "start": 1872,
        "end": 1875
      }
    },
    {
      "conflict_id": 75,
      "a": {
        "start": 1625,
        "end": 1628
      },
      "base": {
        "start": 1794,
        "end": 1797
      },
      "b": {
        "start": 1878,
        "end": 1881
      }
    },
    {
      "conflict_id": 76,
      "a": {
        "start": 1630,
        "end": 1631
      },
      "base": {
        "start": 1799,
        "end": 1802
      },
      "b": {
        "start": 1883,
        "end": 1888
      }
    },
    {
      "conflict_id": 77,
      "a": {
        "start": 1637,
        "end": 1639
      },
      "base": {
        "start": 1808,
        "end": 1811
      },
      "b": {
        "start": 1894,
        "end": 1898
      }
    },
    {
      "conflict_id": 78,
      "a": {
        "start": 1746,
        "end": 1749
      },
      "base": {
        "start": 1918,
        "end": 1921
      },
      "b": {
        "start": 2005,
        "end": 2008
      }
    },
    {
      "conflict_id": 79,
      "a": {
        "start": 1750,
        "end": 1752
      },
      "base": {
        "start": 1922,
        "end": 1924
      },
      "b": {
        "start": 2009,
        "end": 2011
      }
    },
    {
      "conflict_id": 80,
      "a": {
        "start": 1753,
        "end": 1753
      },
      "base": {
        "start": 1925,
        "end": 1928
      },
      "b": {
        "start": 2012,
        "end": 2017
      }
    },
    {
      "conflict_id": 81,
      "a": {
        "start": 1759,
        "end": 1761
      },
      "base": {
        "start": 1934,
        "end": 1941
      },
      "b": {
        "start": 2023,
        "end": 2033
      }
    },
    {
      "conflict_id": 82,
      "a": {
        "start": 1763,
        "end": 1765
      },
      "base": {
        "start": 1943,
        "end": 1952
      },
      "b": {
        "start": 2035,
        "end": 2045
      }
    },
    {
      "conflict_id": 83,
      "a": {
        "start": 1768,
        "end": 1771
      },
      "base": {
        "start": 1955,
        "end": 1958
      },
      "b": {
        "start": 2048,
        "end": 2051
      }
    },
    {
      "conflict_id": 84,
      "a": {
        "start": 1772,
        "end": 1774
      },
      "base": {
        "start": 1959,
        "end": 1961
      },
      "b": {
        "start": 2052,
        "end": 2054
      }
    },
    {
      "conflict_id": 85,
      "a": {
        "start": 1775,
        "end": 1775
      },
      "base": {
        "start": 1962,
        "end": 1965
      },
      "b": {
        "start": 2055,
        "end": 2060
      }
    },
    {
      "conflict_id": 86,
      "a": {
        "start": 1782,
        "end": 1785
      },
      "base": {
        "start": 1972,
        "end": 1989
      },
      "b": {
        "start": 2067,
        "end": 2088
      }
    },
    {
      "conflict_id": 87,
      "a": {
        "start": 1788,
        "end": 1791
      },
      "base": {
        "start": 1992,
        "end": 1995
      },
      "b": {
        "start": 2091,
        "end": 2094
      }
    },
    {
      "conflict_id": 88,
      "a": {
        "start": 1792,
        "end": 1794
      },
      "base": {
        "start": 1996,
        "end": 1998
      },
      "b": {
        "start": 2095,
        "end": 2097
      }
    },
    {
      "conflict_id": 89,
      "a": {
        "start": 1795,
        "end": 1795
      },
      "base": {
        "start": 1999,
        "end": 2851
      },
      "b": {
        "start": 2098,
        "end": 3519
      }
    },
    {
      "conflict_id": 90,
      "a": {
        "start": 1802,
        "end": 1804
      },
      "base": {
        "start": 2858,
        "end": 2864
      },
      "b": {
        "start": 3526,
        "end": 3534
      }
    },
    {
      "conflict_id": 91,
      "a": {
        "start": 1812,
        "end": 1814
      },
      "base": {
        "start": 2872,
        "end": 2874
      },
      "b": {
        "start": 3542,
        "end": 3544
      }
    },
    {
      "conflict_id": 92,
      "a": {
        "start": 1815,
        "end": 1815
      },
      "base": {
        "start": 2875,
        "end": 2882
      },
      "b": {
        "start": 3545,
        "end": 3565
      }
    },
    {
      "conflict_id": 93,
      "a": {
        "start": 1823,
        "end": 1825
      },
      "base": {
        "start": 2890,
        "end": 2897
      },
      "b": {
        "start": 3573,
        "end": 3582
      }
    },
    {
      "conflict_id": 94,
      "a": {
        "start": 1833,
        "end": 1835
      },
      "base": {
        "start": 2905,
        "end": 2907
      },
      "b": {
        "start": 3590,
        "end": 3592
      }
    },
    {
      "conflict_id": 95,
      "a": {
        "start": 1836,
        "end": 1836
      },
      "base": {
        "start": 2908,
        "end": 2915
      },
      "b": {
        "start": 3593,
        "end": 3613
      }
    },
    {
      "conflict_id": 96,
      "a": {
        "start": 1841,
        "end": 1843
      },
      "base": {
        "start": 2920,
        "end": 2927
      },
      "b": {
        "start": 3618,
        "end": 3626
      }
    },
    {
      "conflict_id": 97,
      "a": {
        "start": 1850,
        "end": 1852
      },
      "base": {
        "start": 2934,
        "end": 2936
      },
      "b": {
        "start": 3633,
        "end": 3635
      }
    },
    {
      "conflict_id": 98,
      "a": {
        "start": 1853,
        "end": 1853
      },
      "base": {
        "start": 2937,
        "end": 2944
      },
      "b": {
        "start": 3636,
        "end": 3656
      }
    },
    {
      "conflict_id": 99,
      "a": {
        "start": 1859,
        "end": 1862
      },
      "base": {
        "start": 2950,
        "end": 2959
      },
      "b": {
        "start": 3662,
        "end": 3673
      }
    },
    {
      "conflict_id": 100,
      "a": {
        "start": 1869,
        "end": 1870
      },
      "base": {
        "start": 2966,
        "end": 2974
      },
      "b": {
        "start": 3680,
        "end": 3701
      }
    },
    {
      "conflict_id": 101,
      "a": {
        "start": 1876,
        "end": 1878
      },
      "base": {
        "start": 2980,
        "end": 2989
      },
      "b": {
        "start": 3707,
        "end": 3722
      }
    },
    {
      "conflict_id": 102,
      "a": {
        "start": 1885,
        "end": 1886
      },
      "base": {
        "start": 2996,
        "end": 3004
      },
      "b": {
        "start": 3729,
        "end": 3750
      }
    },
    {
      "conflict_id": 103,
      "a": {
        "start": 1894,
        "end": 1896
      },
      "base": {
        "start": 3012,
        "end": 3017
      },
      "b": {
        "start": 3758,
        "end": 3764
      }
    },
    {
      "conflict_id": 104,
      "a": {
        "start": 1903,
        "end": 1904
      },
      "base": {
        "start": 3024,
        "end": 3032
      },
      "b": {
        "start": 3771,
        "end": 3792
      }
    },
    {
      "conflict_id": 105,
      "a": {
        "start": 1910,
        "end": 1912
      },
      "base": {
        "start": 3038,
        "end": 3040
      },
      "b": {
        "start": 3798,
        "end": 3801
      }
    },
    {
      "conflict_id": 106,
      "a": {
        "start": 1920,
        "end": 1921
      },
      "base": {
        "start": 3048,
        "end": 3056
      },
      "b": {
        "start": 3809,
        "end": 3830
      }
    },
    {
      "conflict_id": 107,
      "a": {
        "start": 1928,
        "end": 1930
      },
      "base": {
        "start": 3063,
        "end": 3066
      },
      "b": {
        "start": 3837,
        "end": 3840
      }
    },
    {
      "conflict_id": 108,
      "a": {
        "start": 1938,
        "end": 1939
      },
      "base": {
        "start": 3074,
        "end": 3082
      },
      "b": {
        "start": 3848,
        "end": 3869
      }
    },
    {
      "conflict_id": 109,
      "a": {
        "start": 1944,
        "end": 1946
      },
      "base": {
        "start": 3087,
        "end": 3089
      },
      "b": {
        "start": 3874,
        "end": 3877
      }
    },
    {
      "conflict_id": 110,
      "a": {
        "start": 1953,
        "end": 1954
      },
      "base": {
        "start": 3096,
        "end": 3104
      },
      "b": {
        "start": 3884,
        "end": 3905
      }
    },
    {
      "conflict_id": 111,
      "a": {
        "start": 1960,
        "end": 1962
      },
      "base": {
        "start": 3110,
        "end": 3113
      },
      "b": {
        "start": 3911,
        "end": 3914
      }
    }
  ]
}