{
  "repository_origin_url": "https://github.com/azure/azure-sdk-for-java",
  "commit_id": "f802815f48ebc93c909010ad2518cd8c8394c9f9",
  "commit_date": "Wed, 11 Nov 2020 17:09:10 -0800",
  "commit_message": "rebased to afe7b5964710686a53aa5dbe6839d5429eab85db and upgrade to v5.0.0 (#13548) (#17496)\n* rebased to afe7b5964710686a53aa5dbe6839d5429eab85db and upgrade to v5.0.0\n",
  "conflict_file_id": 53,
  "filename": "sdk/textanalytics/azure-ai-textanalytics/src/test/java/com/azure/ai/textanalytics/TextAnalyticsAsyncClientTest.java",
  "last_commit_on_a": "86a6443b420c7033ce7523f22f948d94bdbf6fa2",
  "last_commit_on_b": "1ae90cb37eed73778b12f2bc186cfb19011f7976",
  "author_info_a": {
    "name": "Shawn Fang",
    "email": "45607042+mssfang@users.noreply.github.com"
  },
  "author_info_b": {
    "name": "Alan Zimmer",
    "email": "48699787+alzimmermsft@users.noreply.github.com"
  },
  "num_conflict_regions": 1,
  "conflict_region_spans": [
    {
      "conflict_id": 1,
      "a": {
        "start": 685,
        "end": 685
      },
      "base": {
        "start": 685,
        "end": 2218
      },
      "b": {
        "start": 685,
        "end": 2220
      }
    }
  ]
}