{
  "repository_origin_url": "https://github.com/azure/azure-sdk-for-java",
  "commit_id": "b0079affb2578926ad79c2629cdb28a9beaae077",
  "commit_date": "Tue, 9 Mar 2021 09:34:19 -0800",
  "commit_message": "fix checkstyle\n\n",
  "conflict_file_id": 56,
  "filename": "sdk/identity/azure-identity/src/main/java/com/azure/identity/implementation/IdentityClient.java",
  "last_commit_on_a": "4da96b4491e236325a878c5bfcd74b338d17a687",
  "last_commit_on_b": "41bb40b96e1488ed68e73b8c63cd85296c239c10",
  "author_info_a": {
    "name": "g2vinay",
    "email": "vinay_work@hotmail.com"
  },
  "author_info_b": {
    "name": "Vinay Gera",
    "email": "vigera@microsoft.com"
  },
  "num_conflict_regions": 1,
  "conflict_region_spans": [
    {
      "conflict_id": 1,
      "a": {
        "start": 260,
        "end": 298
      },
      "base": {
        "start": 260,
        "end": 302
      },
      "b": {
        "start": 260,
        "end": 280
      }
    }
  ]
}