{
  "repository_origin_url": "https://github.com/azure/azure-sdk-for-java",
  "commit_id": "ec156fbc2add6f2897a9e726aa6b61895b1f6e29",
  "commit_date": "Tue, 23 Mar 2021 16:02:36 -0700",
  "commit_message": "Add boolean to not close multiple times.\n\n",
  "conflict_file_id": 57,
  "filename": "sdk/core/azure-core-amqp/src/main/java/com/azure/core/amqp/implementation/handler/SendLinkHandler.java",
  "last_commit_on_a": "33fed4a1ef3f90d5576570f3b9f92bd5a4934106",
  "last_commit_on_b": "233c0f765cf7411440abd40dd2d90585723a8ba4",
  "author_info_a": {
    "name": "Connie",
    "email": "conniey@microsoft.com"
  },
  "author_info_b": {
    "name": "Connie Yau",
    "email": "conniey@microsoft.com"
  },
  "num_conflict_regions": 2,
  "conflict_region_spans": [
    {
      "conflict_id": 1,
      "a": {
        "start": 22,
        "end": 23
      },
      "base": {
        "start": 22,
        "end": 22
      },
      "b": {
        "start": 22,
        "end": 23
      }
    },
    {
      "conflict_id": 2,
      "a": {
        "start": 46,
        "end": 51
      },
      "base": {
        "start": 45,
        "end": 50
      },
      "b": {
        "start": 46,
        "end": 51
      }
    }
  ]
}