{
  "repository_origin_url": "https://github.com/azure/azure-sdk-for-java",
  "commit_id": "ec156fbc2add6f2897a9e726aa6b61895b1f6e29",
  "commit_date": "Tue, 30 Mar 2021 10:30:16 -0700",
  "commit_message": "Fixing weirdness with RequestResponseChannel because we merged the endpoint states\n\n",
  "conflict_file_id": 58,
  "filename": "sdk/core/azure-core-amqp/src/main/java/com/azure/core/amqp/implementation/handler/Handler.java",
  "last_commit_on_a": "262cc789ee2c52e6691c5e6659d0193512f37d35",
  "last_commit_on_b": "233c0f765cf7411440abd40dd2d90585723a8ba4",
  "author_info_a": {
    "name": "Connie",
    "email": "conniey@microsoft.com"
  },
  "author_info_b": {
    "name": "Connie Yau",
    "email": "conniey@microsoft.com"
  },
  "num_conflict_regions": 2,
  "conflict_region_spans": [
    {
      "conflict_id": 1,
      "a": {
        "start": 83,
        "end": 87
      },
      "base": {
        "start": 83,
        "end": 83
      },
      "b": {
        "start": 83,
        "end": 95
      }
    },
    {
      "conflict_id": 2,
      "a": {
        "start": 134,
        "end": 136
      },
      "base": {
        "start": 130,
        "end": 132
      },
      "b": {
        "start": 142,
        "end": 143
      }
    }
  ]
}