{
  "repository_origin_url": "https://github.com/azure/azure-sdk-for-java",
  "commit_id": "ec156fbc2add6f2897a9e726aa6b61895b1f6e29",
  "commit_date": "Thu, 25 Mar 2021 11:03:15 -0700",
  "commit_message": "Do not publish on boundedElastic.\n\n",
  "conflict_file_id": 59,
  "filename": "sdk/core/azure-core-amqp/src/main/java/com/azure/core/amqp/implementation/handler/ReceiveLinkHandler.java",
  "last_commit_on_a": "f59f1e72e3462bca1280d2473202c35512cde04c",
  "last_commit_on_b": "233c0f765cf7411440abd40dd2d90585723a8ba4",
  "author_info_a": {
    "name": "Connie",
    "email": "conniey@microsoft.com"
  },
  "author_info_b": {
    "name": "Connie Yau",
    "email": "conniey@microsoft.com"
  },
  "num_conflict_regions": 3,
  "conflict_region_spans": [
    {
      "conflict_id": 1,
      "a": {
        "start": 25,
        "end": 27
      },
      "base": {
        "start": 25,
        "end": 26
      },
      "b": {
        "start": 25,
        "end": 27
      }
    },
    {
      "conflict_id": 2,
      "a": {
        "start": 41,
        "end": 43
      },
      "base": {
        "start": 40,
        "end": 41
      },
      "b": {
        "start": 41,
        "end": 42
      }
    },
    {
      "conflict_id": 3,
      "a": {
        "start": 47,
        "end": 51
      },
      "base": {
        "start": 45,
        "end": 45
      },
      "b": {
        "start": 46,
        "end": 50
      }
    }
  ]
}