{
  "repository_origin_url": "https://github.com/azure/azure-sdk-for-java",
  "commit_id": "ec156fbc2add6f2897a9e726aa6b61895b1f6e29",
  "commit_date": "Fri, 26 Mar 2021 17:21:23 -0700",
  "commit_message": "Fixing checkstyle issues.\n\n",
  "conflict_file_id": 60,
  "filename": "sdk/core/azure-core-amqp/src/main/java/com/azure/core/amqp/implementation/ReactorSender.java",
  "last_commit_on_a": "1655f58db4815390dc831700b0586edb299b89e0",
  "last_commit_on_b": "233c0f765cf7411440abd40dd2d90585723a8ba4",
  "author_info_a": {
    "name": "Connie",
    "email": "conniey@microsoft.com"
  },
  "author_info_b": {
    "name": "Connie Yau",
    "email": "conniey@microsoft.com"
  },
  "num_conflict_regions": 2,
  "conflict_region_spans": [
    {
      "conflict_id": 1,
      "a": {
        "start": 135,
        "end": 137
      },
      "base": {
        "start": 135,
        "end": 137
      },
      "b": {
        "start": 135,
        "end": 137
      }
    },
    {
      "conflict_id": 2,
      "a": {
        "start": 151,
        "end": 167
      },
      "base": {
        "start": 151,
        "end": 162
      },
      "b": {
        "start": 151,
        "end": 166
      }
    }
  ]
}