{
  "repository_origin_url": "https://github.com/azure/azure-sdk-for-java",
  "commit_id": "ec156fbc2add6f2897a9e726aa6b61895b1f6e29",
  "commit_date": "Fri, 26 Mar 2021 16:03:12 -0700",
  "commit_message": "Fixing test breaks in azure-core-amqp\n\n",
  "conflict_file_id": 61,
  "filename": "sdk/core/azure-core-amqp/src/test/java/com/azure/core/amqp/implementation/ReactorReceiverTest.java",
  "last_commit_on_a": "3bde536506776a03eb808ee7efcb86836bc29317",
  "last_commit_on_b": "233c0f765cf7411440abd40dd2d90585723a8ba4",
  "author_info_a": {
    "name": "Connie",
    "email": "conniey@microsoft.com"
  },
  "author_info_b": {
    "name": "Connie Yau",
    "email": "conniey@microsoft.com"
  },
  "num_conflict_regions": 11,
  "conflict_region_spans": [
    {
      "conflict_id": 1,
      "a": {
        "start": 13,
        "end": 14
      },
      "base": {
        "start": 13,
        "end": 13
      },
      "b": {
        "start": 13,
        "end": 16
      }
    },
    {
      "conflict_id": 2,
      "a": {
        "start": 46,
        "end": 48
      },
      "base": {
        "start": 45,
        "end": 46
      },
      "b": {
        "start": 48,
        "end": 48
      }
    },
    {
      "conflict_id": 3,
      "a": {
        "start": 75,
        "end": 77
      },
      "base": {
        "start": 73,
        "end": 73
      },
      "b": {
        "start": 75,
        "end": 77
      }
    },
    {
      "conflict_id": 4,
      "a": {
        "start": 78,
        "end": 81
      },
      "base": {
        "start": 74,
        "end": 77
      },
      "b": {
        "start": 78,
        "end": 79
      }
    },
    {
      "conflict_id": 5,
      "a": {
        "start": 134,
        "end": 135
      },
      "base": {
        "start": 130,
        "end": 131
      },
      "b": {
        "start": 132,
        "end": 132
      }
    },
    {
      "conflict_id": 6,
      "a": {
        "start": 136,
        "end": 143
      },
      "base": {
        "start": 132,
        "end": 137
      },
      "b": {
        "start": 133,
        "end": 138
      }
    },
    {
      "conflict_id": 7,
      "a": {
        "start": 144,
        "end": 146
      },
      "base": {
        "start": 138,
        "end": 140
      },
      "b": {
        "start": 139,
        "end": 141
      }
    },
    {
      "conflict_id": 8,
      "a": {
        "start": 300,
        "end": 520
      },
      "base": {
        "start": 294,
        "end": 296
      },
      "b": {
        "start": 295,
        "end": 298
      }
    },
    {
      "conflict_id": 9,
      "a": {
        "start": 521,
        "end": 522
      },
      "base": {
        "start": 297,
        "end": 299
      },
      "b": {
        "start": 299,
        "end": 304
      }
    },
    {
      "conflict_id": 10,
      "a": {
        "start": 523,
        "end": 524
      },
      "base": {
        "start": 300,
        "end": 302
      },
      "b": {
        "start": 305,
        "end": 310
      }
    },
    {
      "conflict_id": 11,
      "a": {
        "start": 525,
        "end": 526
      },
      "base": {
        "start": 303,
        "end": 304
      },
      "b": {
        "start": 311,
        "end": 330
      }
    }
  ]
}