{
  "repository_origin_url": "https://github.com/azure/azure-sdk-for-java",
  "commit_id": "ec156fbc2add6f2897a9e726aa6b61895b1f6e29",
  "commit_date": "Tue, 23 Mar 2021 13:07:43 -0700",
  "commit_message": "Fixing back to publishOn\n\n",
  "conflict_file_id": 62,
  "filename": "sdk/eventhubs/azure-messaging-eventhubs/src/test/java/com/azure/messaging/eventhubs/EventHubConsumerAsyncClientTest.java",
  "last_commit_on_a": "a5e187b9cb535208e66236af80359502b1b91d0b",
  "last_commit_on_b": "233c0f765cf7411440abd40dd2d90585723a8ba4",
  "author_info_a": {
    "name": "Connie",
    "email": "conniey@microsoft.com"
  },
  "author_info_b": {
    "name": "Connie Yau",
    "email": "conniey@microsoft.com"
  },
  "num_conflict_regions": 1,
  "conflict_region_spans": [
    {
      "conflict_id": 1,
      "a": {
        "start": 125,
        "end": 128
      },
      "base": {
        "start": 125,
        "end": 127
      },
      "b": {
        "start": 125,
        "end": 128
      }
    }
  ]
}