{
  "repository_origin_url": "https://github.com/azure/azure-sdk-for-java",
  "commit_id": "ec156fbc2add6f2897a9e726aa6b61895b1f6e29",
  "commit_date": "Thu, 25 Mar 2021 08:59:54 -0700",
  "commit_message": "Add dequeueInProgress to align with Track 1 in ReactorDispatcher\n\n",
  "conflict_file_id": 63,
  "filename": "sdk/core/azure-core-amqp/src/main/java/com/azure/core/amqp/implementation/ReactorDispatcher.java",
  "last_commit_on_a": "52acd2da7def976aa0a8a2b52dc9bf12bb62df2c",
  "last_commit_on_b": "233c0f765cf7411440abd40dd2d90585723a8ba4",
  "author_info_a": {
    "name": "Connie",
    "email": "conniey@microsoft.com"
  },
  "author_info_b": {
    "name": "Connie Yau",
    "email": "conniey@microsoft.com"
  },
  "num_conflict_regions": 5,
  "conflict_region_spans": [
    {
      "conflict_id": 1,
      "a": {
        "start": 20,
        "end": 21
      },
      "base": {
        "start": 20,
        "end": 20
      },
      "b": {
        "start": 20,
        "end": 21
      }
    },
    {
      "conflict_id": 2,
      "a": {
        "start": 46,
        "end": 47
      },
      "base": {
        "start": 45,
        "end": 45
      },
      "b": {
        "start": 46,
        "end": 47
      }
    },
    {
      "conflict_id": 3,
      "a": {
        "start": 118,
        "end": 136
      },
      "base": {
        "start": 116,
        "end": 128
      },
      "b": {
        "start": 118,
        "end": 123
      }
    },
    {
      "conflict_id": 4,
      "a": {
        "start": 137,
        "end": 144
      },
      "base": {
        "start": 129,
        "end": 135
      },
      "b": {
        "start": 124,
        "end": 139
      }
    },
    {
      "conflict_id": 5,
      "a": {
        "start": 145,
        "end": 147
      },
      "base": {
        "start": 136,
        "end": 136
      },
      "b": {
        "start": 140,
        "end": 153
      }
    }
  ]
}