{
  "repository_origin_url": "https://github.com/azure/azure-sdk-for-java",
  "commit_id": "ec156fbc2add6f2897a9e726aa6b61895b1f6e29",
  "commit_date": "Sun, 21 Mar 2021 20:06:00 -0700",
  "commit_message": "Fix test failures.\n\n",
  "conflict_file_id": 64,
  "filename": "sdk/core/azure-core-amqp/src/test/java/com/azure/core/amqp/implementation/ReactorSenderTest.java",
  "last_commit_on_a": "a0c4cf205948954610bf01e135f2409174718a19",
  "last_commit_on_b": "233c0f765cf7411440abd40dd2d90585723a8ba4",
  "author_info_a": {
    "name": "Connie",
    "email": "conniey@microsoft.com"
  },
  "author_info_b": {
    "name": "Connie Yau",
    "email": "conniey@microsoft.com"
  },
  "num_conflict_regions": 5,
  "conflict_region_spans": [
    {
      "conflict_id": 1,
      "a": {
        "start": 10,
        "end": 12
      },
      "base": {
        "start": 10,
        "end": 10
      },
      "b": {
        "start": 10,
        "end": 12
      }
    },
    {
      "conflict_id": 2,
      "a": {
        "start": 47,
        "end": 49
      },
      "base": {
        "start": 45,
        "end": 46
      },
      "b": {
        "start": 47,
        "end": 47
      }
    },
    {
      "conflict_id": 3,
      "a": {
        "start": 57,
        "end": 59
      },
      "base": {
        "start": 54,
        "end": 54
      },
      "b": {
        "start": 55,
        "end": 56
      }
    },
    {
      "conflict_id": 4,
      "a": {
        "start": 134,
        "end": 149
      },
      "base": {
        "start": 129,
        "end": 146
      },
      "b": {
        "start": 131,
        "end": 132
      }
    },
    {
      "conflict_id": 5,
      "a": {
        "start": 337,
        "end": 596
      },
      "base": {
        "start": 334,
        "end": 334
      },
      "b": {
        "start": 320,
        "end": 365
      }
    }
  ]
}