{
  "repository_origin_url": "https://github.com/azure/azure-sdk-for-java",
  "commit_id": "ec156fbc2add6f2897a9e726aa6b61895b1f6e29",
  "commit_date": "Fri, 26 Mar 2021 17:21:23 -0700",
  "commit_message": "Fixing checkstyle issues.\n\n",
  "conflict_file_id": 65,
  "filename": "sdk/core/azure-core-amqp/src/main/java/com/azure/core/amqp/implementation/ReactorReceiver.java",
  "last_commit_on_a": "1655f58db4815390dc831700b0586edb299b89e0",
  "last_commit_on_b": "233c0f765cf7411440abd40dd2d90585723a8ba4",
  "author_info_a": {
    "name": "Connie",
    "email": "conniey@microsoft.com"
  },
  "author_info_b": {
    "name": "Connie Yau",
    "email": "conniey@microsoft.com"
  },
  "num_conflict_regions": 6,
  "conflict_region_spans": [
    {
      "conflict_id": 1,
      "a": {
        "start": 8,
        "end": 10
      },
      "base": {
        "start": 8,
        "end": 8
      },
      "b": {
        "start": 8,
        "end": 9
      }
    },
    {
      "conflict_id": 2,
      "a": {
        "start": 99,
        "end": 101
      },
      "base": {
        "start": 97,
        "end": 99
      },
      "b": {
        "start": 98,
        "end": 100
      }
    },
    {
      "conflict_id": 3,
      "a": {
        "start": 123,
        "end": 149
      },
      "base": {
        "start": 121,
        "end": 130
      },
      "b": {
        "start": 122,
        "end": 136
      }
    },
    {
      "conflict_id": 4,
      "a": {
        "start": 217,
        "end": 228
      },
      "base": {
        "start": 198,
        "end": 211
      },
      "b": {
        "start": 204,
        "end": 219
      }
    },
    {
      "conflict_id": 5,
      "a": {
        "start": 241,
        "end": 245
      },
      "base": {
        "start": 224,
        "end": 226
      },
      "b": {
        "start": 232,
        "end": 234
      }
    },
    {
      "conflict_id": 6,
      "a": {
        "start": 256,
        "end": 265
      },
      "base": {
        "start": 237,
        "end": 246
      },
      "b": {
        "start": 245,
        "end": 257
      }
    }
  ]
}