{
  "repository_origin_url": "https://github.com/azure/azure-sdk-for-java",
  "commit_id": "1f4fa97701e460cea63446efebedde5e5cb3f93d",
  "commit_date": "Thu, 25 Mar 2021 16:41:01 -0700",
  "commit_message": "Fix compile issue\n\n",
  "conflict_file_id": 66,
  "filename": "sdk/communication/azure-communication-sms/src/test/java/com/azure/communication/sms/SmsAsyncClientTests.java",
  "last_commit_on_a": "5692cdb29907545993733adc30e4d4798f7a3fe3",
  "last_commit_on_b": "221def1ebf3ae2795293b8f4dcda47415e895e16",
  "author_info_a": {
    "name": "sacheu",
    "email": "sacheu@microsoft.com"
  },
  "author_info_b": {
    "name": "ankitarorabit",
    "email": "48968483+ankitarorabit@users.noreply.github.com"
  },
  "num_conflict_regions": 1,
  "conflict_region_spans": [
    {
      "conflict_id": 1,
      "a": {
        "start": 14,
        "end": 18
      },
      "base": {
        "start": 14,
        "end": 14
      },
      "b": {
        "start": 14,
        "end": 15
      }
    }
  ]
}