{
  "repository_origin_url": "https://github.com/azure/azure-sdk-for-java",
  "commit_id": "a46ca3d87d05c9757ef13514686ee451c2ca5949",
  "commit_date": "Thu, 28 Jan 2021 22:56:48 +0000",
  "commit_message": "Merge branch 'master' of https://github.com/Azure/azure-sdk-for-java into users/fabianm/mergemastertosparkfeaturebranch\n\n",
  "conflict_file_id": 67,
  "filename": "sdk/cosmos/azure-cosmos/src/test/java/com/azure/cosmos/implementation/SpyClientUnderTestFactory.java",
  "last_commit_on_a": "d3f5b6a33b7c01a27735901eefa35e1e20399611",
  "last_commit_on_b": "4f495a53a3a92022d7576fa6bd884d3b383ed8c8",
  "author_info_a": {
    "name": "Fabian Meiswinkel",
    "email": "fabian@meiswinkel.com"
  },
  "author_info_b": {
    "name": "Fabian Meiswinkel",
    "email": "fabianm@microsoft.com"
  },
  "num_conflict_regions": 3,
  "conflict_region_spans": [
    {
      "conflict_id": 1,
      "a": {
        "start": 37,
        "end": 39
      },
      "base": {
        "start": 37,
        "end": 43
      },
      "b": {
        "start": 37,
        "end": 43
      }
    },
    {
      "conflict_id": 2,
      "a": {
        "start": 60,
        "end": 63
      },
      "base": {
        "start": 64,
        "end": 70
      },
      "b": {
        "start": 64,
        "end": 70
      }
    },
    {
      "conflict_id": 3,
      "a": {
        "start": 122,
        "end": 125
      },
      "base": {
        "start": 129,
        "end": 135
      },
      "b": {
        "start": 129,
        "end": 135
      }
    }
  ]
}