{
  "repository_origin_url": "https://github.com/azure/azure-sdk-for-java",
  "commit_id": "a46ca3d87d05c9757ef13514686ee451c2ca5949",
  "commit_date": "Thu, 4 Mar 2021 11:55:43 -0800",
  "commit_message": "merge master to spark30\n\n",
  "conflict_file_id": 68,
  "filename": "sdk/cosmos/azure-cosmos/src/main/java/com/azure/cosmos/implementation/AsyncDocumentClient.java",
  "last_commit_on_a": "4e9c357464e4602510c6696e841c01f85e2966db",
  "last_commit_on_b": "9b585e22bed27bb2f5267141a0e23f288e07ab3b",
  "author_info_a": {
    "name": "annie-mac",
    "email": "annie-mac@s-pkges.redmond.corp.microsoft.com"
  },
  "author_info_b": {
    "name": "Naveen Singh",
    "email": "simplynaveen20@gmail.com"
  },
  "num_conflict_regions": 1,
  "conflict_region_spans": [
    {
      "conflict_id": 1,
      "a": {
        "start": 241,
        "end": 242
      },
      "base": {
        "start": 241,
        "end": 242
      },
      "b": {
        "start": 241,
        "end": 242
      }
    }
  ]
}