{
  "repository_origin_url": "https://github.com/azure/azure-sdk-for-java",
  "commit_id": "f15061aced573f8b65f627ca8976b0dc6dfd811a",
  "commit_date": "Thu, 8 Oct 2020 02:58:41 -0500",
  "commit_message": "Merged master.\n\n",
  "conflict_file_id": 6,
  "filename": "sdk/keyvault/azure-security-keyvault-keys/src/main/java/com/azure/security/keyvault/keys/cryptography/KeyEncryptionKeyClientBuilder.java",
  "last_commit_on_a": "31dd22446e98706a52b6701e4a46c0ee3a383c06",
  "last_commit_on_b": "1ead73b6d6bbeeb8779c4fe38f3857a6255cf324",
  "author_info_a": {
    "name": "Victor Colin Amador",
    "email": "victor.y.asi@gmail.com"
  },
  "author_info_b": {
    "name": "vcolin7",
    "email": "vicolina@microsoft.com"
  },
  "num_conflict_regions": 2,
  "conflict_region_spans": [
    {
      "conflict_id": 1,
      "a": {
        "start": 121,
        "end": 122
      },
      "base": {
        "start": 121,
        "end": 122
      },
      "b": {
        "start": 121,
        "end": 123
      }
    },
    {
      "conflict_id": 2,
      "a": {
        "start": 296,
        "end": 296
      },
      "base": {
        "start": 296,
        "end": 311
      },
      "b": {
        "start": 297,
        "end": 315
      }
    }
  ]
}