{
  "repository_origin_url": "https://github.com/azure/azure-sdk-for-java",
  "commit_id": "a46ca3d87d05c9757ef13514686ee451c2ca5949",
  "commit_date": "Thu, 4 Mar 2021 11:55:43 -0800",
  "commit_message": "merge master to spark30\n\n",
  "conflict_file_id": 70,
  "filename": "sdk/cosmos/azure-cosmos/src/main/java/com/azure/cosmos/CosmosAsyncClient.java",
  "last_commit_on_a": "4e9c357464e4602510c6696e841c01f85e2966db",
  "last_commit_on_b": "8e581dc9e92c5d321513b73859fd16803a87d1a5",
  "author_info_a": {
    "name": "annie-mac",
    "email": "annie-mac@s-pkges.redmond.corp.microsoft.com"
  },
  "author_info_b": {
    "name": "Annie Liang",
    "email": "64233642+xinlian12@users.noreply.github.com"
  },
  "num_conflict_regions": 1,
  "conflict_region_spans": [
    {
      "conflict_id": 1,
      "a": {
        "start": 121,
        "end": 122
      },
      "base": {
        "start": 121,
        "end": 121
      },
      "b": {
        "start": 121,
        "end": 122
      }
    }
  ]
}