{
  "repository_origin_url": "https://github.com/azure/azure-sdk-for-java",
  "commit_id": "a46ca3d87d05c9757ef13514686ee451c2ca5949",
  "commit_date": "Thu, 28 Jan 2021 22:56:48 +0000",
  "commit_message": "Merge branch 'master' of https://github.com/Azure/azure-sdk-for-java into users/fabianm/mergemastertosparkfeaturebranch\n\n",
  "conflict_file_id": 72,
  "filename": "sdk/cosmos/azure-cosmos/src/main/java/com/azure/cosmos/implementation/DocumentCollection.java",
  "last_commit_on_a": "d3f5b6a33b7c01a27735901eefa35e1e20399611",
  "last_commit_on_b": "9b585e22bed27bb2f5267141a0e23f288e07ab3b",
  "author_info_a": {
    "name": "Fabian Meiswinkel",
    "email": "fabian@meiswinkel.com"
  },
  "author_info_b": {
    "name": "Naveen Singh",
    "email": "simplynaveen20@gmail.com"
  },
  "num_conflict_regions": 1,
  "conflict_region_spans": [
    {
      "conflict_id": 1,
      "a": {
        "start": 7,
        "end": 8
      },
      "base": {
        "start": 7,
        "end": 7
      },
      "b": {
        "start": 7,
        "end": 8
      }
    }
  ]
}