{
  "repository_origin_url": "https://github.com/azure/azure-sdk-for-java",
  "commit_id": "a46ca3d87d05c9757ef13514686ee451c2ca5949",
  "commit_date": "Mon, 4 Jan 2021 15:52:20 -0800",
  "commit_message": "Spark3: foundation for broadcasting CosmosClient Cache from Spark Driver and re-use the caches in the Spark Executor. (#18184)\nThis PR provides the foundation for broadcasting cosmos client cache (for now only CollectionCache) in a spark cluster.\n\n**importance:**\nin a spark cluster spark driver JVm and spark executor JVMs running on different machines each will have a cosmos-client.\nWhen a spark driver orchestrate a spark job, new executors will be assigned and that requires instantiating CosmosClients on the executor JVMs. CosmosClient bootstrapping consumes master resource budget and hence very quickly we will get master resource RU throttled.\n\nThis PR provides the foundation of capturing a snapshot of the CosmosClient collection cache from the spark driver and broadcasts it to all executor, hence all executors can re-use the pre-populated collection cache from driver.\n\nFor now only we support collection-cache broadcast.\n\nTODO:\n- Later we will add support for broadcasting DatabaseAccount info (GlobalEndpoint Manager)\n- PartitionKeyRangeCache\n- AddressCache\n",
  "conflict_file_id": 73,
  "filename": "sdk/cosmos/azure-cosmos/src/test/java/com/azure/cosmos/implementation/RxDocumentClientUnderTest.java",
  "last_commit_on_a": "97697f8e9b27d5d1906310b48a3776e08bd96021",
  "last_commit_on_b": "4f495a53a3a92022d7576fa6bd884d3b383ed8c8",
  "author_info_a": {
    "name": "Mohammad Derakhshani",
    "email": "moderakh@users.noreply.github.com"
  },
  "author_info_b": {
    "name": "Fabian Meiswinkel",
    "email": "fabianm@microsoft.com"
  },
  "num_conflict_regions": 1,
  "conflict_region_spans": [
    {
      "conflict_id": 1,
      "a": {
        "start": 41,
        "end": 43
      },
      "base": {
        "start": 41,
        "end": 44
      },
      "b": {
        "start": 41,
        "end": 44
      }
    }
  ]
}