{
  "repository_origin_url": "https://github.com/azure/azure-sdk-for-java",
  "commit_id": "a46ca3d87d05c9757ef13514686ee451c2ca5949",
  "commit_date": "Tue, 16 Mar 2021 09:41:33 +0000",
  "commit_message": "MicroBatch support for ChangeFeed DataSource (#19697)\n* Snapshot\n\n* snapshot\n\n* Iterating on MicroBatch\n\n* Microbatch with most existing tests passing\n\n* Clean-up\n\n* Only return non-null latestOffset when the endoffset is different than the startOffset\n\n* Clean-up and test fixes\n\n* Fix for SpotBug and test regression\n\n* Remaining unit tests (micro batch still in progress)\n\n* Fixes for Micro Batch test\n\n* Fixing Build Warnings\n\n* Fixing build warning in ChangeFeedStateTest.java\n\n* Test fixes\n\n* Adding step to install Hadoop for CI machines\n\n* Trying to fix Build Analyze failure\n\n* NIT Test fix\n\n* Adding Ingestion Sample and fixing Client Telemetry Deserialization\n\n* Merging with Throughput Control PR\n\n* Merging with ThroughputControl PR\n\n* Adding Rowconverter test for _lsn\n\n* YML file fix\n\n* Reverting yml file\n\n* Updating cosmos-sdk-client.yml to install Hadoop winutils\n\n* Update cosmos-sdk-client.yml\n\n* For hadoop installation change the PATH env variable in Machine scope instead of user scope\n\n* Setting HADOOP_HOME env variable correctly\n\n* Fix in SparkBridgeInternal\n\n* Switching to user-level env variables\n\n* Adding external depdency for commons-io\n\n* Adding external dependency for commons-io\n\n* Setting Hadoop home directory via Java system property\n\n* Adding haddop system property to argLine\n\n* Update cosmos-sdk-client.yml\n\n* Update cosmos-emulator-matrix.json\n\n* Hack to copy binaries to folder visible on path\n",
  "conflict_file_id": 74,
  "filename": "sdk/cosmos/azure-cosmos/src/main/java/com/azure/cosmos/CosmosAsyncContainer.java",
  "last_commit_on_a": "3b77a8d9f8bc4093a69dc0c0d605388c6b3b96a7",
  "last_commit_on_b": "9b585e22bed27bb2f5267141a0e23f288e07ab3b",
  "author_info_a": {
    "name": "Fabian Meiswinkel",
    "email": "fabianm@microsoft.com"
  },
  "author_info_b": {
    "name": "Naveen Singh",
    "email": "simplynaveen20@gmail.com"
  },
  "num_conflict_regions": 1,
  "conflict_region_spans": [
    {
      "conflict_id": 1,
      "a": {
        "start": 27,
        "end": 29
      },
      "base": {
        "start": 27,
        "end": 28
      },
      "b": {
        "start": 27,
        "end": 27
      }
    }
  ]
}