{
  "repository_origin_url": "https://github.com/azure/azure-sdk-for-java",
  "commit_id": "2c8bd80d1336ea514939b361be751a588425d287",
  "commit_date": "Wed, 16 Oct 2019 16:55:52 -0700",
  "commit_message": "artifact updates (#5878)\nKv artifact updates\n",
  "conflict_file_id": 76,
  "filename": "sdk/keyvault/azure-security-keyvault-keys/src/main/java/com/azure/security/keyvault/keys/cryptography/AlgorithmResolver.java",
  "last_commit_on_a": "51b9c0132b0c4619bf500db712210ed0a9661e0c",
  "last_commit_on_b": "1438fdbee9ad97b047c4130a64151284699a713e",
  "author_info_a": {
    "name": "Vinay Gera",
    "email": "vigera@microsoft.com"
  },
  "author_info_b": {
    "name": "vcolin7",
    "email": "vicolina@microsoft.com"
  },
  "num_conflict_regions": 3,
  "conflict_region_spans": [
    {
      "conflict_id": 1,
      "a": {
        "start": 14,
        "end": 17
      },
      "base": {
        "start": 14,
        "end": 25
      },
      "b": {
        "start": 14,
        "end": 25
      }
    },
    {
      "conflict_id": 2,
      "a": {
        "start": 18,
        "end": 21
      },
      "base": {
        "start": 26,
        "end": 29
      },
      "b": {
        "start": 26,
        "end": 29
      }
    },
    {
      "conflict_id": 3,
      "a": {
        "start": 22,
        "end": 25
      },
      "base": {
        "start": 30,
        "end": 33
      },
      "b": {
        "start": 30,
        "end": 32
      }
    }
  ]
}