{
  "repository_origin_url": "https://github.com/azure/azure-sdk-for-java",
  "commit_id": "2c8bd80d1336ea514939b361be751a588425d287",
  "commit_date": "Thu, 24 Oct 2019 15:07:59 -0700",
  "commit_message": "Kv api updates preivew5 (#5910)\nKV Keys and Secrets API updates\n",
  "conflict_file_id": 77,
  "filename": "sdk/keyvault/azure-security-keyvault-keys/src/main/java/com/azure/security/keyvault/keys/cryptography/RsaKeyCryptographyClient.java",
  "last_commit_on_a": "c978dbcd535f8350cacacbf02e2186997d692dda",
  "last_commit_on_b": "f0cd8cf8a02269857283174eb539bf15ed02f02f",
  "author_info_a": {
    "name": "Vinay Gera",
    "email": "vigera@microsoft.com"
  },
  "author_info_b": {
    "name": "Connie Yau",
    "email": "conniey@microsoft.com"
  },
  "num_conflict_regions": 2,
  "conflict_region_spans": [
    {
      "conflict_id": 1,
      "a": {
        "start": 57,
        "end": 58
      },
      "base": {
        "start": 57,
        "end": 59
      },
      "b": {
        "start": 57,
        "end": 59
      }
    },
    {
      "conflict_id": 2,
      "a": {
        "start": 98,
        "end": 99
      },
      "base": {
        "start": 99,
        "end": 102
      },
      "b": {
        "start": 99,
        "end": 102
      }
    }
  ]
}