{
  "repository_origin_url": "https://github.com/azure/azure-sdk-for-java",
  "commit_id": "2c8bd80d1336ea514939b361be751a588425d287",
  "commit_date": "Thu, 24 Oct 2019 15:07:59 -0700",
  "commit_message": "Kv api updates preivew5 (#5910)\nKV Keys and Secrets API updates\n",
  "conflict_file_id": 78,
  "filename": "sdk/keyvault/azure-security-keyvault-keys/src/main/java/com/azure/security/keyvault/keys/cryptography/SymmetricKeyCryptographyClient.java",
  "last_commit_on_a": "c978dbcd535f8350cacacbf02e2186997d692dda",
  "last_commit_on_b": "1438fdbee9ad97b047c4130a64151284699a713e",
  "author_info_a": {
    "name": "Vinay Gera",
    "email": "vigera@microsoft.com"
  },
  "author_info_b": {
    "name": "vcolin7",
    "email": "vicolina@microsoft.com"
  },
  "num_conflict_regions": 4,
  "conflict_region_spans": [
    {
      "conflict_id": 1,
      "a": {
        "start": 23,
        "end": 23
      },
      "base": {
        "start": 23,
        "end": 26
      },
      "b": {
        "start": 23,
        "end": 25
      }
    },
    {
      "conflict_id": 2,
      "a": {
        "start": 49,
        "end": 51
      },
      "base": {
        "start": 52,
        "end": 105
      },
      "b": {
        "start": 51,
        "end": 108
      }
    },
    {
      "conflict_id": 3,
      "a": {
        "start": 54,
        "end": 57
      },
      "base": {
        "start": 108,
        "end": 146
      },
      "b": {
        "start": 111,
        "end": 157
      }
    },
    {
      "conflict_id": 4,
      "a": {
        "start": 149,
        "end": 149
      },
      "base": {
        "start": 238,
        "end": 253
      },
      "b": {
        "start": 249,
        "end": 273
      }
    }
  ]
}