{
  "repository_origin_url": "https://github.com/azure/azure-sdk-for-java",
  "commit_id": "2c8bd80d1336ea514939b361be751a588425d287",
  "commit_date": "Wed, 1 Apr 2020 23:12:27 -0700",
  "commit_message": "Add az namespace span attribute for Storage (#7733)\n\n",
  "conflict_file_id": 79,
  "filename": "sdk/keyvault/azure-security-keyvault-keys/src/main/java/com/azure/security/keyvault/keys/cryptography/CryptographyServiceClient.java",
  "last_commit_on_a": "3a3863726dd6742ba4c6a7e2839d7fd8239af129",
  "last_commit_on_b": "fdb49c9f7d93807dacd07f6ab869dba5852b95c8",
  "author_info_a": {
    "name": "Sameeksha Vaity",
    "email": "savaity@microsoft.com"
  },
  "author_info_b": {
    "name": "vcolin7",
    "email": "vicolina@microsoft.com"
  },
  "num_conflict_regions": 3,
  "conflict_region_spans": [
    {
      "conflict_id": 1,
      "a": {
        "start": 130,
        "end": 131
      },
      "base": {
        "start": 130,
        "end": 138
      },
      "b": {
        "start": 130,
        "end": 136
      }
    },
    {
      "conflict_id": 2,
      "a": {
        "start": 146,
        "end": 148
      },
      "base": {
        "start": 153,
        "end": 166
      },
      "b": {
        "start": 151,
        "end": 161
      }
    },
    {
      "conflict_id": 3,
      "a": {
        "start": 198,
        "end": 200
      },
      "base": {
        "start": 216,
        "end": 220
      },
      "b": {
        "start": 211,
        "end": 214
      }
    }
  ]
}