{
  "repository_origin_url": "https://github.com/azure/azure-sdk-for-java",
  "commit_id": "f15061aced573f8b65f627ca8976b0dc6dfd811a",
  "commit_date": "Thu, 8 Oct 2020 02:58:41 -0500",
  "commit_message": "Merged master.\n\n",
  "conflict_file_id": 7,
  "filename": "sdk/keyvault/azure-security-keyvault-keys/src/main/java/com/azure/security/keyvault/keys/cryptography/CryptographyClientBuilder.java",
  "last_commit_on_a": "31dd22446e98706a52b6701e4a46c0ee3a383c06",
  "last_commit_on_b": "1ead73b6d6bbeeb8779c4fe38f3857a6255cf324",
  "author_info_a": {
    "name": "Victor Colin Amador",
    "email": "victor.y.asi@gmail.com"
  },
  "author_info_b": {
    "name": "vcolin7",
    "email": "vicolina@microsoft.com"
  },
  "num_conflict_regions": 8,
  "conflict_region_spans": [
    {
      "conflict_id": 1,
      "a": {
        "start": 11,
        "end": 11
      },
      "base": {
        "start": 11,
        "end": 13
      },
      "b": {
        "start": 11,
        "end": 13
      }
    },
    {
      "conflict_id": 2,
      "a": {
        "start": 70,
        "end": 74
      },
      "base": {
        "start": 72,
        "end": 75
      },
      "b": {
        "start": 72,
        "end": 80
      }
    },
    {
      "conflict_id": 3,
      "a": {
        "start": 79,
        "end": 81
      },
      "base": {
        "start": 80,
        "end": 83
      },
      "b": {
        "start": 85,
        "end": 87
      }
    },
    {
      "conflict_id": 4,
      "a": {
        "start": 136,
        "end": 141
      },
      "base": {
        "start": 138,
        "end": 143
      },
      "b": {
        "start": 142,
        "end": 148
      }
    },
    {
      "conflict_id": 5,
      "a": {
        "start": 142,
        "end": 149
      },
      "base": {
        "start": 144,
        "end": 147
      },
      "b": {
        "start": 149,
        "end": 150
      }
    },
    {
      "conflict_id": 6,
      "a": {
        "start": 162,
        "end": 167
      },
      "base": {
        "start": 160,
        "end": 161
      },
      "b": {
        "start": 163,
        "end": 167
      }
    },
    {
      "conflict_id": 7,
      "a": {
        "start": 178,
        "end": 184
      },
      "base": {
        "start": 172,
        "end": 188
      },
      "b": {
        "start": 178,
        "end": 201
      }
    },
    {
      "conflict_id": 8,
      "a": {
        "start": 378,
        "end": 378
      },
      "base": {
        "start": 382,
        "end": 397
      },
      "b": {
        "start": 395,
        "end": 413
      }
    }
  ]
}