{
  "repository_origin_url": "https://github.com/azure/azure-sdk-for-java",
  "commit_id": "2c8bd80d1336ea514939b361be751a588425d287",
  "commit_date": "Wed, 6 Nov 2019 14:05:11 +1300",
  "commit_message": "Build and module improvements (#6080)\nBuild and modules cleanup.\n",
  "conflict_file_id": 80,
  "filename": "sdk/keyvault/azure-security-keyvault-keys/src/main/java/com/azure/security/keyvault/keys/cryptography/KeyOperationParameters.java",
  "last_commit_on_a": "6a6d10208856e63e1731fb057a463b342e64d9c0",
  "last_commit_on_b": "c24325cbe414e451c41982861a3f1f3aca93dfb4",
  "author_info_a": {
    "name": "Jonathan Giles",
    "email": "jonathan.giles@microsoft.com"
  },
  "author_info_b": {
    "name": "vcolin7",
    "email": "vicolina@microsoft.com"
  },
  "num_conflict_regions": 2,
  "conflict_region_spans": [
    {
      "conflict_id": 1,
      "a": {
        "start": 30,
        "end": 30
      },
      "base": {
        "start": 30,
        "end": 48
      },
      "b": {
        "start": 30,
        "end": 48
      }
    },
    {
      "conflict_id": 2,
      "a": {
        "start": 75,
        "end": 75
      },
      "base": {
        "start": 93,
        "end": 152
      },
      "b": {
        "start": 93,
        "end": 168
      }
    }
  ]
}