{
  "repository_origin_url": "https://github.com/azure/azure-sdk-for-java",
  "commit_id": "2c8bd80d1336ea514939b361be751a588425d287",
  "commit_date": "Thu, 11 Feb 2021 18:37:21 -0800",
  "commit_message": "Updated Key Vault libraries versions, CHANGELOGs and READMEs for February release. (#19199)\n* Updated Key Vault libraries versions all around. Updated CHANGELOGs and READMEs.\n\n* Made changes that were missing from the latest merge from master.\n\n* Added @ServiceMethod annotations to Key Vault clients for long running operations to follow checkstyle rules.\n",
  "conflict_file_id": 81,
  "filename": "sdk/keyvault/azure-security-keyvault-keys/src/main/java/com/azure/security/keyvault/keys/KeyAsyncClient.java",
  "last_commit_on_a": "a0326ca444093411771a7ef1f52f80c7cf90fdce",
  "last_commit_on_b": "fdb49c9f7d93807dacd07f6ab869dba5852b95c8",
  "author_info_a": {
    "name": "vcolin7",
    "email": "vicolina@microsoft.com"
  },
  "author_info_b": {
    "name": "vcolin7",
    "email": "vicolina@microsoft.com"
  },
  "num_conflict_regions": 1,
  "conflict_region_spans": [
    {
      "conflict_id": 1,
      "a": {
        "start": 504,
        "end": 504
      },
      "base": {
        "start": 504,
        "end": 597
      },
      "b": {
        "start": 504,
        "end": 597
      }
    }
  ]
}