{
  "repository_origin_url": "https://github.com/azure/azure-sdk-for-java",
  "commit_id": "582ab6c3a1c10a4ad9ec45714f527ef30649bae0",
  "commit_date": "Tue, 9 Feb 2021 18:46:27 -0800",
  "commit_message": "Prepare Form Recognizer Feb 2021 Patch release 3.0.5 (#19103)\n\n",
  "conflict_file_id": 83,
  "filename": "sdk/formrecognizer/azure-ai-formrecognizer/src/main/java/com/azure/ai/formrecognizer/FormRecognizerAsyncClient.java",
  "last_commit_on_a": "2b6ecd18d5ecdf0957a21044238c1b19cc3a3c5a",
  "last_commit_on_b": "f8cdccb633543d59015d65df3706c27169e13d05",
  "author_info_a": {
    "name": "Sameeksha Vaity",
    "email": "savaity@microsoft.com"
  },
  "author_info_b": {
    "name": "Sameeksha Vaity",
    "email": "savaity@microsoft.com"
  },
  "num_conflict_regions": 6,
  "conflict_region_spans": [
    {
      "conflict_id": 1,
      "a": {
        "start": 151,
        "end": 153
      },
      "base": {
        "start": 151,
        "end": 155
      },
      "b": {
        "start": 151,
        "end": 155
      }
    },
    {
      "conflict_id": 2,
      "a": {
        "start": 242,
        "end": 244
      },
      "base": {
        "start": 244,
        "end": 248
      },
      "b": {
        "start": 244,
        "end": 248
      }
    },
    {
      "conflict_id": 3,
      "a": {
        "start": 467,
        "end": 469
      },
      "base": {
        "start": 471,
        "end": 475
      },
      "b": {
        "start": 471,
        "end": 475
      }
    },
    {
      "conflict_id": 4,
      "a": {
        "start": 554,
        "end": 556
      },
      "base": {
        "start": 560,
        "end": 739
      },
      "b": {
        "start": 560,
        "end": 739
      }
    },
    {
      "conflict_id": 5,
      "a": {
        "start": 572,
        "end": 574
      },
      "base": {
        "start": 755,
        "end": 757
      },
      "b": {
        "start": 755,
        "end": 757
      }
    },
    {
      "conflict_id": 6,
      "a": {
        "start": 664,
        "end": 664
      },
      "base": {
        "start": 847,
        "end": 1024
      },
      "b": {
        "start": 847,
        "end": 1024
      }
    }
  ]
}