{
  "repository_origin_url": "https://github.com/azure/azure-sdk-for-java",
  "commit_id": "582ab6c3a1c10a4ad9ec45714f527ef30649bae0",
  "commit_date": "Thu, 20 Aug 2020 13:07:47 -0700",
  "commit_message": "Rename bounding box model to FieldBoundingBox (#14241)\n\n",
  "conflict_file_id": 85,
  "filename": "sdk/formrecognizer/azure-ai-formrecognizer/src/test/java/com/azure/ai/formrecognizer/FormTrainingAsyncClientTest.java",
  "last_commit_on_a": "a7c3acbd89d268dd085e05a28a8a87242dc2036e",
  "last_commit_on_b": "1c993ba91cadaf3a5143d7ff5270b8e507859d8c",
  "author_info_a": {
    "name": "Sameeksha Vaity",
    "email": "savaity@microsoft.com"
  },
  "author_info_b": {
    "name": "Sameeksha Vaity",
    "email": "savaity@microsoft.com"
  },
  "num_conflict_regions": 1,
  "conflict_region_spans": [
    {
      "conflict_id": 1,
      "a": {
        "start": 555,
        "end": 556
      },
      "base": {
        "start": 555,
        "end": 822
      },
      "b": {
        "start": 555,
        "end": 810
      }
    }
  ]
}