{
  "repository_origin_url": "https://github.com/azure/azure-sdk-for-java",
  "commit_id": "582ab6c3a1c10a4ad9ec45714f527ef30649bae0",
  "commit_date": "Tue, 11 Aug 2020 13:33:14 -0700",
  "commit_message": "Add support for per API configurable options (#13937)\n\n",
  "conflict_file_id": 86,
  "filename": "sdk/formrecognizer/azure-ai-formrecognizer/src/samples/java/com/azure/ai/formrecognizer/TrainModelWithLabelsAsync.java",
  "last_commit_on_a": "0c267f4b39f215ceb8c5403ee38f17f4c7000195",
  "last_commit_on_b": "4a948b80fc2635548f97064680f42ea8062b9231",
  "author_info_a": {
    "name": "Sameeksha Vaity",
    "email": "savaity@microsoft.com"
  },
  "author_info_b": {
    "name": "Shawn Fang",
    "email": "45607042+mssfang@users.noreply.github.com"
  },
  "num_conflict_regions": 1,
  "conflict_region_spans": [
    {
      "conflict_id": 1,
      "a": {
        "start": 40,
        "end": 41
      },
      "base": {
        "start": 40,
        "end": 45
      },
      "b": {
        "start": 40,
        "end": 44
      }
    }
  ]
}