{
  "repository_origin_url": "https://github.com/azure/azure-sdk-for-java",
  "commit_id": "582ab6c3a1c10a4ad9ec45714f527ef30649bae0",
  "commit_date": "Wed, 11 Nov 2020 15:18:39 -0800",
  "commit_message": "Fix error code\n\n",
  "conflict_file_id": 87,
  "filename": "sdk/formrecognizer/azure-ai-formrecognizer/src/test/java/com/azure/ai/formrecognizer/FormRecognizerAsyncClientTest.java",
  "last_commit_on_a": "c8bb8bfe75776aac67c3fd6a62f0bda5df295bc2",
  "last_commit_on_b": "1c993ba91cadaf3a5143d7ff5270b8e507859d8c",
  "author_info_a": {
    "name": "samvaity",
    "email": "savaity@microsoft.com"
  },
  "author_info_b": {
    "name": "Sameeksha Vaity",
    "email": "savaity@microsoft.com"
  },
  "num_conflict_regions": 2,
  "conflict_region_spans": [
    {
      "conflict_id": 1,
      "a": {
        "start": 117,
        "end": 124
      },
      "base": {
        "start": 117,
        "end": 124
      },
      "b": {
        "start": 117,
        "end": 124
      }
    },
    {
      "conflict_id": 2,
      "a": {
        "start": 1122,
        "end": 1122
      },
      "base": {
        "start": 1122,
        "end": 1658
      },
      "b": {
        "start": 1122,
        "end": 1660
      }
    }
  ]
}