{
  "repository_origin_url": "https://github.com/azure/azure-sdk-for-java",
  "commit_id": "582ab6c3a1c10a4ad9ec45714f527ef30649bae0",
  "commit_date": "Tue, 11 Aug 2020 13:33:14 -0700",
  "commit_message": "Add support for per API configurable options (#13937)\n\n",
  "conflict_file_id": 88,
  "filename": "sdk/formrecognizer/azure-ai-formrecognizer/src/main/java/com/azure/ai/formrecognizer/implementation/Utility.java",
  "last_commit_on_a": "0c267f4b39f215ceb8c5403ee38f17f4c7000195",
  "last_commit_on_b": "f8cdccb633543d59015d65df3706c27169e13d05",
  "author_info_a": {
    "name": "Sameeksha Vaity",
    "email": "savaity@microsoft.com"
  },
  "author_info_b": {
    "name": "Sameeksha Vaity",
    "email": "savaity@microsoft.com"
  },
  "num_conflict_regions": 2,
  "conflict_region_spans": [
    {
      "conflict_id": 1,
      "a": {
        "start": 6,
        "end": 7
      },
      "base": {
        "start": 6,
        "end": 7
      },
      "b": {
        "start": 6,
        "end": 8
      }
    },
    {
      "conflict_id": 2,
      "a": {
        "start": 218,
        "end": 218
      },
      "base": {
        "start": 218,
        "end": 233
      },
      "b": {
        "start": 219,
        "end": 234
      }
    }
  ]
}