{
  "repository_origin_url": "https://github.com/azure/azure-sdk-for-java",
  "commit_id": "582ab6c3a1c10a4ad9ec45714f527ef30649bae0",
  "commit_date": "Tue, 11 Aug 2020 13:33:14 -0700",
  "commit_message": "Add support for per API configurable options (#13937)\n\n",
  "conflict_file_id": 92,
  "filename": "sdk/formrecognizer/azure-ai-formrecognizer/src/samples/java/com/azure/ai/formrecognizer/FormTrainingClientJavaDocCodeSnippets.java",
  "last_commit_on_a": "0c267f4b39f215ceb8c5403ee38f17f4c7000195",
  "last_commit_on_b": "06be5b313e61bfb3a9f6469561035314ecddfe32",
  "author_info_a": {
    "name": "Sameeksha Vaity",
    "email": "savaity@microsoft.com"
  },
  "author_info_b": {
    "name": "Sameeksha Vaity",
    "email": "savaity@microsoft.com"
  },
  "num_conflict_regions": 1,
  "conflict_region_spans": [
    {
      "conflict_id": 1,
      "a": {
        "start": 286,
        "end": 286
      },
      "base": {
        "start": 286,
        "end": 336
      },
      "b": {
        "start": 286,
        "end": 336
      }
    }
  ]
}