{
  "repository_origin_url": "https://github.com/azure/azure-sdk-for-java",
  "commit_id": "32c8d2eed66affa37db194ed66e14dae6030b23a",
  "commit_date": "Wed, 11 Nov 2020 17:09:10 -0800",
  "commit_message": "rebased to afe7b5964710686a53aa5dbe6839d5429eab85db and upgrade to v5.0.0 (#13548) (#17496)\n* rebased to afe7b5964710686a53aa5dbe6839d5429eab85db and upgrade to v5.0.0\n",
  "conflict_file_id": 96,
  "filename": "sdk/textanalytics/azure-ai-textanalytics/src/test/java/com/azure/ai/textanalytics/TextAnalyticsClientTestBase.java",
  "last_commit_on_a": "86a6443b420c7033ce7523f22f948d94bdbf6fa2",
  "last_commit_on_b": "9536e5e104267610373c7c76a994f58d9b5f4365",
  "author_info_a": {
    "name": "Shawn Fang",
    "email": "45607042+mssfang@users.noreply.github.com"
  },
  "author_info_b": {
    "name": "Shawn Fang",
    "email": "45607042+mssfang@users.noreply.github.com"
  },
  "num_conflict_regions": 11,
  "conflict_region_spans": [
    {
      "conflict_id": 1,
      "a": {
        "start": 6,
        "end": 6
      },
      "base": {
        "start": 6,
        "end": 10
      },
      "b": {
        "start": 6,
        "end": 11
      }
    },
    {
      "conflict_id": 2,
      "a": {
        "start": 10,
        "end": 10
      },
      "base": {
        "start": 14,
        "end": 18
      },
      "b": {
        "start": 15,
        "end": 22
      }
    },
    {
      "conflict_id": 3,
      "a": {
        "start": 12,
        "end": 12
      },
      "base": {
        "start": 20,
        "end": 30
      },
      "b": {
        "start": 24,
        "end": 34
      }
    },
    {
      "conflict_id": 4,
      "a": {
        "start": 13,
        "end": 13
      },
      "base": {
        "start": 31,
        "end": 32
      },
      "b": {
        "start": 35,
        "end": 37
      }
    },
    {
      "conflict_id": 5,
      "a": {
        "start": 33,
        "end": 34
      },
      "base": {
        "start": 52,
        "end": 52
      },
      "b": {
        "start": 57,
        "end": 58
      }
    },
    {
      "conflict_id": 6,
      "a": {
        "start": 68,
        "end": 68
      },
      "base": {
        "start": 86,
        "end": 102
      },
      "b": {
        "start": 92,
        "end": 108
      }
    },
    {
      "conflict_id": 7,
      "a": {
        "start": 183,
        "end": 184
      },
      "base": {
        "start": 217,
        "end": 358
      },
      "b": {
        "start": 223,
        "end": 367
      }
    },
    {
      "conflict_id": 8,
      "a": {
        "start": 381,
        "end": 383
      },
      "base": {
        "start": 555,
        "end": 666
      },
      "b": {
        "start": 564,
        "end": 683
      }
    },
    {
      "conflict_id": 9,
      "a": {
        "start": 510,
        "end": 511
      },
      "base": {
        "start": 793,
        "end": 802
      },
      "b": {
        "start": 810,
        "end": 817
      }
    },
    {
      "conflict_id": 10,
      "a": {
        "start": 633,
        "end": 633
      },
      "base": {
        "start": 924,
        "end": 989
      },
      "b": {
        "start": 939,
        "end": 1005
      }
    },
    {
      "conflict_id": 11,
      "a": {
        "start": 644,
        "end": 646
      },
      "base": {
        "start": 1000,
        "end": 1149
      },
      "b": {
        "start": 1016,
        "end": 1211
      }
    }
  ]
}