{
  "repository_origin_url": "https://github.com/azure/azure-sdk-for-java",
  "commit_id": "32c8d2eed66affa37db194ed66e14dae6030b23a",
  "commit_date": "Wed, 11 Nov 2020 17:09:10 -0800",
  "commit_message": "rebased to afe7b5964710686a53aa5dbe6839d5429eab85db and upgrade to v5.0.0 (#13548) (#17496)\n* rebased to afe7b5964710686a53aa5dbe6839d5429eab85db and upgrade to v5.0.0\n",
  "conflict_file_id": 98,
  "filename": "sdk/textanalytics/azure-ai-textanalytics/src/main/java/com/azure/ai/textanalytics/RecognizeLinkedEntityAsyncClient.java",
  "last_commit_on_a": "86a6443b420c7033ce7523f22f948d94bdbf6fa2",
  "last_commit_on_b": "4a7de6ecc711743e44db5fa5263a1d794838ab27",
  "author_info_a": {
    "name": "Shawn Fang",
    "email": "45607042+mssfang@users.noreply.github.com"
  },
  "author_info_b": {
    "name": "Shawn Fang",
    "email": "45607042+mssfang@users.noreply.github.com"
  },
  "num_conflict_regions": 5,
  "conflict_region_spans": [
    {
      "conflict_id": 1,
      "a": {
        "start": 7,
        "end": 7
      },
      "base": {
        "start": 7,
        "end": 8
      },
      "b": {
        "start": 7,
        "end": 8
      }
    },
    {
      "conflict_id": 2,
      "a": {
        "start": 10,
        "end": 11
      },
      "base": {
        "start": 11,
        "end": 13
      },
      "b": {
        "start": 11,
        "end": 12
      }
    },
    {
      "conflict_id": 3,
      "a": {
        "start": 26,
        "end": 27
      },
      "base": {
        "start": 28,
        "end": 30
      },
      "b": {
        "start": 27,
        "end": 30
      }
    },
    {
      "conflict_id": 4,
      "a": {
        "start": 123,
        "end": 191
      },
      "base": {
        "start": 126,
        "end": 186
      },
      "b": {
        "start": 126,
        "end": 126
      }
    },
    {
      "conflict_id": 5,
      "a": {
        "start": 204,
        "end": 213
      },
      "base": {
        "start": 199,
        "end": 208
      },
      "b": {
        "start": 139,
        "end": 149
      }
    }
  ]
}